calendar_dt,store_id,target
2025-11-03,000fade4-e8dc-11ed-b10a-08c0eb31fffb,1.0
2025-11-10,000fade4-e8dc-11ed-b10a-08c0eb31fffb,1.0
2025-11-17,000fade4-e8dc-11ed-b10a-08c0eb31fffb,4.0
2025-11-03,0022f1b0-b8f8-11ee-b10b-08c0eb31fffb,1.0
2025-11-10,0022f1b0-b8f8-11ee-b10b-08c0eb31fffb,1.0
2025-11-17,0022f1b0-b8f8-11ee-b10b-08c0eb31fffb,0.0
2025-11-03,00440ac1-6a1d-11eb-85a3-1c34dae33151,1.0
2025-11-10,00440ac1-6a1d-11eb-85a3-1c34dae33151,2.0
2025-11-17,00440ac1-6a1d-11eb-85a3-1c34dae33151,1.0
2025-11-03,00442959-9671-11ec-ae6d-08c0eb320147,4.0
2025-11-10,00442959-9671-11ec-ae6d-08c0eb320147,5.0
2025-11-17,00442959-9671-11ec-ae6d-08c0eb320147,7.0
2025-11-03,00562194-569a-11ec-a0ee-ec0d9a21b021,1.0
2025-11-10,00562194-569a-11ec-a0ee-ec0d9a21b021,2.0
2025-11-17,00562194-569a-11ec-a0ee-ec0d9a21b021,4.0
2025-11-03,00872c4d-b7c8-11eb-85ab-1c34dae33151,3.0
2025-11-10,00872c4d-b7c8-11eb-85ab-1c34dae33151,6.0
2025-11-17,00872c4d-b7c8-11eb-85ab-1c34dae33151,2.0
2025-11-03,00c531ee-7d23-11ed-b970-08c0eb32008b,0.0
2025-11-10,00c531ee-7d23-11ed-b970-08c0eb32008b,10.0
2025-11-17,00c531ee-7d23-11ed-b970-08c0eb32008b,3.0
2025-11-03,00dad17e-50ee-11ef-b973-08c0eb32008b,0.0
2025-11-10,00dad17e-50ee-11ef-b973-08c0eb32008b,1.0
2025-11-17,00dad17e-50ee-11ef-b973-08c0eb32008b,3.0
2025-11-03,00f43499-3c96-11f0-9bb2-be3af2b6059f,0.0
2025-11-10,00f43499-3c96-11f0-9bb2-be3af2b6059f,3.0
2025-11-17,00f43499-3c96-11f0-9bb2-be3af2b6059f,2.0
2025-11-03,012f4970-7b40-11ef-ae7a-08c0eb320147,1.0
2025-11-10,012f4970-7b40-11ef-ae7a-08c0eb320147,3.0
2025-11-17,012f4970-7b40-11ef-ae7a-08c0eb320147,5.0
2025-11-03,0181305a-1ff8-11ee-b971-08c0eb32008b,1.0
2025-11-10,0181305a-1ff8-11ee-b971-08c0eb32008b,2.0
2025-11-17,0181305a-1ff8-11ee-b971-08c0eb32008b,1.0
2025-11-03,018c0434-f787-11ec-8859-08c0eb32014b,6.0
2025-11-10,018c0434-f787-11ec-8859-08c0eb32014b,7.0
2025-11-17,018c0434-f787-11ec-8859-08c0eb32014b,4.0
2025-11-03,01b61453-a759-11ef-8861-08c0eb32014b,0.0
2025-11-10,01b61453-a759-11ef-8861-08c0eb32014b,3.0
2025-11-17,01b61453-a759-11ef-8861-08c0eb32014b,7.0
2025-11-03,01bb6fcc-259c-11f0-9bb2-be3af2b6059f,2.0
2025-11-10,01bb6fcc-259c-11f0-9bb2-be3af2b6059f,2.0
2025-11-17,01bb6fcc-259c-11f0-9bb2-be3af2b6059f,2.0
2025-11-03,01ca88ce-d4a2-11ee-b973-08c0eb32008b,1.0
2025-11-10,01ca88ce-d4a2-11ee-b973-08c0eb32008b,1.0
2025-11-17,01ca88ce-d4a2-11ee-b973-08c0eb32008b,3.0
2025-11-03,01eca359-58f5-11ec-a0ee-ec0d9a21b021,1.0
2025-11-10,01eca359-58f5-11ec-a0ee-ec0d9a21b021,4.0
2025-11-17,01eca359-58f5-11ec-a0ee-ec0d9a21b021,6.0
2025-11-03,02074606-902a-11ee-ae7a-08c0eb320147,4.0
2025-11-10,02074606-902a-11ee-ae7a-08c0eb320147,7.0
2025-11-17,02074606-902a-11ee-ae7a-08c0eb320147,5.0
2025-11-03,0227a677-37f9-11ec-85ad-1c34dae33151,0.0
2025-11-10,0227a677-37f9-11ec-85ad-1c34dae33151,0.0
2025-11-17,0227a677-37f9-11ec-85ad-1c34dae33151,2.0
2025-11-03,02368921-d0b0-11ee-ae7a-08c0eb320147,0.0
2025-11-10,02368921-d0b0-11ee-ae7a-08c0eb320147,4.0
2025-11-17,02368921-d0b0-11ee-ae7a-08c0eb320147,2.0
2025-11-03,024e651c-5832-11ec-85ad-1c34dae33151,3.0
2025-11-10,024e651c-5832-11ec-85ad-1c34dae33151,2.0
2025-11-17,024e651c-5832-11ec-85ad-1c34dae33151,2.0
2025-11-03,02787feb-3497-11f0-9bb2-be3af2b6059f,2.0
2025-11-10,02787feb-3497-11f0-9bb2-be3af2b6059f,3.0
2025-11-17,02787feb-3497-11f0-9bb2-be3af2b6059f,3.0
2025-11-03,02853a18-3730-11ec-a0ee-ec0d9a21b021,4.0
2025-11-10,02853a18-3730-11ec-a0ee-ec0d9a21b021,3.0
2025-11-17,02853a18-3730-11ec-a0ee-ec0d9a21b021,5.0
2025-11-03,0289ea3d-8408-11ec-ae6d-08c0eb320147,0.0
2025-11-10,0289ea3d-8408-11ec-ae6d-08c0eb320147,0.0
2025-11-17,0289ea3d-8408-11ec-ae6d-08c0eb320147,1.0
2025-11-03,029b1989-55c1-11ed-ae75-08c0eb320147,0.0
2025-11-10,029b1989-55c1-11ed-ae75-08c0eb320147,0.0
2025-11-17,029b1989-55c1-11ed-ae75-08c0eb320147,0.0
2025-11-03,02b1ffb9-e07c-11ee-b973-08c0eb32008b,0.0
2025-11-10,02b1ffb9-e07c-11ee-b973-08c0eb32008b,1.0
2025-11-17,02b1ffb9-e07c-11ee-b973-08c0eb32008b,2.0
2025-11-03,02efb51b-18f8-11ef-b10b-08c0eb31fffb,0.0
2025-11-10,02efb51b-18f8-11ef-b10b-08c0eb31fffb,0.0
2025-11-17,02efb51b-18f8-11ef-b10b-08c0eb31fffb,0.0
2025-11-03,030408ca-37f6-11ec-85ad-1c34dae33151,1.0
2025-11-10,030408ca-37f6-11ec-85ad-1c34dae33151,0.0
2025-11-17,030408ca-37f6-11ec-85ad-1c34dae33151,1.0
2025-11-03,03055473-50e8-11ef-b973-08c0eb32008b,3.0
2025-11-10,03055473-50e8-11ef-b973-08c0eb32008b,4.0
2025-11-17,03055473-50e8-11ef-b973-08c0eb32008b,2.0
2025-11-10,031693e6-9d20-11f0-aa3c-be3af2b6059f,12.0
2025-11-17,031693e6-9d20-11f0-aa3c-be3af2b6059f,11.0
2025-11-03,0327f04b-bf37-11ec-8857-08c0eb32014b,0.0
2025-11-10,0327f04b-bf37-11ec-8857-08c0eb32014b,2.0
2025-11-17,0327f04b-bf37-11ec-8857-08c0eb32014b,0.0
2025-11-03,032be154-2a66-11eb-859a-1c34dae33151,1.0
2025-11-10,032be154-2a66-11eb-859a-1c34dae33151,2.0
2025-11-17,032be154-2a66-11eb-859a-1c34dae33151,0.0
2025-11-03,0334e713-d7b0-11ed-b970-08c0eb32008b,6.0
2025-11-10,0334e713-d7b0-11ed-b970-08c0eb32008b,5.0
2025-11-17,0334e713-d7b0-11ed-b970-08c0eb32008b,6.0
2025-11-03,0336541c-50d7-11ef-b973-08c0eb32008b,1.0
2025-11-10,0336541c-50d7-11ef-b973-08c0eb32008b,4.0
2025-11-17,0336541c-50d7-11ef-b973-08c0eb32008b,0.0
2025-11-03,0354eabe-d7e0-11ee-ae7a-08c0eb320147,1.0
2025-11-10,0354eabe-d7e0-11ee-ae7a-08c0eb320147,3.0
2025-11-17,0354eabe-d7e0-11ee-ae7a-08c0eb320147,4.0
2025-11-03,03805ed0-6b34-11ed-b96e-08c0eb32008b,7.0
2025-11-10,03805ed0-6b34-11ed-b96e-08c0eb32008b,4.0
2025-11-17,03805ed0-6b34-11ed-b96e-08c0eb32008b,4.0
2025-11-03,03ad90ef-d97b-11ef-aa23-be3af2b6059f,0.0
2025-11-10,03ad90ef-d97b-11ef-aa23-be3af2b6059f,7.0
2025-11-17,03ad90ef-d97b-11ef-aa23-be3af2b6059f,2.0
2025-11-03,03aeb11f-42f8-11ec-a0ee-ec0d9a21b021,7.0
2025-11-10,03aeb11f-42f8-11ec-a0ee-ec0d9a21b021,5.0
2025-11-17,03aeb11f-42f8-11ec-a0ee-ec0d9a21b021,12.0
2025-11-03,03bcdafc-6d03-11ee-8860-08c0eb32014b,3.0
2025-11-10,03bcdafc-6d03-11ee-8860-08c0eb32014b,3.0
2025-11-17,03bcdafc-6d03-11ee-8860-08c0eb32014b,2.0
2025-11-03,03e84186-8a99-11ec-b967-08c0eb32008b,0.0
2025-11-10,03e84186-8a99-11ec-b967-08c0eb32008b,2.0
2025-11-17,03e84186-8a99-11ec-b967-08c0eb32008b,3.0
2025-11-03,03ed4cc1-6c82-11f0-a97c-be3af2b6059f,4.0
2025-11-10,03ed4cc1-6c82-11f0-a97c-be3af2b6059f,4.0
2025-11-17,03ed4cc1-6c82-11f0-a97c-be3af2b6059f,4.0
2025-11-03,03f0a450-dc59-11ee-b973-08c0eb32008b,3.0
2025-11-10,03f0a450-dc59-11ee-b973-08c0eb32008b,3.0
2025-11-17,03f0a450-dc59-11ee-b973-08c0eb32008b,4.0
2025-11-03,03fdadd2-8230-11ef-8861-08c0eb32014b,2.0
2025-11-10,03fdadd2-8230-11ef-8861-08c0eb32014b,4.0
2025-11-17,03fdadd2-8230-11ef-8861-08c0eb32014b,3.0
2025-11-03,0438be32-d8c2-11ef-9bb0-be3af2b6059f,2.0
2025-11-10,0438be32-d8c2-11ef-9bb0-be3af2b6059f,0.0
2025-11-17,0438be32-d8c2-11ef-9bb0-be3af2b6059f,0.0
2025-11-03,043fceed-d15c-11ee-b10b-08c0eb31fffb,3.0
2025-11-10,043fceed-d15c-11ee-b10b-08c0eb31fffb,4.0
2025-11-17,043fceed-d15c-11ee-b10b-08c0eb31fffb,6.0
2025-11-03,04508dc3-8589-11ef-ae7a-08c0eb320147,3.0
2025-11-10,04508dc3-8589-11ef-ae7a-08c0eb320147,1.0
2025-11-17,04508dc3-8589-11ef-ae7a-08c0eb320147,2.0
2025-11-03,045ba20d-5355-11f0-a97c-be3af2b6059f,0.0
2025-11-10,045ba20d-5355-11f0-a97c-be3af2b6059f,0.0
2025-11-17,045ba20d-5355-11f0-a97c-be3af2b6059f,0.0
2025-11-03,047c9298-b0a4-11ef-b973-08c0eb32008b,0.0
2025-11-10,047c9298-b0a4-11ef-b973-08c0eb32008b,5.0
2025-11-17,047c9298-b0a4-11ef-b973-08c0eb32008b,4.0
2025-11-03,0496ed82-a8e6-11ef-ae7a-08c0eb320147,0.0
2025-11-10,0496ed82-a8e6-11ef-ae7a-08c0eb320147,0.0
2025-11-17,0496ed82-a8e6-11ef-ae7a-08c0eb320147,0.0
2025-11-03,04ab4566-3895-11eb-859a-1c34dae33151,0.0
2025-11-10,04ab4566-3895-11eb-859a-1c34dae33151,0.0
2025-11-17,04ab4566-3895-11eb-859a-1c34dae33151,0.0
2025-11-03,0518ec93-717c-11ee-b972-08c0eb32008b,0.0
2025-11-10,0518ec93-717c-11ee-b972-08c0eb32008b,3.0
2025-11-17,0518ec93-717c-11ee-b972-08c0eb32008b,5.0
2025-11-03,051999b4-3b55-11ed-ae72-08c0eb320147,0.0
2025-11-10,051999b4-3b55-11ed-ae72-08c0eb320147,1.0
2025-11-17,051999b4-3b55-11ed-ae72-08c0eb320147,1.0
2025-11-03,055eb4c7-e8d3-11ec-ae71-08c0eb320147,3.0
2025-11-10,055eb4c7-e8d3-11ec-ae71-08c0eb320147,4.0
2025-11-17,055eb4c7-e8d3-11ec-ae71-08c0eb320147,4.0
2025-11-03,05739419-9b58-11ee-8861-08c0eb32014b,1.0
2025-11-10,05739419-9b58-11ee-8861-08c0eb32014b,0.0
2025-11-17,05739419-9b58-11ee-8861-08c0eb32014b,0.0
2025-11-03,057fbe65-f3d2-11ed-b971-08c0eb32008b,1.0
2025-11-10,057fbe65-f3d2-11ed-b971-08c0eb32008b,2.0
2025-11-17,057fbe65-f3d2-11ed-b971-08c0eb32008b,2.0
2025-11-03,059542a5-89f7-11ee-8861-08c0eb32014b,0.0
2025-11-10,059542a5-89f7-11ee-8861-08c0eb32014b,3.0
2025-11-17,059542a5-89f7-11ee-8861-08c0eb32014b,2.0
2025-11-03,05bef77a-8278-11f0-9bb2-be3af2b6059f,0.0
2025-11-10,05bef77a-8278-11f0-9bb2-be3af2b6059f,3.0
2025-11-17,05bef77a-8278-11f0-9bb2-be3af2b6059f,0.0
2025-11-03,05e8ff27-38be-11ec-a0ee-ec0d9a21b021,2.0
2025-11-10,05e8ff27-38be-11ec-a0ee-ec0d9a21b021,8.0
2025-11-17,05e8ff27-38be-11ec-a0ee-ec0d9a21b021,5.0
2025-11-03,05f28c31-5e43-11ef-b973-08c0eb32008b,0.0
2025-11-10,05f28c31-5e43-11ef-b973-08c0eb32008b,0.0
2025-11-17,05f28c31-5e43-11ef-b973-08c0eb32008b,2.0
2025-11-03,061569f1-2a6c-11eb-859a-1c34dae33151,0.0
2025-11-10,061569f1-2a6c-11eb-859a-1c34dae33151,2.0
2025-11-17,061569f1-2a6c-11eb-859a-1c34dae33151,0.0
2025-11-03,061bfa14-edd9-11ee-ae7a-08c0eb320147,1.0
2025-11-10,061bfa14-edd9-11ee-ae7a-08c0eb320147,3.0
2025-11-17,061bfa14-edd9-11ee-ae7a-08c0eb320147,4.0
2025-11-03,062225af-acb0-11ef-ae7a-08c0eb320147,0.0
2025-11-10,062225af-acb0-11ef-ae7a-08c0eb320147,0.0
2025-11-17,062225af-acb0-11ef-ae7a-08c0eb320147,0.0
2025-11-03,064ab6dc-5d3c-11ea-a7b3-0050560306e1,0.0
2025-11-10,064ab6dc-5d3c-11ea-a7b3-0050560306e1,2.0
2025-11-17,064ab6dc-5d3c-11ea-a7b3-0050560306e1,1.0
2025-11-03,06638419-eb4e-11ed-b971-08c0eb32008b,4.0
2025-11-10,06638419-eb4e-11ed-b971-08c0eb32008b,4.0
2025-11-17,06638419-eb4e-11ed-b971-08c0eb32008b,12.0
2025-11-03,06abe5a4-2734-11ef-b10b-08c0eb31fffb,1.0
2025-11-10,06abe5a4-2734-11ef-b10b-08c0eb31fffb,2.0
2025-11-17,06abe5a4-2734-11ef-b10b-08c0eb31fffb,0.0
2025-11-03,06ac6faa-7776-11eb-85a3-1c34dae33151,2.0
2025-11-10,06ac6faa-7776-11eb-85a3-1c34dae33151,1.0
2025-11-17,06ac6faa-7776-11eb-85a3-1c34dae33151,3.0
2025-11-03,06d7b8bc-891a-11ee-b973-08c0eb32008b,3.0
2025-11-10,06d7b8bc-891a-11ee-b973-08c0eb32008b,0.0
2025-11-17,06d7b8bc-891a-11ee-b973-08c0eb32008b,0.0
2025-11-03,06e01b66-0a21-11eb-8599-1c34dae33151,0.0
2025-11-10,06e01b66-0a21-11eb-8599-1c34dae33151,0.0
2025-11-17,06e01b66-0a21-11eb-8599-1c34dae33151,0.0
2025-11-03,06e452cd-c1ef-11eb-85ab-1c34dae33151,0.0
2025-11-10,06e452cd-c1ef-11eb-85ab-1c34dae33151,0.0
2025-11-17,06e452cd-c1ef-11eb-85ab-1c34dae33151,0.0
2025-11-03,07134119-2588-11eb-8599-1c34dae33151,0.0
2025-11-10,07134119-2588-11eb-8599-1c34dae33151,0.0
2025-11-17,07134119-2588-11eb-8599-1c34dae33151,0.0
2025-11-03,071826a3-75e6-11ea-95b9-0050560306e1,1.0
2025-11-10,071826a3-75e6-11ea-95b9-0050560306e1,0.0
2025-11-17,071826a3-75e6-11ea-95b9-0050560306e1,0.0
2025-11-03,07497e8c-a0c2-11ee-b10b-08c0eb31fffb,0.0
2025-11-10,07497e8c-a0c2-11ee-b10b-08c0eb31fffb,0.0
2025-11-17,07497e8c-a0c2-11ee-b10b-08c0eb31fffb,0.0
2025-11-03,07561b83-d839-11ed-ae77-08c0eb320147,0.0
2025-11-10,07561b83-d839-11ed-ae77-08c0eb320147,2.0
2025-11-17,07561b83-d839-11ed-ae77-08c0eb320147,2.0
2025-11-03,0780274a-5d40-11ea-a7b3-0050560306e1,1.0
2025-11-10,0780274a-5d40-11ea-a7b3-0050560306e1,2.0
2025-11-17,0780274a-5d40-11ea-a7b3-0050560306e1,2.0
2025-11-03,07822366-0d48-11ef-b10b-08c0eb31fffb,0.0
2025-11-10,07822366-0d48-11ef-b10b-08c0eb31fffb,4.0
2025-11-17,07822366-0d48-11ef-b10b-08c0eb31fffb,2.0
2025-11-03,078e06d7-a326-11ee-8861-08c0eb32014b,2.0
2025-11-10,078e06d7-a326-11ee-8861-08c0eb32014b,6.0
2025-11-17,078e06d7-a326-11ee-8861-08c0eb32014b,2.0
2025-11-03,07c7d165-0386-11ed-ae72-08c0eb320147,0.0
2025-11-10,07c7d165-0386-11ed-ae72-08c0eb320147,2.0
2025-11-17,07c7d165-0386-11ed-ae72-08c0eb320147,0.0
2025-11-03,084ea3fd-63e4-11ed-ae75-08c0eb320147,0.0
2025-11-10,084ea3fd-63e4-11ed-ae75-08c0eb320147,0.0
2025-11-17,084ea3fd-63e4-11ed-ae75-08c0eb320147,0.0
2025-11-03,085165a7-2438-11f0-9bb2-be3af2b6059f,3.0
2025-11-10,085165a7-2438-11f0-9bb2-be3af2b6059f,3.0
2025-11-17,085165a7-2438-11f0-9bb2-be3af2b6059f,3.0
2025-11-03,086f6748-70c4-11ed-885b-08c0eb32014b,1.0
2025-11-10,086f6748-70c4-11ed-885b-08c0eb32014b,7.0
2025-11-17,086f6748-70c4-11ed-885b-08c0eb32014b,27.0
2025-11-03,0873dd22-106c-11f0-aa25-be3af2b6059f,0.0
2025-11-10,0873dd22-106c-11f0-aa25-be3af2b6059f,2.0
2025-11-17,0873dd22-106c-11f0-aa25-be3af2b6059f,0.0
2025-11-03,08798f78-f1b4-11ea-8599-1c34dae33151,0.0
2025-11-10,08798f78-f1b4-11ea-8599-1c34dae33151,0.0
2025-11-17,08798f78-f1b4-11ea-8599-1c34dae33151,4.0
2025-11-03,087f874e-0d34-11ef-8861-08c0eb32014b,2.0
2025-11-10,087f874e-0d34-11ef-8861-08c0eb32014b,4.0
2025-11-17,087f874e-0d34-11ef-8861-08c0eb32014b,3.0
2025-11-03,08969632-95a8-11ec-b0fc-08c0eb31fffb,1.0
2025-11-10,08969632-95a8-11ec-b0fc-08c0eb31fffb,0.0
2025-11-17,08969632-95a8-11ec-b0fc-08c0eb31fffb,1.0
2025-11-03,089711aa-5378-11ec-a0ee-ec0d9a21b021,1.0
2025-11-10,089711aa-5378-11ec-a0ee-ec0d9a21b021,0.0
2025-11-17,089711aa-5378-11ec-a0ee-ec0d9a21b021,2.0
2025-11-03,08b3f8e9-5b8b-11ed-b96e-08c0eb32008b,0.0
2025-11-10,08b3f8e9-5b8b-11ed-b96e-08c0eb32008b,6.0
2025-11-17,08b3f8e9-5b8b-11ed-b96e-08c0eb32008b,4.0
2025-11-03,08d402e0-7195-11ed-885b-08c0eb32014b,5.0
2025-11-10,08d402e0-7195-11ed-885b-08c0eb32014b,3.0
2025-11-17,08d402e0-7195-11ed-885b-08c0eb32014b,2.0
2025-11-03,08d88eaf-55a2-11f0-a5cb-7cc255b74513,4.0
2025-11-10,08d88eaf-55a2-11f0-a5cb-7cc255b74513,2.0
2025-11-17,08d88eaf-55a2-11f0-a5cb-7cc255b74513,0.0
2025-11-03,08d899c9-81c8-11f0-a97c-be3af2b6059f,0.0
2025-11-10,08d899c9-81c8-11f0-a97c-be3af2b6059f,3.0
2025-11-17,08d899c9-81c8-11f0-a97c-be3af2b6059f,4.0
2025-11-03,08ed1ece-7d1c-11ed-b970-08c0eb32008b,5.0
2025-11-10,08ed1ece-7d1c-11ed-b970-08c0eb32008b,3.0
2025-11-17,08ed1ece-7d1c-11ed-b970-08c0eb32008b,4.0
2025-11-03,09302183-851f-11ee-b10b-08c0eb31fffb,0.0
2025-11-10,09302183-851f-11ee-b10b-08c0eb31fffb,0.0
2025-11-17,09302183-851f-11ee-b10b-08c0eb31fffb,0.0
2025-11-03,096335e8-5e7c-11ed-ae75-08c0eb320147,3.0
2025-11-10,096335e8-5e7c-11ed-ae75-08c0eb320147,2.0
2025-11-17,096335e8-5e7c-11ed-ae75-08c0eb320147,1.0
2025-11-03,097b113c-42c2-11f0-a5cb-7cc255b74513,0.0
2025-11-10,097b113c-42c2-11f0-a5cb-7cc255b74513,1.0
2025-11-17,097b113c-42c2-11f0-a5cb-7cc255b74513,4.0
2025-11-03,097e90fa-f1c9-11ea-8599-1c34dae33151,1.0
2025-11-10,097e90fa-f1c9-11ea-8599-1c34dae33151,0.0
2025-11-17,097e90fa-f1c9-11ea-8599-1c34dae33151,0.0
2025-11-03,098c3d19-ec3e-11ee-ae7a-08c0eb320147,4.0
2025-11-10,098c3d19-ec3e-11ee-ae7a-08c0eb320147,8.0
2025-11-17,098c3d19-ec3e-11ee-ae7a-08c0eb320147,3.0
2025-11-03,09b60db2-27ce-11ef-b10b-08c0eb31fffb,0.0
2025-11-10,09b60db2-27ce-11ef-b10b-08c0eb31fffb,0.0
2025-11-17,09b60db2-27ce-11ef-b10b-08c0eb31fffb,0.0
2025-11-03,09d32138-8568-11ee-b10b-08c0eb31fffb,6.0
2025-11-10,09d32138-8568-11ee-b10b-08c0eb31fffb,1.0
2025-11-17,09d32138-8568-11ee-b10b-08c0eb31fffb,1.0
2025-11-03,09d60399-7d1f-11ed-b970-08c0eb32008b,0.0
2025-11-10,09d60399-7d1f-11ed-b970-08c0eb32008b,1.0
2025-11-17,09d60399-7d1f-11ed-b970-08c0eb32008b,0.0
2025-11-03,09df4f69-92ae-11ed-885d-08c0eb32014b,6.0
2025-11-10,09df4f69-92ae-11ed-885d-08c0eb32014b,3.0
2025-11-17,09df4f69-92ae-11ed-885d-08c0eb32014b,6.0
2025-11-03,09fc245f-7d33-11ec-ae6d-08c0eb320147,2.0
2025-11-10,09fc245f-7d33-11ec-ae6d-08c0eb320147,1.0
2025-11-17,09fc245f-7d33-11ec-ae6d-08c0eb320147,0.0
2025-11-03,0a03ee00-7241-11ee-b972-08c0eb32008b,1.0
2025-11-10,0a03ee00-7241-11ee-b972-08c0eb32008b,0.0
2025-11-17,0a03ee00-7241-11ee-b972-08c0eb32008b,1.0
2025-11-03,0a1cd6f2-3879-11eb-859a-1c34dae33151,0.0
2025-11-10,0a1cd6f2-3879-11eb-859a-1c34dae33151,0.0
2025-11-17,0a1cd6f2-3879-11eb-859a-1c34dae33151,0.0
2025-11-03,0a641414-71bc-11ed-b96e-08c0eb32008b,1.0
2025-11-10,0a641414-71bc-11ed-b96e-08c0eb32008b,4.0
2025-11-17,0a641414-71bc-11ed-b96e-08c0eb32008b,4.0
2025-11-03,0a800164-63fd-11ed-b107-08c0eb31fffb,0.0
2025-11-10,0a800164-63fd-11ed-b107-08c0eb31fffb,1.0
2025-11-17,0a800164-63fd-11ed-b107-08c0eb31fffb,0.0
2025-11-03,0a848432-ac64-11ed-ae77-08c0eb320147,0.0
2025-11-10,0a848432-ac64-11ed-ae77-08c0eb320147,3.0
2025-11-17,0a848432-ac64-11ed-ae77-08c0eb320147,1.0
2025-11-03,0aa1d8f7-9c63-11ef-b10b-08c0eb31fffb,7.0
2025-11-10,0aa1d8f7-9c63-11ef-b10b-08c0eb31fffb,7.0
2025-11-17,0aa1d8f7-9c63-11ef-b10b-08c0eb31fffb,3.0
2025-11-03,0aaaad33-d7bb-11ed-b970-08c0eb32008b,2.0
2025-11-10,0aaaad33-d7bb-11ed-b970-08c0eb32008b,0.0
2025-11-17,0aaaad33-d7bb-11ed-b970-08c0eb32008b,3.0
2025-11-03,0ab40e24-79b6-11ef-b973-08c0eb32008b,3.0
2025-11-10,0ab40e24-79b6-11ef-b973-08c0eb32008b,3.0
2025-11-17,0ab40e24-79b6-11ef-b973-08c0eb32008b,1.0
2025-11-03,0afc5e3e-1768-11ea-8c5d-0050560306e1,6.0
2025-11-10,0afc5e3e-1768-11ea-8c5d-0050560306e1,5.0
2025-11-17,0afc5e3e-1768-11ea-8c5d-0050560306e1,4.0
2025-11-03,0b239fd9-ab20-11ef-ae7a-08c0eb320147,4.0
2025-11-10,0b239fd9-ab20-11ef-ae7a-08c0eb320147,5.0
2025-11-17,0b239fd9-ab20-11ef-ae7a-08c0eb320147,3.0
2025-11-03,0b4aba0e-aedc-11ee-8861-08c0eb32014b,0.0
2025-11-10,0b4aba0e-aedc-11ee-8861-08c0eb32014b,1.0
2025-11-17,0b4aba0e-aedc-11ee-8861-08c0eb32014b,1.0
2025-11-03,0b58b710-6cb6-11ed-885b-08c0eb32014b,0.0
2025-11-10,0b58b710-6cb6-11ed-885b-08c0eb32014b,0.0
2025-11-17,0b58b710-6cb6-11ed-885b-08c0eb32014b,2.0
2025-11-03,0b8b2ed6-2591-11f0-a97c-be3af2b6059f,0.0
2025-11-10,0b8b2ed6-2591-11f0-a97c-be3af2b6059f,2.0
2025-11-17,0b8b2ed6-2591-11f0-a97c-be3af2b6059f,2.0
2025-11-03,0b9221b1-678c-11eb-85a3-1c34dae33151,1.0
2025-11-10,0b9221b1-678c-11eb-85a3-1c34dae33151,4.0
2025-11-17,0b9221b1-678c-11eb-85a3-1c34dae33151,3.0
2025-11-03,0b93797a-f305-11ed-885e-08c0eb32014b,2.0
2025-11-10,0b93797a-f305-11ed-885e-08c0eb32014b,1.0
2025-11-17,0b93797a-f305-11ed-885e-08c0eb32014b,4.0
2025-11-03,0b93a52d-ab10-11ef-b10b-08c0eb31fffb,2.0
2025-11-10,0b93a52d-ab10-11ef-b10b-08c0eb31fffb,3.0
2025-11-17,0b93a52d-ab10-11ef-b10b-08c0eb31fffb,2.0
2025-11-03,0b9c9942-bd1f-11ea-b7de-0050560306e1,3.0
2025-11-10,0b9c9942-bd1f-11ea-b7de-0050560306e1,6.0
2025-11-17,0b9c9942-bd1f-11ea-b7de-0050560306e1,2.0
2025-11-03,0ba68a3c-dc93-11ee-ae7a-08c0eb320147,0.0
2025-11-10,0ba68a3c-dc93-11ee-ae7a-08c0eb320147,0.0
2025-11-17,0ba68a3c-dc93-11ee-ae7a-08c0eb320147,1.0
2025-11-03,0bd8083b-009d-11ef-b973-08c0eb32008b,7.0
2025-11-10,0bd8083b-009d-11ef-b973-08c0eb32008b,2.0
2025-11-17,0bd8083b-009d-11ef-b973-08c0eb32008b,3.0
2025-11-03,0bd9b11d-4f85-11ed-ae72-08c0eb320147,6.0
2025-11-10,0bd9b11d-4f85-11ed-ae72-08c0eb320147,7.0
2025-11-17,0bd9b11d-4f85-11ed-ae72-08c0eb320147,6.0
2025-11-03,0bf47b58-a820-11eb-85a9-1c34dae33151,4.0
2025-11-10,0bf47b58-a820-11eb-85a9-1c34dae33151,2.0
2025-11-17,0bf47b58-a820-11eb-85a9-1c34dae33151,5.0
2025-11-03,0c119373-a0be-11ee-b973-08c0eb32008b,2.0
2025-11-10,0c119373-a0be-11ee-b973-08c0eb32008b,3.0
2025-11-17,0c119373-a0be-11ee-b973-08c0eb32008b,3.0
2025-11-03,0c154cca-3c23-11ee-885f-08c0eb32014b,1.0
2025-11-10,0c154cca-3c23-11ee-885f-08c0eb32014b,1.0
2025-11-17,0c154cca-3c23-11ee-885f-08c0eb32014b,1.0
2025-11-03,0c1c5535-0f6e-11ee-ae78-08c0eb320147,6.0
2025-11-10,0c1c5535-0f6e-11ee-ae78-08c0eb320147,10.0
2025-11-17,0c1c5535-0f6e-11ee-ae78-08c0eb320147,5.0
2025-11-03,0c29f7b3-95ca-11ef-ae7a-08c0eb320147,3.0
2025-11-10,0c29f7b3-95ca-11ef-ae7a-08c0eb320147,8.0
2025-11-17,0c29f7b3-95ca-11ef-ae7a-08c0eb320147,11.0
2025-11-03,0c4069ca-088d-11ef-b973-08c0eb32008b,0.0
2025-11-10,0c4069ca-088d-11ef-b973-08c0eb32008b,1.0
2025-11-17,0c4069ca-088d-11ef-b973-08c0eb32008b,1.0
2025-11-03,0c4fe8e1-63e8-11ed-b107-08c0eb31fffb,3.0
2025-11-10,0c4fe8e1-63e8-11ed-b107-08c0eb31fffb,3.0
2025-11-17,0c4fe8e1-63e8-11ed-b107-08c0eb31fffb,0.0
2025-11-03,0c51064c-8ee9-11ee-8861-08c0eb32014b,2.0
2025-11-10,0c51064c-8ee9-11ee-8861-08c0eb32014b,2.0
2025-11-17,0c51064c-8ee9-11ee-8861-08c0eb32014b,2.0
2025-11-03,0c55b155-d7b2-11ed-b970-08c0eb32008b,6.0
2025-11-10,0c55b155-d7b2-11ed-b970-08c0eb32008b,2.0
2025-11-17,0c55b155-d7b2-11ed-b970-08c0eb32008b,4.0
2025-11-03,0c62c94d-165d-11ee-b10a-08c0eb31fffb,0.0
2025-11-10,0c62c94d-165d-11ee-b10a-08c0eb31fffb,0.0
2025-11-17,0c62c94d-165d-11ee-b10a-08c0eb31fffb,0.0
2025-11-03,0c635071-70c2-11ed-b107-08c0eb31fffb,0.0
2025-11-10,0c635071-70c2-11ed-b107-08c0eb31fffb,2.0
2025-11-17,0c635071-70c2-11ed-b107-08c0eb31fffb,0.0
2025-11-03,0c63fd39-7196-11ed-885b-08c0eb32014b,1.0
2025-11-10,0c63fd39-7196-11ed-885b-08c0eb32014b,4.0
2025-11-17,0c63fd39-7196-11ed-885b-08c0eb32014b,0.0
2025-11-03,0c6b2830-2015-11eb-8599-1c34dae33151,0.0
2025-11-10,0c6b2830-2015-11eb-8599-1c34dae33151,4.0
2025-11-17,0c6b2830-2015-11eb-8599-1c34dae33151,0.0
2025-11-03,0c6cc074-87c0-11ef-8861-08c0eb32014b,2.0
2025-11-10,0c6cc074-87c0-11ef-8861-08c0eb32014b,5.0
2025-11-17,0c6cc074-87c0-11ef-8861-08c0eb32014b,7.0
2025-11-03,0c745173-42e2-11ec-a0ee-ec0d9a21b021,2.0
2025-11-10,0c745173-42e2-11ec-a0ee-ec0d9a21b021,6.0
2025-11-17,0c745173-42e2-11ec-a0ee-ec0d9a21b021,4.0
2025-11-03,0c9737dd-fc1f-11eb-a0ee-ec0d9a21b021,3.0
2025-11-10,0c9737dd-fc1f-11eb-a0ee-ec0d9a21b021,4.0
2025-11-17,0c9737dd-fc1f-11eb-a0ee-ec0d9a21b021,7.0
2025-11-03,0caea5df-362a-11ec-85ad-1c34dae33151,0.0
2025-11-10,0caea5df-362a-11ec-85ad-1c34dae33151,2.0
2025-11-17,0caea5df-362a-11ec-85ad-1c34dae33151,0.0
2025-11-03,0cbfc7a6-d6eb-11ee-b973-08c0eb32008b,1.0
2025-11-10,0cbfc7a6-d6eb-11ee-b973-08c0eb32008b,2.0
2025-11-17,0cbfc7a6-d6eb-11ee-b973-08c0eb32008b,2.0
2025-11-03,0ce3bfaf-5e3a-11ef-b10b-08c0eb31fffb,0.0
2025-11-10,0ce3bfaf-5e3a-11ef-b10b-08c0eb31fffb,0.0
2025-11-17,0ce3bfaf-5e3a-11ef-b10b-08c0eb31fffb,0.0
2025-11-03,0cf9ea7e-a412-11eb-85a9-1c34dae33151,0.0
2025-11-10,0cf9ea7e-a412-11eb-85a9-1c34dae33151,1.0
2025-11-17,0cf9ea7e-a412-11eb-85a9-1c34dae33151,0.0
2025-11-03,0d05013c-c0e0-11ea-b7de-0050560306e1,0.0
2025-11-10,0d05013c-c0e0-11ea-b7de-0050560306e1,0.0
2025-11-17,0d05013c-c0e0-11ea-b7de-0050560306e1,0.0
2025-11-03,0d09a8ce-7158-11ed-b96e-08c0eb32008b,2.0
2025-11-10,0d09a8ce-7158-11ed-b96e-08c0eb32008b,1.0
2025-11-17,0d09a8ce-7158-11ed-b96e-08c0eb32008b,0.0
2025-11-03,0d0f43b5-7d19-11ed-b109-08c0eb31fffb,1.0
2025-11-10,0d0f43b5-7d19-11ed-b109-08c0eb31fffb,5.0
2025-11-17,0d0f43b5-7d19-11ed-b109-08c0eb31fffb,3.0
2025-11-03,0d3124eb-52a9-11ec-85ad-1c34dae33151,1.0
2025-11-10,0d3124eb-52a9-11ec-85ad-1c34dae33151,5.0
2025-11-17,0d3124eb-52a9-11ec-85ad-1c34dae33151,3.0
2025-11-03,0d55e806-25b7-11eb-8599-1c34dae33151,2.0
2025-11-10,0d55e806-25b7-11eb-8599-1c34dae33151,2.0
2025-11-17,0d55e806-25b7-11eb-8599-1c34dae33151,11.0
2025-11-03,0d6ad1ef-13d4-11ed-885a-08c0eb32014b,0.0
2025-11-10,0d6ad1ef-13d4-11ed-885a-08c0eb32014b,1.0
2025-11-17,0d6ad1ef-13d4-11ed-885a-08c0eb32014b,1.0
2025-11-03,0d6b9da4-6655-11ed-b96e-08c0eb32008b,7.0
2025-11-10,0d6b9da4-6655-11ed-b96e-08c0eb32008b,3.0
2025-11-17,0d6b9da4-6655-11ed-b96e-08c0eb32008b,2.0
2025-11-03,0d7d0b6a-e235-11ea-8599-1c34dae33151,2.0
2025-11-10,0d7d0b6a-e235-11ea-8599-1c34dae33151,1.0
2025-11-17,0d7d0b6a-e235-11ea-8599-1c34dae33151,3.0
2025-11-03,0d95e845-d7bd-11ed-b970-08c0eb32008b,2.0
2025-11-10,0d95e845-d7bd-11ed-b970-08c0eb32008b,1.0
2025-11-17,0d95e845-d7bd-11ed-b970-08c0eb32008b,2.0
2025-11-03,0e1c4411-4320-11ee-885f-08c0eb32014b,0.0
2025-11-10,0e1c4411-4320-11ee-885f-08c0eb32014b,0.0
2025-11-17,0e1c4411-4320-11ee-885f-08c0eb32014b,0.0
2025-11-03,0e31130b-2b3f-11ec-85ad-1c34dae33151,4.0
2025-11-10,0e31130b-2b3f-11ec-85ad-1c34dae33151,9.0
2025-11-17,0e31130b-2b3f-11ec-85ad-1c34dae33151,13.0
2025-11-03,0e4f9c9a-87af-11ef-b10b-08c0eb31fffb,2.0
2025-11-10,0e4f9c9a-87af-11ef-b10b-08c0eb31fffb,1.0
2025-11-17,0e4f9c9a-87af-11ef-b10b-08c0eb31fffb,0.0
2025-11-03,0e5dd6a6-92b5-11ed-ae77-08c0eb320147,0.0
2025-11-10,0e5dd6a6-92b5-11ed-ae77-08c0eb320147,2.0
2025-11-17,0e5dd6a6-92b5-11ed-ae77-08c0eb320147,0.0
2025-11-03,0e7dabb8-6884-11f0-a5cb-7cc255b74513,0.0
2025-11-10,0e7dabb8-6884-11f0-a5cb-7cc255b74513,1.0
2025-11-17,0e7dabb8-6884-11f0-a5cb-7cc255b74513,3.0
2025-11-03,0e9a6def-f8b9-11ee-b10b-08c0eb31fffb,0.0
2025-11-10,0e9a6def-f8b9-11ee-b10b-08c0eb31fffb,0.0
2025-11-17,0e9a6def-f8b9-11ee-b10b-08c0eb31fffb,4.0
2025-11-03,0edb084e-049f-11ef-8861-08c0eb32014b,2.0
2025-11-10,0edb084e-049f-11ef-8861-08c0eb32014b,2.0
2025-11-17,0edb084e-049f-11ef-8861-08c0eb32014b,3.0
2025-11-03,0f117e0d-bd21-11ea-b7de-0050560306e1,0.0
2025-11-10,0f117e0d-bd21-11ea-b7de-0050560306e1,0.0
2025-11-17,0f117e0d-bd21-11ea-b7de-0050560306e1,2.0
2025-11-03,0f331265-3c9c-11ec-85ad-1c34dae33151,0.0
2025-11-10,0f331265-3c9c-11ec-85ad-1c34dae33151,3.0
2025-11-17,0f331265-3c9c-11ec-85ad-1c34dae33151,2.0
2025-11-03,0f33e7de-7542-11ed-885b-08c0eb32014b,4.0
2025-11-10,0f33e7de-7542-11ed-885b-08c0eb32014b,2.0
2025-11-17,0f33e7de-7542-11ed-885b-08c0eb32014b,3.0
2025-11-03,0f5ea73d-52ae-11ec-85ad-1c34dae33151,4.0
2025-11-10,0f5ea73d-52ae-11ec-85ad-1c34dae33151,0.0
2025-11-17,0f5ea73d-52ae-11ec-85ad-1c34dae33151,3.0
2025-11-03,0f6c538d-9347-11ee-b973-08c0eb32008b,6.0
2025-11-10,0f6c538d-9347-11ee-b973-08c0eb32008b,5.0
2025-11-17,0f6c538d-9347-11ee-b973-08c0eb32008b,3.0
2025-11-03,0f719fd8-cab3-11eb-85ac-1c34dae33151,1.0
2025-11-10,0f719fd8-cab3-11eb-85ac-1c34dae33151,2.0
2025-11-17,0f719fd8-cab3-11eb-85ac-1c34dae33151,1.0
2025-11-03,0f76d3d0-77c7-11ee-ae79-08c0eb320147,0.0
2025-11-10,0f76d3d0-77c7-11ee-ae79-08c0eb320147,0.0
2025-11-17,0f76d3d0-77c7-11ee-ae79-08c0eb320147,2.0
2025-11-03,0f7a6cef-d7e9-11eb-85ac-1c34dae33151,1.0
2025-11-10,0f7a6cef-d7e9-11eb-85ac-1c34dae33151,3.0
2025-11-17,0f7a6cef-d7e9-11eb-85ac-1c34dae33151,3.0
2025-11-03,0fbc84e3-7a7a-11ef-b973-08c0eb32008b,1.0
2025-11-10,0fbc84e3-7a7a-11ef-b973-08c0eb32008b,3.0
2025-11-17,0fbc84e3-7a7a-11ef-b973-08c0eb32008b,2.0
2025-11-03,0fd4cd6a-e543-11ef-a5c9-7cc255b74513,0.0
2025-11-10,0fd4cd6a-e543-11ef-a5c9-7cc255b74513,5.0
2025-11-17,0fd4cd6a-e543-11ef-a5c9-7cc255b74513,0.0
2025-11-03,0fdcfd4f-31b7-11ec-a0ee-ec0d9a21b021,0.0
2025-11-10,0fdcfd4f-31b7-11ec-a0ee-ec0d9a21b021,3.0
2025-11-17,0fdcfd4f-31b7-11ec-a0ee-ec0d9a21b021,3.0
2025-11-03,1016eadd-905c-11ee-b973-08c0eb32008b,3.0
2025-11-10,1016eadd-905c-11ee-b973-08c0eb32008b,4.0
2025-11-17,1016eadd-905c-11ee-b973-08c0eb32008b,4.0
2025-11-03,101b261d-798d-11ee-b972-08c0eb32008b,0.0
2025-11-10,101b261d-798d-11ee-b972-08c0eb32008b,0.0
2025-11-17,101b261d-798d-11ee-b972-08c0eb32008b,0.0
2025-11-03,10570f17-5b82-11ed-885b-08c0eb32014b,0.0
2025-11-10,10570f17-5b82-11ed-885b-08c0eb32014b,0.0
2025-11-17,10570f17-5b82-11ed-885b-08c0eb32014b,3.0
2025-11-03,105c6a49-d9d8-11ed-b971-08c0eb32008b,3.0
2025-11-10,105c6a49-d9d8-11ed-b971-08c0eb32008b,2.0
2025-11-17,105c6a49-d9d8-11ed-b971-08c0eb32008b,4.0
2025-11-03,108205bf-771d-11ee-8860-08c0eb32014b,3.0
2025-11-10,108205bf-771d-11ee-8860-08c0eb32014b,0.0
2025-11-17,108205bf-771d-11ee-8860-08c0eb32014b,3.0
2025-11-03,108cccda-7197-11ed-885b-08c0eb32014b,2.0
2025-11-10,108cccda-7197-11ed-885b-08c0eb32014b,3.0
2025-11-17,108cccda-7197-11ed-885b-08c0eb32014b,8.0
2025-11-03,10976eb9-a945-11ea-9e08-0050560306e1,5.0
2025-11-10,10976eb9-a945-11ea-9e08-0050560306e1,3.0
2025-11-17,10976eb9-a945-11ea-9e08-0050560306e1,3.0
2025-11-03,10efe70f-e61b-11ee-b973-08c0eb32008b,4.0
2025-11-10,10efe70f-e61b-11ee-b973-08c0eb32008b,2.0
2025-11-17,10efe70f-e61b-11ee-b973-08c0eb32008b,8.0
2024-04-15,1122af52-d093-11ee-8861-08c0eb32014b,0.0
2024-04-22,1122af52-d093-11ee-8861-08c0eb32014b,0.0
2024-04-29,1122af52-d093-11ee-8861-08c0eb32014b,0.0
2024-05-06,1122af52-d093-11ee-8861-08c0eb32014b,0.0
2024-05-13,1122af52-d093-11ee-8861-08c0eb32014b,0.0
2024-05-20,1122af52-d093-11ee-8861-08c0eb32014b,0.0
2024-05-27,1122af52-d093-11ee-8861-08c0eb32014b,0.0
2024-06-03,1122af52-d093-11ee-8861-08c0eb32014b,1.0
2024-06-10,1122af52-d093-11ee-8861-08c0eb32014b,0.0
2024-06-17,1122af52-d093-11ee-8861-08c0eb32014b,0.0
2024-06-24,1122af52-d093-11ee-8861-08c0eb32014b,0.0
2024-07-01,1122af52-d093-11ee-8861-08c0eb32014b,0.0
2024-07-08,1122af52-d093-11ee-8861-08c0eb32014b,0.0
2024-07-15,1122af52-d093-11ee-8861-08c0eb32014b,0.0
2024-07-22,1122af52-d093-11ee-8861-08c0eb32014b,1.0
2024-07-29,1122af52-d093-11ee-8861-08c0eb32014b,0.0
2024-08-05,1122af52-d093-11ee-8861-08c0eb32014b,0.0
2024-08-12,1122af52-d093-11ee-8861-08c0eb32014b,1.0
2024-08-19,1122af52-d093-11ee-8861-08c0eb32014b,1.0
2024-08-26,1122af52-d093-11ee-8861-08c0eb32014b,3.0
2024-09-02,1122af52-d093-11ee-8861-08c0eb32014b,3.0
2024-09-09,1122af52-d093-11ee-8861-08c0eb32014b,0.0
2024-09-16,1122af52-d093-11ee-8861-08c0eb32014b,0.0
2024-09-23,1122af52-d093-11ee-8861-08c0eb32014b,0.0
2024-09-30,1122af52-d093-11ee-8861-08c0eb32014b,0.0
2024-10-07,1122af52-d093-11ee-8861-08c0eb32014b,0.0
2024-10-14,1122af52-d093-11ee-8861-08c0eb32014b,0.0
2024-10-21,1122af52-d093-11ee-8861-08c0eb32014b,0.0
2024-10-28,1122af52-d093-11ee-8861-08c0eb32014b,2.0
2024-11-04,1122af52-d093-11ee-8861-08c0eb32014b,1.0
2024-11-11,1122af52-d093-11ee-8861-08c0eb32014b,0.0
2024-11-18,1122af52-d093-11ee-8861-08c0eb32014b,0.0
2024-11-25,1122af52-d093-11ee-8861-08c0eb32014b,0.0
2024-12-02,1122af52-d093-11ee-8861-08c0eb32014b,0.0
2024-12-09,1122af52-d093-11ee-8861-08c0eb32014b,0.0
2024-12-16,1122af52-d093-11ee-8861-08c0eb32014b,0.0
2024-12-23,1122af52-d093-11ee-8861-08c0eb32014b,0.0
2024-12-30,1122af52-d093-11ee-8861-08c0eb32014b,0.0
2025-01-06,1122af52-d093-11ee-8861-08c0eb32014b,0.0
2025-01-13,1122af52-d093-11ee-8861-08c0eb32014b,2.0
2025-01-20,1122af52-d093-11ee-8861-08c0eb32014b,0.0
2025-01-27,1122af52-d093-11ee-8861-08c0eb32014b,0.0
2025-02-03,1122af52-d093-11ee-8861-08c0eb32014b,0.0
2025-02-10,1122af52-d093-11ee-8861-08c0eb32014b,0.0
2025-02-17,1122af52-d093-11ee-8861-08c0eb32014b,0.0
2025-02-24,1122af52-d093-11ee-8861-08c0eb32014b,0.0
2025-03-03,1122af52-d093-11ee-8861-08c0eb32014b,0.0
2025-03-10,1122af52-d093-11ee-8861-08c0eb32014b,0.0
2025-03-17,1122af52-d093-11ee-8861-08c0eb32014b,0.0
2025-03-24,1122af52-d093-11ee-8861-08c0eb32014b,0.0
2025-03-31,1122af52-d093-11ee-8861-08c0eb32014b,0.0
2025-04-07,1122af52-d093-11ee-8861-08c0eb32014b,0.0
2025-04-14,1122af52-d093-11ee-8861-08c0eb32014b,0.0
2025-04-21,1122af52-d093-11ee-8861-08c0eb32014b,0.0
2025-04-28,1122af52-d093-11ee-8861-08c0eb32014b,0.0
2025-05-05,1122af52-d093-11ee-8861-08c0eb32014b,0.0
2025-05-12,1122af52-d093-11ee-8861-08c0eb32014b,2.0
2025-05-19,1122af52-d093-11ee-8861-08c0eb32014b,1.0
2025-05-26,1122af52-d093-11ee-8861-08c0eb32014b,2.0
2025-06-02,1122af52-d093-11ee-8861-08c0eb32014b,0.0
2025-06-09,1122af52-d093-11ee-8861-08c0eb32014b,0.0
2025-06-16,1122af52-d093-11ee-8861-08c0eb32014b,3.0
2025-06-23,1122af52-d093-11ee-8861-08c0eb32014b,2.0
2025-06-30,1122af52-d093-11ee-8861-08c0eb32014b,1.0
2025-07-07,1122af52-d093-11ee-8861-08c0eb32014b,0.0
2025-07-14,1122af52-d093-11ee-8861-08c0eb32014b,0.0
2025-07-21,1122af52-d093-11ee-8861-08c0eb32014b,2.0
2025-07-28,1122af52-d093-11ee-8861-08c0eb32014b,2.0
2025-08-04,1122af52-d093-11ee-8861-08c0eb32014b,2.0
2025-08-11,1122af52-d093-11ee-8861-08c0eb32014b,0.0
2025-08-18,1122af52-d093-11ee-8861-08c0eb32014b,0.0
2025-08-25,1122af52-d093-11ee-8861-08c0eb32014b,2.0
2025-09-01,1122af52-d093-11ee-8861-08c0eb32014b,1.0
2025-09-08,1122af52-d093-11ee-8861-08c0eb32014b,2.0
2025-09-15,1122af52-d093-11ee-8861-08c0eb32014b,0.0
2025-09-22,1122af52-d093-11ee-8861-08c0eb32014b,1.0
2025-09-29,1122af52-d093-11ee-8861-08c0eb32014b,4.0
2025-10-06,1122af52-d093-11ee-8861-08c0eb32014b,2.0
2025-10-13,1122af52-d093-11ee-8861-08c0eb32014b,4.0
2025-10-20,1122af52-d093-11ee-8861-08c0eb32014b,6.0
2025-10-27,1122af52-d093-11ee-8861-08c0eb32014b,4.0
2025-11-03,116877cd-b633-11ef-b10b-08c0eb31fffb,0.0
2025-11-10,116877cd-b633-11ef-b10b-08c0eb31fffb,0.0
2025-11-17,116877cd-b633-11ef-b10b-08c0eb31fffb,0.0
2025-11-03,116be09a-826b-11eb-85a3-1c34dae33151,1.0
2025-11-10,116be09a-826b-11eb-85a3-1c34dae33151,3.0
2025-11-17,116be09a-826b-11eb-85a3-1c34dae33151,0.0
2025-11-03,117aa1b5-75e5-11ea-95b9-0050560306e1,0.0
2025-11-10,117aa1b5-75e5-11ea-95b9-0050560306e1,2.0
2025-11-17,117aa1b5-75e5-11ea-95b9-0050560306e1,4.0
2025-11-03,117bc703-71ed-11ec-ae6d-08c0eb320147,1.0
2025-11-10,117bc703-71ed-11ec-ae6d-08c0eb320147,1.0
2025-11-17,117bc703-71ed-11ec-ae6d-08c0eb320147,1.0
2025-11-03,117fbd96-c270-11ed-ae77-08c0eb320147,0.0
2025-11-10,117fbd96-c270-11ed-ae77-08c0eb320147,4.0
2025-11-17,117fbd96-c270-11ed-ae77-08c0eb320147,12.0
2025-11-03,1182cbeb-13ab-11f0-9bb2-be3af2b6059f,0.0
2025-11-10,1182cbeb-13ab-11f0-9bb2-be3af2b6059f,2.0
2025-11-17,1182cbeb-13ab-11f0-9bb2-be3af2b6059f,0.0
2025-11-03,11957b7a-862c-11ef-b973-08c0eb32008b,6.0
2025-11-10,11957b7a-862c-11ef-b973-08c0eb32008b,3.0
2025-11-17,11957b7a-862c-11ef-b973-08c0eb32008b,2.0
2025-11-03,11b5d05d-9c35-11ef-b10b-08c0eb31fffb,0.0
2025-11-10,11b5d05d-9c35-11ef-b10b-08c0eb31fffb,0.0
2025-11-17,11b5d05d-9c35-11ef-b10b-08c0eb31fffb,0.0
2025-11-03,122201df-7980-11ee-b972-08c0eb32008b,4.0
2025-11-10,122201df-7980-11ee-b972-08c0eb32008b,6.0
2025-11-17,122201df-7980-11ee-b972-08c0eb32008b,6.0
2025-11-03,1236b6d6-5735-11f0-a97c-be3af2b6059f,4.0
2025-11-10,1236b6d6-5735-11f0-a97c-be3af2b6059f,4.0
2025-11-17,1236b6d6-5735-11f0-a97c-be3af2b6059f,5.0
2025-11-03,124fdfc4-495e-11ec-a0ee-ec0d9a21b021,1.0
2025-11-10,124fdfc4-495e-11ec-a0ee-ec0d9a21b021,0.0
2025-11-17,124fdfc4-495e-11ec-a0ee-ec0d9a21b021,5.0
2025-11-03,12523951-51c4-11ec-a0ee-ec0d9a21b021,5.0
2025-11-10,12523951-51c4-11ec-a0ee-ec0d9a21b021,5.0
2025-11-17,12523951-51c4-11ec-a0ee-ec0d9a21b021,4.0
2025-11-03,129695ad-87ae-11ef-b973-08c0eb32008b,4.0
2025-11-10,129695ad-87ae-11ef-b973-08c0eb32008b,3.0
2025-11-17,129695ad-87ae-11ef-b973-08c0eb32008b,8.0
2025-11-03,12d37efa-1cf8-11ea-8d70-0050560306e1,2.0
2025-11-10,12d37efa-1cf8-11ea-8d70-0050560306e1,5.0
2025-11-17,12d37efa-1cf8-11ea-8d70-0050560306e1,1.0
2025-11-03,12d37f00-1cf8-11ea-8d70-0050560306e1,0.0
2025-11-10,12d37f00-1cf8-11ea-8d70-0050560306e1,4.0
2025-11-17,12d37f00-1cf8-11ea-8d70-0050560306e1,2.0
2025-11-03,12d37f02-1cf8-11ea-8d70-0050560306e1,4.0
2025-11-10,12d37f02-1cf8-11ea-8d70-0050560306e1,3.0
2025-11-17,12d37f02-1cf8-11ea-8d70-0050560306e1,4.0
2025-11-03,12fd888a-7e6a-11ec-b967-08c0eb32008b,0.0
2025-11-10,12fd888a-7e6a-11ec-b967-08c0eb32008b,4.0
2025-11-17,12fd888a-7e6a-11ec-b967-08c0eb32008b,5.0
2024-01-01,12ff0515-9aa3-11ea-bc7d-0050560306e1,9.0
2024-01-08,12ff0515-9aa3-11ea-bc7d-0050560306e1,7.0
2024-01-15,12ff0515-9aa3-11ea-bc7d-0050560306e1,11.0
2024-01-22,12ff0515-9aa3-11ea-bc7d-0050560306e1,0.0
2024-01-29,12ff0515-9aa3-11ea-bc7d-0050560306e1,6.0
2024-02-05,12ff0515-9aa3-11ea-bc7d-0050560306e1,7.0
2024-02-12,12ff0515-9aa3-11ea-bc7d-0050560306e1,7.0
2024-03-04,12ff0515-9aa3-11ea-bc7d-0050560306e1,0.0
2024-03-11,12ff0515-9aa3-11ea-bc7d-0050560306e1,0.0
2024-03-18,12ff0515-9aa3-11ea-bc7d-0050560306e1,0.0
2024-03-25,12ff0515-9aa3-11ea-bc7d-0050560306e1,0.0
2024-04-01,12ff0515-9aa3-11ea-bc7d-0050560306e1,0.0
2024-04-08,12ff0515-9aa3-11ea-bc7d-0050560306e1,0.0
2024-04-15,12ff0515-9aa3-11ea-bc7d-0050560306e1,0.0
2024-04-22,12ff0515-9aa3-11ea-bc7d-0050560306e1,0.0
2024-04-29,12ff0515-9aa3-11ea-bc7d-0050560306e1,0.0
2024-05-06,12ff0515-9aa3-11ea-bc7d-0050560306e1,0.0
2024-05-13,12ff0515-9aa3-11ea-bc7d-0050560306e1,0.0
2024-05-20,12ff0515-9aa3-11ea-bc7d-0050560306e1,0.0
2024-05-27,12ff0515-9aa3-11ea-bc7d-0050560306e1,0.0
2024-06-03,12ff0515-9aa3-11ea-bc7d-0050560306e1,0.0
2024-06-10,12ff0515-9aa3-11ea-bc7d-0050560306e1,0.0
2024-06-17,12ff0515-9aa3-11ea-bc7d-0050560306e1,0.0
2024-06-24,12ff0515-9aa3-11ea-bc7d-0050560306e1,0.0
2024-07-01,12ff0515-9aa3-11ea-bc7d-0050560306e1,0.0
2024-07-08,12ff0515-9aa3-11ea-bc7d-0050560306e1,0.0
2024-07-15,12ff0515-9aa3-11ea-bc7d-0050560306e1,0.0
2024-07-22,12ff0515-9aa3-11ea-bc7d-0050560306e1,0.0
2024-07-29,12ff0515-9aa3-11ea-bc7d-0050560306e1,0.0
2024-08-05,12ff0515-9aa3-11ea-bc7d-0050560306e1,0.0
2024-08-12,12ff0515-9aa3-11ea-bc7d-0050560306e1,0.0
2024-08-19,12ff0515-9aa3-11ea-bc7d-0050560306e1,0.0
2024-08-26,12ff0515-9aa3-11ea-bc7d-0050560306e1,0.0
2024-09-02,12ff0515-9aa3-11ea-bc7d-0050560306e1,0.0
2024-09-09,12ff0515-9aa3-11ea-bc7d-0050560306e1,1.0
2024-09-16,12ff0515-9aa3-11ea-bc7d-0050560306e1,1.0
2024-09-23,12ff0515-9aa3-11ea-bc7d-0050560306e1,0.0
2024-09-30,12ff0515-9aa3-11ea-bc7d-0050560306e1,0.0
2024-10-07,12ff0515-9aa3-11ea-bc7d-0050560306e1,0.0
2024-10-14,12ff0515-9aa3-11ea-bc7d-0050560306e1,0.0
2024-10-21,12ff0515-9aa3-11ea-bc7d-0050560306e1,0.0
2024-10-28,12ff0515-9aa3-11ea-bc7d-0050560306e1,0.0
2024-11-04,12ff0515-9aa3-11ea-bc7d-0050560306e1,0.0
2024-11-11,12ff0515-9aa3-11ea-bc7d-0050560306e1,0.0
2024-11-18,12ff0515-9aa3-11ea-bc7d-0050560306e1,0.0
2024-11-25,12ff0515-9aa3-11ea-bc7d-0050560306e1,0.0
2024-12-02,12ff0515-9aa3-11ea-bc7d-0050560306e1,0.0
2024-12-09,12ff0515-9aa3-11ea-bc7d-0050560306e1,0.0
2024-12-16,12ff0515-9aa3-11ea-bc7d-0050560306e1,0.0
2024-12-23,12ff0515-9aa3-11ea-bc7d-0050560306e1,0.0
2024-12-30,12ff0515-9aa3-11ea-bc7d-0050560306e1,0.0
2025-01-06,12ff0515-9aa3-11ea-bc7d-0050560306e1,0.0
2025-01-13,12ff0515-9aa3-11ea-bc7d-0050560306e1,0.0
2025-01-20,12ff0515-9aa3-11ea-bc7d-0050560306e1,0.0
2025-01-27,12ff0515-9aa3-11ea-bc7d-0050560306e1,0.0
2025-02-03,12ff0515-9aa3-11ea-bc7d-0050560306e1,0.0
2025-02-10,12ff0515-9aa3-11ea-bc7d-0050560306e1,0.0
2025-02-17,12ff0515-9aa3-11ea-bc7d-0050560306e1,0.0
2025-02-24,12ff0515-9aa3-11ea-bc7d-0050560306e1,0.0
2025-03-03,12ff0515-9aa3-11ea-bc7d-0050560306e1,0.0
2025-03-10,12ff0515-9aa3-11ea-bc7d-0050560306e1,0.0
2025-03-17,12ff0515-9aa3-11ea-bc7d-0050560306e1,0.0
2025-03-24,12ff0515-9aa3-11ea-bc7d-0050560306e1,0.0
2025-03-31,12ff0515-9aa3-11ea-bc7d-0050560306e1,0.0
2025-04-07,12ff0515-9aa3-11ea-bc7d-0050560306e1,0.0
2025-04-14,12ff0515-9aa3-11ea-bc7d-0050560306e1,3.0
2025-04-21,12ff0515-9aa3-11ea-bc7d-0050560306e1,2.0
2025-04-28,12ff0515-9aa3-11ea-bc7d-0050560306e1,0.0
2025-05-05,12ff0515-9aa3-11ea-bc7d-0050560306e1,2.0
2025-05-12,12ff0515-9aa3-11ea-bc7d-0050560306e1,0.0
2025-05-19,12ff0515-9aa3-11ea-bc7d-0050560306e1,0.0
2025-05-26,12ff0515-9aa3-11ea-bc7d-0050560306e1,0.0
2025-06-02,12ff0515-9aa3-11ea-bc7d-0050560306e1,0.0
2025-06-09,12ff0515-9aa3-11ea-bc7d-0050560306e1,0.0
2025-06-16,12ff0515-9aa3-11ea-bc7d-0050560306e1,0.0
2025-06-23,12ff0515-9aa3-11ea-bc7d-0050560306e1,0.0
2025-06-30,12ff0515-9aa3-11ea-bc7d-0050560306e1,0.0
2025-07-07,12ff0515-9aa3-11ea-bc7d-0050560306e1,0.0
2025-07-14,12ff0515-9aa3-11ea-bc7d-0050560306e1,0.0
2025-07-21,12ff0515-9aa3-11ea-bc7d-0050560306e1,0.0
2025-07-28,12ff0515-9aa3-11ea-bc7d-0050560306e1,1.0
2025-08-04,12ff0515-9aa3-11ea-bc7d-0050560306e1,2.0
2025-08-11,12ff0515-9aa3-11ea-bc7d-0050560306e1,1.0
2025-08-18,12ff0515-9aa3-11ea-bc7d-0050560306e1,0.0
2025-08-25,12ff0515-9aa3-11ea-bc7d-0050560306e1,0.0
2025-09-01,12ff0515-9aa3-11ea-bc7d-0050560306e1,1.0
2025-09-08,12ff0515-9aa3-11ea-bc7d-0050560306e1,0.0
2025-09-15,12ff0515-9aa3-11ea-bc7d-0050560306e1,0.0
2025-09-22,12ff0515-9aa3-11ea-bc7d-0050560306e1,1.0
2025-09-29,12ff0515-9aa3-11ea-bc7d-0050560306e1,0.0
2025-10-06,12ff0515-9aa3-11ea-bc7d-0050560306e1,0.0
2025-10-13,12ff0515-9aa3-11ea-bc7d-0050560306e1,0.0
2025-10-20,12ff0515-9aa3-11ea-bc7d-0050560306e1,0.0
2025-10-27,12ff0515-9aa3-11ea-bc7d-0050560306e1,0.0
2025-11-03,131fb920-a954-11ea-9e08-0050560306e1,0.0
2025-11-10,131fb920-a954-11ea-9e08-0050560306e1,0.0
2025-11-17,131fb920-a954-11ea-9e08-0050560306e1,0.0
2025-11-03,13231899-594a-11ea-8385-0050560306e1,7.0
2025-11-10,13231899-594a-11ea-8385-0050560306e1,8.0
2025-11-17,13231899-594a-11ea-8385-0050560306e1,11.0
2025-11-03,132f4713-93d7-11ec-b0fc-08c0eb31fffb,0.0
2025-11-10,132f4713-93d7-11ec-b0fc-08c0eb31fffb,0.0
2025-11-17,132f4713-93d7-11ec-b0fc-08c0eb31fffb,0.0
2025-11-03,1352de63-ff9e-11ed-b10a-08c0eb31fffb,1.0
2025-11-10,1352de63-ff9e-11ed-b10a-08c0eb31fffb,2.0
2025-11-17,1352de63-ff9e-11ed-b10a-08c0eb31fffb,5.0
2025-11-03,1388f843-a5a2-11ef-b973-08c0eb32008b,0.0
2025-11-10,1388f843-a5a2-11ef-b973-08c0eb32008b,1.0
2025-11-17,1388f843-a5a2-11ef-b973-08c0eb32008b,0.0
2025-11-03,13b02cd1-d6f5-11ee-b10b-08c0eb31fffb,0.0
2025-11-10,13b02cd1-d6f5-11ee-b10b-08c0eb31fffb,0.0
2025-11-17,13b02cd1-d6f5-11ee-b10b-08c0eb31fffb,2.0
2025-11-03,13b06f0c-053f-11ee-885e-08c0eb32014b,0.0
2025-11-10,13b06f0c-053f-11ee-885e-08c0eb32014b,0.0
2025-11-17,13b06f0c-053f-11ee-885e-08c0eb32014b,0.0
2025-11-03,13bcbff5-41f9-11f0-aa25-be3af2b6059f,0.0
2025-11-10,13bcbff5-41f9-11f0-aa25-be3af2b6059f,1.0
2025-11-17,13bcbff5-41f9-11f0-aa25-be3af2b6059f,1.0
2025-11-03,13c668aa-b33f-11eb-85ab-1c34dae33151,2.0
2025-11-10,13c668aa-b33f-11eb-85ab-1c34dae33151,4.0
2025-11-17,13c668aa-b33f-11eb-85ab-1c34dae33151,3.0
2025-11-03,13d68d1c-0c82-11ef-ae7a-08c0eb320147,1.0
2025-11-10,13d68d1c-0c82-11ef-ae7a-08c0eb320147,1.0
2025-11-17,13d68d1c-0c82-11ef-ae7a-08c0eb320147,0.0
2025-11-03,140eb3a2-edb7-11ee-ae7a-08c0eb320147,1.0
2025-11-10,140eb3a2-edb7-11ee-ae7a-08c0eb320147,2.0
2025-11-17,140eb3a2-edb7-11ee-ae7a-08c0eb320147,3.0
2025-11-03,142214bd-d56c-11ee-b973-08c0eb32008b,1.0
2025-11-10,142214bd-d56c-11ee-b973-08c0eb32008b,0.0
2025-11-17,142214bd-d56c-11ee-b973-08c0eb32008b,3.0
2025-11-03,144acc71-8239-11ef-8861-08c0eb32014b,3.0
2025-11-10,144acc71-8239-11ef-8861-08c0eb32014b,3.0
2025-11-17,144acc71-8239-11ef-8861-08c0eb32014b,4.0
2025-11-03,1453a643-bd42-11ea-b7de-0050560306e1,5.0
2025-11-10,1453a643-bd42-11ea-b7de-0050560306e1,6.0
2025-11-17,1453a643-bd42-11ea-b7de-0050560306e1,5.0
2025-11-03,149533d9-a037-11ef-8861-08c0eb32014b,4.0
2025-11-10,149533d9-a037-11ef-8861-08c0eb32014b,1.0
2025-11-17,149533d9-a037-11ef-8861-08c0eb32014b,3.0
2025-11-03,1523ba00-353e-11ee-ae78-08c0eb320147,0.0
2025-11-10,1523ba00-353e-11ee-ae78-08c0eb320147,2.0
2025-11-17,1523ba00-353e-11ee-ae78-08c0eb320147,2.0
2025-11-03,1530d12f-c763-11eb-85ac-1c34dae33151,0.0
2025-11-10,1530d12f-c763-11eb-85ac-1c34dae33151,0.0
2025-11-17,1530d12f-c763-11eb-85ac-1c34dae33151,0.0
2025-11-03,1565c09a-e080-11ee-b973-08c0eb32008b,0.0
2025-11-10,1565c09a-e080-11ee-b973-08c0eb32008b,5.0
2025-11-17,1565c09a-e080-11ee-b973-08c0eb32008b,3.0
2025-11-03,157b61ef-c26d-11ed-b970-08c0eb32008b,0.0
2025-11-10,157b61ef-c26d-11ed-b970-08c0eb32008b,13.0
2025-11-17,157b61ef-c26d-11ed-b970-08c0eb32008b,11.0
2025-11-03,1589b9ae-f4e8-11ef-aa23-be3af2b6059f,4.0
2025-11-10,1589b9ae-f4e8-11ef-aa23-be3af2b6059f,1.0
2025-11-17,1589b9ae-f4e8-11ef-aa23-be3af2b6059f,2.0
2025-11-03,15977107-70c6-11ed-b107-08c0eb31fffb,3.0
2025-11-10,15977107-70c6-11ed-b107-08c0eb31fffb,2.0
2025-11-17,15977107-70c6-11ed-b107-08c0eb31fffb,7.0
2025-11-03,15ab49d9-43ac-11ec-a0ee-ec0d9a21b021,4.0
2025-11-10,15ab49d9-43ac-11ec-a0ee-ec0d9a21b021,2.0
2025-11-17,15ab49d9-43ac-11ec-a0ee-ec0d9a21b021,4.0
2025-11-03,15ec37f2-50e9-11ef-b973-08c0eb32008b,0.0
2025-11-10,15ec37f2-50e9-11ef-b973-08c0eb32008b,0.0
2025-11-17,15ec37f2-50e9-11ef-b973-08c0eb32008b,1.0
2025-11-03,15ec6310-87af-11eb-85a3-1c34dae33151,5.0
2025-11-10,15ec6310-87af-11eb-85a3-1c34dae33151,1.0
2025-11-17,15ec6310-87af-11eb-85a3-1c34dae33151,0.0
2025-11-03,15f3ff75-190d-11eb-8599-1c34dae33151,0.0
2025-11-10,15f3ff75-190d-11eb-8599-1c34dae33151,0.0
2025-11-17,15f3ff75-190d-11eb-8599-1c34dae33151,1.0
2025-11-03,15fe19b9-8ac4-11ea-aff3-0050560306e1,10.0
2025-11-10,15fe19b9-8ac4-11ea-aff3-0050560306e1,4.0
2025-11-17,15fe19b9-8ac4-11ea-aff3-0050560306e1,5.0
2025-11-03,160474f4-2dbb-11ec-a0ee-ec0d9a21b021,1.0
2025-11-10,160474f4-2dbb-11ec-a0ee-ec0d9a21b021,4.0
2025-11-17,160474f4-2dbb-11ec-a0ee-ec0d9a21b021,2.0
2025-11-03,161de04d-48e8-11ea-8a1c-0050560306e1,2.0
2025-11-10,161de04d-48e8-11ea-8a1c-0050560306e1,2.0
2025-11-17,161de04d-48e8-11ea-8a1c-0050560306e1,7.0
2025-11-03,16465cc7-06e9-11ee-b10a-08c0eb31fffb,0.0
2025-11-10,16465cc7-06e9-11ee-b10a-08c0eb31fffb,0.0
2025-11-17,16465cc7-06e9-11ee-b10a-08c0eb31fffb,1.0
2025-11-03,16809cb1-3c8b-11ec-85ad-1c34dae33151,0.0
2025-11-10,16809cb1-3c8b-11ec-85ad-1c34dae33151,3.0
2025-11-17,16809cb1-3c8b-11ec-85ad-1c34dae33151,4.0
2025-11-03,16a8cc2a-4d60-11ee-b971-08c0eb32008b,3.0
2025-11-10,16a8cc2a-4d60-11ee-b971-08c0eb32008b,3.0
2025-11-17,16a8cc2a-4d60-11ee-b971-08c0eb32008b,5.0
2025-11-03,16c22de8-1b4c-11ee-b971-08c0eb32008b,5.0
2025-11-10,16c22de8-1b4c-11ee-b971-08c0eb32008b,4.0
2025-11-17,16c22de8-1b4c-11ee-b971-08c0eb32008b,3.0
2025-11-03,176b57b2-d18d-11ea-b7de-0050560306e1,0.0
2025-11-10,176b57b2-d18d-11ea-b7de-0050560306e1,9.0
2025-11-17,176b57b2-d18d-11ea-b7de-0050560306e1,3.0
2025-11-03,1786df5a-250f-11ec-a0ee-ec0d9a21b021,4.0
2025-11-10,1786df5a-250f-11ec-a0ee-ec0d9a21b021,10.0
2025-11-17,1786df5a-250f-11ec-a0ee-ec0d9a21b021,11.0
2025-11-03,17e84091-3800-11ec-85ad-1c34dae33151,3.0
2025-11-10,17e84091-3800-11ec-85ad-1c34dae33151,2.0
2025-11-17,17e84091-3800-11ec-85ad-1c34dae33151,5.0
2025-11-03,17ea18e1-abb7-11ed-b970-08c0eb32008b,5.0
2025-11-10,17ea18e1-abb7-11ed-b970-08c0eb32008b,8.0
2025-11-17,17ea18e1-abb7-11ed-b970-08c0eb32008b,4.0
2025-11-03,1808e952-eb89-11eb-a0ee-ec0d9a21b021,0.0
2025-11-10,1808e952-eb89-11eb-a0ee-ec0d9a21b021,1.0
2025-11-17,1808e952-eb89-11eb-a0ee-ec0d9a21b021,3.0
2025-11-03,180f58e1-71c2-11ed-ae75-08c0eb320147,2.0
2025-11-10,180f58e1-71c2-11ed-ae75-08c0eb320147,2.0
2025-11-17,180f58e1-71c2-11ed-ae75-08c0eb320147,2.0
2025-11-03,1823a073-d309-11ea-8598-1c34dae33151,0.0
2025-11-10,1823a073-d309-11ea-8598-1c34dae33151,1.0
2025-11-17,1823a073-d309-11ea-8598-1c34dae33151,0.0
2025-11-03,1834fc23-92b6-11ed-ae77-08c0eb320147,0.0
2025-11-10,1834fc23-92b6-11ed-ae77-08c0eb320147,3.0
2025-11-17,1834fc23-92b6-11ed-ae77-08c0eb320147,0.0
2025-11-03,1841cdc6-9134-11ef-8861-08c0eb32014b,0.0
2025-11-10,1841cdc6-9134-11ef-8861-08c0eb32014b,0.0
2025-11-17,1841cdc6-9134-11ef-8861-08c0eb32014b,0.0
2025-11-03,185acb9d-4ede-11eb-85a3-1c34dae33151,5.0
2025-11-10,185acb9d-4ede-11eb-85a3-1c34dae33151,5.0
2025-11-17,185acb9d-4ede-11eb-85a3-1c34dae33151,8.0
2025-11-03,185c935f-f3e5-11ed-ae78-08c0eb320147,0.0
2025-11-10,185c935f-f3e5-11ed-ae78-08c0eb320147,2.0
2025-11-17,185c935f-f3e5-11ed-ae78-08c0eb320147,3.0
2025-11-03,1865e8b2-3b57-11ed-ae72-08c0eb320147,5.0
2025-11-10,1865e8b2-3b57-11ed-ae72-08c0eb320147,8.0
2025-11-17,1865e8b2-3b57-11ed-ae72-08c0eb320147,7.0
2025-11-10,187c25d0-871d-11f0-aa25-be3af2b6059f,5.0
2025-11-17,187c25d0-871d-11f0-aa25-be3af2b6059f,0.0
2025-11-03,187eb68e-684b-11ee-b10a-08c0eb31fffb,2.0
2025-11-10,187eb68e-684b-11ee-b10a-08c0eb31fffb,3.0
2025-11-17,187eb68e-684b-11ee-b10a-08c0eb31fffb,1.0
2025-11-03,188014f2-5510-11ed-ae75-08c0eb320147,3.0
2025-11-10,188014f2-5510-11ed-ae75-08c0eb320147,4.0
2025-11-17,188014f2-5510-11ed-ae75-08c0eb320147,5.0
2025-11-03,189fdaaf-d7bc-11ed-b970-08c0eb32008b,1.0
2025-11-10,189fdaaf-d7bc-11ed-b970-08c0eb32008b,2.0
2025-11-17,189fdaaf-d7bc-11ed-b970-08c0eb32008b,3.0
2025-11-03,18cbb1b3-1cf8-11ea-8d70-0050560306e1,1.0
2025-11-10,18cbb1b3-1cf8-11ea-8d70-0050560306e1,3.0
2025-11-17,18cbb1b3-1cf8-11ea-8d70-0050560306e1,2.0
2025-11-03,18cbb1b5-1cf8-11ea-8d70-0050560306e1,0.0
2025-11-10,18cbb1b5-1cf8-11ea-8d70-0050560306e1,0.0
2025-11-17,18cbb1b5-1cf8-11ea-8d70-0050560306e1,2.0
2025-11-03,18cbb1b8-1cf8-11ea-8d70-0050560306e1,1.0
2025-11-10,18cbb1b8-1cf8-11ea-8d70-0050560306e1,1.0
2025-11-17,18cbb1b8-1cf8-11ea-8d70-0050560306e1,1.0
2025-11-03,18cbb1ba-1cf8-11ea-8d70-0050560306e1,3.0
2025-11-10,18cbb1ba-1cf8-11ea-8d70-0050560306e1,3.0
2025-11-17,18cbb1ba-1cf8-11ea-8d70-0050560306e1,3.0
2025-11-03,18cbb1c1-1cf8-11ea-8d70-0050560306e1,4.0
2025-11-10,18cbb1c1-1cf8-11ea-8d70-0050560306e1,1.0
2025-11-17,18cbb1c1-1cf8-11ea-8d70-0050560306e1,5.0
2025-11-03,18cbb1c3-1cf8-11ea-8d70-0050560306e1,8.0
2025-11-10,18cbb1c3-1cf8-11ea-8d70-0050560306e1,10.0
2025-11-17,18cbb1c3-1cf8-11ea-8d70-0050560306e1,7.0
2025-11-03,18cbb1c8-1cf8-11ea-8d70-0050560306e1,3.0
2025-11-10,18cbb1c8-1cf8-11ea-8d70-0050560306e1,0.0
2025-11-17,18cbb1c8-1cf8-11ea-8d70-0050560306e1,0.0
2025-11-03,18cc5c97-abb5-11ed-b109-08c0eb31fffb,2.0
2025-11-10,18cc5c97-abb5-11ed-b109-08c0eb31fffb,4.0
2025-11-17,18cc5c97-abb5-11ed-b109-08c0eb31fffb,2.0
2025-11-03,18e13eea-34d6-11ed-b106-08c0eb31fffb,2.0
2025-11-10,18e13eea-34d6-11ed-b106-08c0eb31fffb,9.0
2025-11-17,18e13eea-34d6-11ed-b106-08c0eb31fffb,7.0
2025-11-03,1945dcee-71d9-11eb-85a3-1c34dae33151,0.0
2025-11-10,1945dcee-71d9-11eb-85a3-1c34dae33151,4.0
2025-11-17,1945dcee-71d9-11eb-85a3-1c34dae33151,2.0
2025-11-03,1951f3b6-cf28-11ee-8861-08c0eb32014b,0.0
2025-11-10,1951f3b6-cf28-11ee-8861-08c0eb32014b,0.0
2025-11-17,1951f3b6-cf28-11ee-8861-08c0eb32014b,0.0
2025-11-03,196dc412-9456-11ea-abac-0050560306e1,0.0
2025-11-10,196dc412-9456-11ea-abac-0050560306e1,0.0
2025-11-17,196dc412-9456-11ea-abac-0050560306e1,0.0
2025-11-03,19952278-f3e3-11ed-b971-08c0eb32008b,4.0
2025-11-10,19952278-f3e3-11ed-b971-08c0eb32008b,4.0
2025-11-17,19952278-f3e3-11ed-b971-08c0eb32008b,1.0
2025-11-03,1997528b-5231-11ee-b10a-08c0eb31fffb,0.0
2025-11-10,1997528b-5231-11ee-b10a-08c0eb31fffb,0.0
2025-11-17,1997528b-5231-11ee-b10a-08c0eb31fffb,1.0
2025-11-03,19c58696-3733-11ec-a0ee-ec0d9a21b021,0.0
2025-11-10,19c58696-3733-11ec-a0ee-ec0d9a21b021,0.0
2025-11-17,19c58696-3733-11ec-a0ee-ec0d9a21b021,0.0
2025-11-03,19c7260e-2e24-11ef-b973-08c0eb32008b,1.0
2025-11-10,19c7260e-2e24-11ef-b973-08c0eb32008b,0.0
2025-11-17,19c7260e-2e24-11ef-b973-08c0eb32008b,0.0
2025-11-03,19f556af-297b-11ef-ae7a-08c0eb320147,1.0
2025-11-10,19f556af-297b-11ef-ae7a-08c0eb320147,4.0
2025-11-17,19f556af-297b-11ef-ae7a-08c0eb320147,4.0
2025-11-03,19f9ddeb-4d37-11ec-a0ee-ec0d9a21b021,2.0
2025-11-10,19f9ddeb-4d37-11ec-a0ee-ec0d9a21b021,1.0
2025-11-17,19f9ddeb-4d37-11ec-a0ee-ec0d9a21b021,1.0
2025-11-03,1a12c713-d8b0-11ea-8599-1c34dae33151,0.0
2025-11-10,1a12c713-d8b0-11ea-8599-1c34dae33151,0.0
2025-11-17,1a12c713-d8b0-11ea-8599-1c34dae33151,0.0
2025-11-03,1a17b054-c26f-11ed-b970-08c0eb32008b,0.0
2025-11-10,1a17b054-c26f-11ed-b970-08c0eb32008b,1.0
2025-11-17,1a17b054-c26f-11ed-b970-08c0eb32008b,3.0
2025-11-03,1a2c81f3-5370-11ec-a0ee-ec0d9a21b021,3.0
2025-11-10,1a2c81f3-5370-11ec-a0ee-ec0d9a21b021,3.0
2025-11-17,1a2c81f3-5370-11ec-a0ee-ec0d9a21b021,3.0
2025-11-03,1a456220-e504-11ee-b10b-08c0eb31fffb,1.0
2025-11-10,1a456220-e504-11ee-b10b-08c0eb31fffb,0.0
2025-11-17,1a456220-e504-11ee-b10b-08c0eb31fffb,3.0
2025-11-03,1a848d4e-c5f2-11ee-b10b-08c0eb31fffb,0.0
2025-11-10,1a848d4e-c5f2-11ee-b10b-08c0eb31fffb,8.0
2025-11-17,1a848d4e-c5f2-11ee-b10b-08c0eb31fffb,4.0
2025-11-03,1a92cf36-4960-11ec-a0ee-ec0d9a21b021,1.0
2025-11-10,1a92cf36-4960-11ec-a0ee-ec0d9a21b021,4.0
2025-11-17,1a92cf36-4960-11ec-a0ee-ec0d9a21b021,0.0
2025-11-03,1ad28071-ac78-11ed-ae77-08c0eb320147,2.0
2025-11-10,1ad28071-ac78-11ed-ae77-08c0eb320147,1.0
2025-11-17,1ad28071-ac78-11ed-ae77-08c0eb320147,3.0
2025-11-03,1b1216e4-92b7-11ed-ae77-08c0eb320147,0.0
2025-11-10,1b1216e4-92b7-11ed-ae77-08c0eb320147,0.0
2025-11-17,1b1216e4-92b7-11ed-ae77-08c0eb320147,2.0
2025-11-03,1b2b7373-1a29-11ec-a0ee-ec0d9a21b021,4.0
2025-11-10,1b2b7373-1a29-11ec-a0ee-ec0d9a21b021,3.0
2025-11-17,1b2b7373-1a29-11ec-a0ee-ec0d9a21b021,8.0
2025-11-03,1b32c6cf-f3f4-11ed-b971-08c0eb32008b,1.0
2025-11-10,1b32c6cf-f3f4-11ed-b971-08c0eb32008b,2.0
2025-11-17,1b32c6cf-f3f4-11ed-b971-08c0eb32008b,1.0
2025-11-03,1b3d73f4-95a7-11ed-b970-08c0eb32008b,0.0
2025-11-10,1b3d73f4-95a7-11ed-b970-08c0eb32008b,1.0
2025-11-17,1b3d73f4-95a7-11ed-b970-08c0eb32008b,1.0
2025-11-03,1b56170b-caad-11eb-85ac-1c34dae33151,0.0
2025-11-10,1b56170b-caad-11eb-85ac-1c34dae33151,0.0
2025-11-17,1b56170b-caad-11eb-85ac-1c34dae33151,0.0
2025-11-03,1b66f382-63e3-11ed-ae75-08c0eb320147,2.0
2025-11-10,1b66f382-63e3-11ed-ae75-08c0eb320147,0.0
2025-11-17,1b66f382-63e3-11ed-ae75-08c0eb320147,1.0
2025-11-03,1b7e4931-1ec3-11f0-aa3c-be3af2b6059f,5.0
2025-11-10,1b7e4931-1ec3-11f0-aa3c-be3af2b6059f,3.0
2025-11-17,1b7e4931-1ec3-11f0-aa3c-be3af2b6059f,6.0
2025-11-03,1b9adc02-5117-11ec-85ad-1c34dae33151,5.0
2025-11-10,1b9adc02-5117-11ec-85ad-1c34dae33151,5.0
2025-11-17,1b9adc02-5117-11ec-85ad-1c34dae33151,5.0
2025-11-03,1ba36542-1cd5-11ef-b10b-08c0eb31fffb,4.0
2025-11-10,1ba36542-1cd5-11ef-b10b-08c0eb31fffb,5.0
2025-11-17,1ba36542-1cd5-11ef-b10b-08c0eb31fffb,2.0
2025-11-03,1c0480b0-816c-11eb-85a3-1c34dae33151,0.0
2025-11-10,1c0480b0-816c-11eb-85a3-1c34dae33151,0.0
2025-11-17,1c0480b0-816c-11eb-85a3-1c34dae33151,2.0
2025-11-03,1c1b3f50-4413-11ef-8861-08c0eb32014b,5.0
2025-11-10,1c1b3f50-4413-11ef-8861-08c0eb32014b,13.0
2025-11-17,1c1b3f50-4413-11ef-8861-08c0eb32014b,16.0
2025-11-03,1c27ec0e-27a8-11ee-b971-08c0eb32008b,1.0
2025-11-10,1c27ec0e-27a8-11ee-b971-08c0eb32008b,0.0
2025-11-17,1c27ec0e-27a8-11ee-b971-08c0eb32008b,0.0
2025-11-03,1c2a5a78-dc31-11ec-8859-08c0eb32014b,1.0
2025-11-10,1c2a5a78-dc31-11ec-8859-08c0eb32014b,0.0
2025-11-17,1c2a5a78-dc31-11ec-8859-08c0eb32014b,3.0
2025-11-03,1c3d225f-3b48-11ee-885f-08c0eb32014b,0.0
2025-11-10,1c3d225f-3b48-11ee-885f-08c0eb32014b,0.0
2025-11-17,1c3d225f-3b48-11ee-885f-08c0eb32014b,0.0
2025-11-03,1c47cf9c-769e-11f0-a5cb-7cc255b74513,4.0
2025-11-10,1c47cf9c-769e-11f0-a5cb-7cc255b74513,0.0
2025-11-17,1c47cf9c-769e-11f0-a5cb-7cc255b74513,0.0
2025-11-03,1c58047e-48b0-11ed-885a-08c0eb32014b,0.0
2025-11-10,1c58047e-48b0-11ed-885a-08c0eb32014b,3.0
2025-11-17,1c58047e-48b0-11ed-885a-08c0eb32014b,3.0
2025-11-03,1c670486-c269-11ed-b970-08c0eb32008b,3.0
2025-11-10,1c670486-c269-11ed-b970-08c0eb32008b,0.0
2025-11-17,1c670486-c269-11ed-b970-08c0eb32008b,0.0
2025-11-03,1c7f50cd-38bf-11ec-a0ee-ec0d9a21b021,0.0
2025-11-10,1c7f50cd-38bf-11ec-a0ee-ec0d9a21b021,3.0
2025-11-17,1c7f50cd-38bf-11ec-a0ee-ec0d9a21b021,3.0
2025-11-03,1c831f3b-8c8c-11eb-85a8-1c34dae33151,0.0
2025-11-10,1c831f3b-8c8c-11eb-85a8-1c34dae33151,2.0
2025-11-17,1c831f3b-8c8c-11eb-85a8-1c34dae33151,6.0
2025-11-03,1c86ed69-2884-11ed-885a-08c0eb32014b,0.0
2025-11-10,1c86ed69-2884-11ed-885a-08c0eb32014b,0.0
2025-11-17,1c86ed69-2884-11ed-885a-08c0eb32014b,1.0
2025-11-03,1c967ec2-f7fe-11ea-8599-1c34dae33151,0.0
2025-11-10,1c967ec2-f7fe-11ea-8599-1c34dae33151,0.0
2025-11-17,1c967ec2-f7fe-11ea-8599-1c34dae33151,2.0
2025-11-03,1c9bacf9-5456-11ec-85ad-1c34dae33151,5.0
2025-11-10,1c9bacf9-5456-11ec-85ad-1c34dae33151,4.0
2025-11-17,1c9bacf9-5456-11ec-85ad-1c34dae33151,7.0
2025-11-03,1cad536e-7d20-11ed-b970-08c0eb32008b,3.0
2025-11-10,1cad536e-7d20-11ed-b970-08c0eb32008b,3.0
2025-11-17,1cad536e-7d20-11ed-b970-08c0eb32008b,2.0
2025-11-17,1cbeffb6-f4e7-11ef-aa23-be3af2b6059f,10.0
2025-11-03,1cc3c959-a19b-11ef-ae7a-08c0eb320147,0.0
2025-11-10,1cc3c959-a19b-11ef-ae7a-08c0eb320147,1.0
2025-11-17,1cc3c959-a19b-11ef-ae7a-08c0eb320147,2.0
2025-11-03,1cfd5b52-5e3f-11ef-b973-08c0eb32008b,0.0
2025-11-10,1cfd5b52-5e3f-11ef-b973-08c0eb32008b,3.0
2025-11-17,1cfd5b52-5e3f-11ef-b973-08c0eb32008b,7.0
2025-11-03,1d035961-19d0-11ef-b10b-08c0eb31fffb,3.0
2025-11-10,1d035961-19d0-11ef-b10b-08c0eb31fffb,3.0
2025-11-17,1d035961-19d0-11ef-b10b-08c0eb31fffb,3.0
2025-11-03,1d0942ff-75ef-11ea-a214-0050560307be,4.0
2025-11-10,1d0942ff-75ef-11ea-a214-0050560307be,10.0
2025-11-17,1d0942ff-75ef-11ea-a214-0050560307be,2.0
2025-11-03,1d2f0d9d-c452-11eb-a0ec-ec0d9a21b021,4.0
2025-11-10,1d2f0d9d-c452-11eb-a0ec-ec0d9a21b021,4.0
2025-11-17,1d2f0d9d-c452-11eb-a0ec-ec0d9a21b021,2.0
2025-11-03,1d498962-43af-11ec-a0ee-ec0d9a21b021,3.0
2025-11-10,1d498962-43af-11ec-a0ee-ec0d9a21b021,3.0
2025-11-17,1d498962-43af-11ec-a0ee-ec0d9a21b021,5.0
2025-11-03,1d50097a-0d36-11ef-8861-08c0eb32014b,0.0
2025-11-10,1d50097a-0d36-11ef-8861-08c0eb32014b,0.0
2025-11-17,1d50097a-0d36-11ef-8861-08c0eb32014b,0.0
2025-11-03,1d6c3fbe-7410-11ee-b10a-08c0eb31fffb,0.0
2025-11-10,1d6c3fbe-7410-11ee-b10a-08c0eb31fffb,2.0
2025-11-17,1d6c3fbe-7410-11ee-b10a-08c0eb31fffb,3.0
2025-11-03,1da9239f-a9ab-11eb-85ab-1c34dae33151,0.0
2025-11-10,1da9239f-a9ab-11eb-85ab-1c34dae33151,1.0
2025-11-17,1da9239f-a9ab-11eb-85ab-1c34dae33151,2.0
2025-11-03,1df990e4-ba99-11ee-b973-08c0eb32008b,0.0
2025-11-10,1df990e4-ba99-11ee-b973-08c0eb32008b,0.0
2025-11-17,1df990e4-ba99-11ee-b973-08c0eb32008b,0.0
2025-11-03,1e07788d-cfe5-11ee-b973-08c0eb32008b,1.0
2025-11-10,1e07788d-cfe5-11ee-b973-08c0eb32008b,2.0
2025-11-17,1e07788d-cfe5-11ee-b973-08c0eb32008b,2.0
2025-11-03,1e1b154c-0147-11ee-b10a-08c0eb31fffb,5.0
2025-11-10,1e1b154c-0147-11ee-b10a-08c0eb31fffb,6.0
2025-11-17,1e1b154c-0147-11ee-b10a-08c0eb31fffb,3.0
2025-11-03,1e2c354c-50ea-11ef-b973-08c0eb32008b,0.0
2025-11-10,1e2c354c-50ea-11ef-b973-08c0eb32008b,0.0
2025-11-17,1e2c354c-50ea-11ef-b973-08c0eb32008b,3.0
2025-11-03,1e407455-d8be-11eb-85ac-1c34dae33151,0.0
2025-11-10,1e407455-d8be-11eb-85ac-1c34dae33151,0.0
2025-11-17,1e407455-d8be-11eb-85ac-1c34dae33151,0.0
2025-11-03,1e6ff7ef-20f4-11f0-aa25-be3af2b6059f,7.0
2025-11-10,1e6ff7ef-20f4-11f0-aa25-be3af2b6059f,3.0
2025-11-17,1e6ff7ef-20f4-11f0-aa25-be3af2b6059f,2.0
2025-11-03,1e794ec9-2725-11ef-ae7a-08c0eb320147,0.0
2025-11-10,1e794ec9-2725-11ef-ae7a-08c0eb320147,0.0
2025-11-17,1e794ec9-2725-11ef-ae7a-08c0eb320147,0.0
2025-11-03,1e7cc9c3-9839-11ef-ae7a-08c0eb320147,0.0
2025-11-10,1e7cc9c3-9839-11ef-ae7a-08c0eb320147,4.0
2025-11-17,1e7cc9c3-9839-11ef-ae7a-08c0eb320147,0.0
2025-11-03,1e815317-4087-11ec-a0ee-ec0d9a21b021,9.0
2025-11-10,1e815317-4087-11ec-a0ee-ec0d9a21b021,10.0
2025-11-17,1e815317-4087-11ec-a0ee-ec0d9a21b021,5.0
2025-11-03,1e97b3ad-77b9-11ec-ae6d-08c0eb320147,4.0
2025-11-10,1e97b3ad-77b9-11ec-ae6d-08c0eb320147,8.0
2025-11-17,1e97b3ad-77b9-11ec-ae6d-08c0eb320147,1.0
2025-11-03,1e9b0552-75e7-11ea-95b9-0050560306e1,1.0
2025-11-10,1e9b0552-75e7-11ea-95b9-0050560306e1,5.0
2025-11-17,1e9b0552-75e7-11ea-95b9-0050560306e1,7.0
2025-11-03,1e9e8c55-7bf2-11ef-b973-08c0eb32008b,6.0
2025-11-10,1e9e8c55-7bf2-11ef-b973-08c0eb32008b,10.0
2025-11-17,1e9e8c55-7bf2-11ef-b973-08c0eb32008b,7.0
2025-11-03,1ea7309f-50a7-11ef-b10b-08c0eb31fffb,0.0
2025-11-10,1ea7309f-50a7-11ef-b10b-08c0eb31fffb,0.0
2025-11-17,1ea7309f-50a7-11ef-b10b-08c0eb31fffb,0.0
2025-11-03,1eeb2089-d7ba-11ed-b970-08c0eb32008b,3.0
2025-11-10,1eeb2089-d7ba-11ed-b970-08c0eb32008b,5.0
2025-11-17,1eeb2089-d7ba-11ed-b970-08c0eb32008b,3.0
2025-11-03,1f055c28-ada3-11ef-b973-08c0eb32008b,5.0
2025-11-10,1f055c28-ada3-11ef-b973-08c0eb32008b,10.0
2025-11-17,1f055c28-ada3-11ef-b973-08c0eb32008b,4.0
2025-11-03,1f255ddf-1691-11ef-8861-08c0eb32014b,6.0
2025-11-10,1f255ddf-1691-11ef-8861-08c0eb32014b,3.0
2025-11-17,1f255ddf-1691-11ef-8861-08c0eb32014b,3.0
2025-11-03,1f62b313-cea5-11ef-9bb0-be3af2b6059f,0.0
2025-11-10,1f62b313-cea5-11ef-9bb0-be3af2b6059f,4.0
2025-11-17,1f62b313-cea5-11ef-9bb0-be3af2b6059f,4.0
2025-11-03,1f7c26f7-5e52-11ec-b0fc-08c0eb31fffb,1.0
2025-11-10,1f7c26f7-5e52-11ec-b0fc-08c0eb31fffb,2.0
2025-11-17,1f7c26f7-5e52-11ec-b0fc-08c0eb31fffb,1.0
2025-11-03,1f7e9900-065c-11f0-a97a-be3af2b6059f,2.0
2025-11-10,1f7e9900-065c-11f0-a97a-be3af2b6059f,5.0
2025-11-17,1f7e9900-065c-11f0-a97a-be3af2b6059f,2.0
2025-11-03,1f8839fe-ac7a-11ed-885d-08c0eb32014b,1.0
2025-11-10,1f8839fe-ac7a-11ed-885d-08c0eb32014b,4.0
2025-11-17,1f8839fe-ac7a-11ed-885d-08c0eb32014b,3.0
2025-11-03,1f8f7466-c264-11ed-ae77-08c0eb320147,3.0
2025-11-10,1f8f7466-c264-11ed-ae77-08c0eb320147,7.0
2025-11-17,1f8f7466-c264-11ed-ae77-08c0eb320147,1.0
2025-11-03,1fa4519a-7534-11ec-b0fc-08c0eb31fffb,3.0
2025-11-10,1fa4519a-7534-11ec-b0fc-08c0eb31fffb,4.0
2025-11-17,1fa4519a-7534-11ec-b0fc-08c0eb31fffb,5.0
2025-11-03,1fa60713-1cf8-11ea-8d70-0050560306e1,10.0
2025-11-10,1fa60713-1cf8-11ea-8d70-0050560306e1,12.0
2025-11-17,1fa60713-1cf8-11ea-8d70-0050560306e1,12.0
2025-11-03,1fa60715-1cf8-11ea-8d70-0050560306e1,0.0
2025-11-10,1fa60715-1cf8-11ea-8d70-0050560306e1,0.0
2025-11-17,1fa60715-1cf8-11ea-8d70-0050560306e1,0.0
2025-11-03,1fa6071a-1cf8-11ea-8d70-0050560306e1,5.0
2025-11-10,1fa6071a-1cf8-11ea-8d70-0050560306e1,7.0
2025-11-17,1fa6071a-1cf8-11ea-8d70-0050560306e1,8.0
2025-11-03,1fa6071e-1cf8-11ea-8d70-0050560306e1,1.0
2025-11-10,1fa6071e-1cf8-11ea-8d70-0050560306e1,3.0
2025-11-17,1fa6071e-1cf8-11ea-8d70-0050560306e1,2.0
2025-11-03,1fa60723-1cf8-11ea-8d70-0050560306e1,3.0
2025-11-10,1fa60723-1cf8-11ea-8d70-0050560306e1,0.0
2025-11-17,1fa60723-1cf8-11ea-8d70-0050560306e1,1.0
2025-11-03,1fa60727-1cf8-11ea-8d70-0050560306e1,8.0
2025-11-10,1fa60727-1cf8-11ea-8d70-0050560306e1,6.0
2025-11-17,1fa60727-1cf8-11ea-8d70-0050560306e1,5.0
2025-11-03,1fa60735-1cf8-11ea-8d70-0050560306e1,6.0
2025-11-10,1fa60735-1cf8-11ea-8d70-0050560306e1,7.0
2025-11-17,1fa60735-1cf8-11ea-8d70-0050560306e1,4.0
2025-11-03,1fa60737-1cf8-11ea-8d70-0050560306e1,0.0
2025-11-10,1fa60737-1cf8-11ea-8d70-0050560306e1,1.0
2025-11-17,1fa60737-1cf8-11ea-8d70-0050560306e1,2.0
2025-11-03,1fd08286-43d1-11ec-85ad-1c34dae33151,4.0
2025-11-10,1fd08286-43d1-11ec-85ad-1c34dae33151,3.0
2025-11-17,1fd08286-43d1-11ec-85ad-1c34dae33151,2.0
2025-11-03,1fefacfa-75ed-11ea-a214-0050560307be,7.0
2025-11-10,1fefacfa-75ed-11ea-a214-0050560307be,6.0
2025-11-17,1fefacfa-75ed-11ea-a214-0050560307be,8.0
2025-11-03,203bc1cc-c13c-11ef-a97a-be3af2b6059f,0.0
2025-11-10,203bc1cc-c13c-11ef-a97a-be3af2b6059f,0.0
2025-11-17,203bc1cc-c13c-11ef-a97a-be3af2b6059f,2.0
2025-11-03,20729887-8f70-11ee-b10b-08c0eb31fffb,0.0
2025-11-10,20729887-8f70-11ee-b10b-08c0eb31fffb,3.0
2025-11-17,20729887-8f70-11ee-b10b-08c0eb31fffb,1.0
2025-11-03,2081f04e-59b7-11ed-ae75-08c0eb320147,0.0
2025-11-10,2081f04e-59b7-11ed-ae75-08c0eb320147,0.0
2025-11-17,2081f04e-59b7-11ed-ae75-08c0eb320147,1.0
2025-11-03,20880eff-400b-11ee-b10a-08c0eb31fffb,3.0
2025-11-10,20880eff-400b-11ee-b10a-08c0eb31fffb,6.0
2025-11-17,20880eff-400b-11ee-b10a-08c0eb31fffb,3.0
2025-11-03,20954d24-465e-11ee-b971-08c0eb32008b,1.0
2025-11-10,20954d24-465e-11ee-b971-08c0eb32008b,4.0
2025-11-17,20954d24-465e-11ee-b971-08c0eb32008b,1.0
2025-11-03,209ff271-79c5-11ec-ae6d-08c0eb320147,2.0
2025-11-10,209ff271-79c5-11ec-ae6d-08c0eb320147,4.0
2025-11-17,209ff271-79c5-11ec-ae6d-08c0eb320147,9.0
2025-11-03,20c2fe3c-92b4-11ed-ae77-08c0eb320147,3.0
2025-11-10,20c2fe3c-92b4-11ed-ae77-08c0eb320147,1.0
2025-11-17,20c2fe3c-92b4-11ed-ae77-08c0eb320147,0.0
2025-11-03,20d33b92-03b6-11ef-b10b-08c0eb31fffb,0.0
2025-11-10,20d33b92-03b6-11ef-b10b-08c0eb31fffb,0.0
2025-11-17,20d33b92-03b6-11ef-b10b-08c0eb31fffb,0.0
2025-11-03,20d8a91c-fd90-11ee-b973-08c0eb32008b,2.0
2025-11-10,20d8a91c-fd90-11ee-b973-08c0eb32008b,1.0
2025-11-17,20d8a91c-fd90-11ee-b973-08c0eb32008b,0.0
2025-11-03,20fabce6-234a-11ef-b973-08c0eb32008b,2.0
2025-11-10,20fabce6-234a-11ef-b973-08c0eb32008b,4.0
2025-11-17,20fabce6-234a-11ef-b973-08c0eb32008b,1.0
2025-11-03,20fc76c0-acb3-11ef-ae7a-08c0eb320147,1.0
2025-11-10,20fc76c0-acb3-11ef-ae7a-08c0eb320147,1.0
2025-11-17,20fc76c0-acb3-11ef-ae7a-08c0eb320147,0.0
2025-11-03,2103230d-dbdb-11ea-8599-1c34dae33151,0.0
2025-11-10,2103230d-dbdb-11ea-8599-1c34dae33151,0.0
2025-11-17,2103230d-dbdb-11ea-8599-1c34dae33151,1.0
2025-11-03,210b8174-c261-11ed-885d-08c0eb32014b,3.0
2025-11-10,210b8174-c261-11ed-885d-08c0eb32014b,5.0
2025-11-17,210b8174-c261-11ed-885d-08c0eb32014b,3.0
2025-11-03,21372924-c265-11ed-ae77-08c0eb320147,2.0
2025-11-10,21372924-c265-11ed-ae77-08c0eb320147,0.0
2025-11-17,21372924-c265-11ed-ae77-08c0eb320147,0.0
2025-11-03,21474e7b-50ef-11ef-b973-08c0eb32008b,9.0
2025-11-10,21474e7b-50ef-11ef-b973-08c0eb32008b,8.0
2025-11-17,21474e7b-50ef-11ef-b973-08c0eb32008b,13.0
2025-11-03,21490649-eb84-11ea-8599-1c34dae33151,0.0
2025-11-10,21490649-eb84-11ea-8599-1c34dae33151,0.0
2025-11-17,21490649-eb84-11ea-8599-1c34dae33151,3.0
2025-11-03,2156f5dd-d48a-11ed-b970-08c0eb32008b,2.0
2025-11-10,2156f5dd-d48a-11ed-b970-08c0eb32008b,0.0
2025-11-17,2156f5dd-d48a-11ed-b970-08c0eb32008b,4.0
2025-11-03,216fc5d2-71be-11ed-b96e-08c0eb32008b,0.0
2025-11-10,216fc5d2-71be-11ed-b96e-08c0eb32008b,2.0
2025-11-17,216fc5d2-71be-11ed-b96e-08c0eb32008b,2.0
2025-11-03,2171e2a6-bb7a-11ee-8861-08c0eb32014b,1.0
2025-11-10,2171e2a6-bb7a-11ee-8861-08c0eb32014b,1.0
2025-11-17,2171e2a6-bb7a-11ee-8861-08c0eb32014b,2.0
2025-11-03,21825726-4d62-11ee-ae78-08c0eb320147,0.0
2025-11-10,21825726-4d62-11ee-ae78-08c0eb320147,2.0
2025-11-17,21825726-4d62-11ee-ae78-08c0eb320147,0.0
2025-11-03,218e01d4-b7c7-11eb-85ab-1c34dae33151,1.0
2025-11-10,218e01d4-b7c7-11eb-85ab-1c34dae33151,3.0
2025-11-17,218e01d4-b7c7-11eb-85ab-1c34dae33151,6.0
2025-11-03,2193294c-f322-11ed-b971-08c0eb32008b,1.0
2025-11-10,2193294c-f322-11ed-b971-08c0eb32008b,1.0
2025-11-17,2193294c-f322-11ed-b971-08c0eb32008b,2.0
2025-11-03,21966aa5-d9da-11ed-b971-08c0eb32008b,1.0
2025-11-10,21966aa5-d9da-11ed-b971-08c0eb32008b,2.0
2025-11-17,21966aa5-d9da-11ed-b971-08c0eb32008b,1.0
2025-11-03,21d31dc6-5637-11ef-ae7a-08c0eb320147,0.0
2025-11-10,21d31dc6-5637-11ef-ae7a-08c0eb320147,0.0
2025-11-17,21d31dc6-5637-11ef-ae7a-08c0eb320147,0.0
2025-11-03,21e0a51e-8005-11eb-85a3-1c34dae33151,5.0
2025-11-10,21e0a51e-8005-11eb-85a3-1c34dae33151,7.0
2025-11-17,21e0a51e-8005-11eb-85a3-1c34dae33151,8.0
2025-11-03,21ee0102-f26d-11ee-b973-08c0eb32008b,5.0
2025-11-10,21ee0102-f26d-11ee-b973-08c0eb32008b,4.0
2025-11-17,21ee0102-f26d-11ee-b973-08c0eb32008b,3.0
2025-11-03,2218d3e0-c91f-11eb-85ac-1c34dae33151,2.0
2025-11-10,2218d3e0-c91f-11eb-85ac-1c34dae33151,1.0
2025-11-17,2218d3e0-c91f-11eb-85ac-1c34dae33151,9.0
2025-11-03,222ba73e-74fc-11eb-85a3-1c34dae33151,5.0
2025-11-10,222ba73e-74fc-11eb-85a3-1c34dae33151,5.0
2025-11-17,222ba73e-74fc-11eb-85a3-1c34dae33151,6.0
2025-11-03,22874164-f3ec-11ed-b971-08c0eb32008b,0.0
2025-11-10,22874164-f3ec-11ed-b971-08c0eb32008b,2.0
2025-11-17,22874164-f3ec-11ed-b971-08c0eb32008b,0.0
2025-11-03,228987ba-35a7-11ec-a0ee-ec0d9a21b021,0.0
2025-11-10,228987ba-35a7-11ec-a0ee-ec0d9a21b021,0.0
2025-11-17,228987ba-35a7-11ec-a0ee-ec0d9a21b021,0.0
2025-11-03,22bb1b54-2c1b-11ec-a0ee-ec0d9a21b021,1.0
2025-11-10,22bb1b54-2c1b-11ec-a0ee-ec0d9a21b021,2.0
2025-11-17,22bb1b54-2c1b-11ec-a0ee-ec0d9a21b021,3.0
2025-11-03,22bf740d-58bb-11f0-aa25-be3af2b6059f,0.0
2025-11-10,22bf740d-58bb-11f0-aa25-be3af2b6059f,4.0
2025-11-17,22bf740d-58bb-11f0-aa25-be3af2b6059f,4.0
2025-11-03,22c27260-6f36-11ed-ae75-08c0eb320147,2.0
2025-11-10,22c27260-6f36-11ed-ae75-08c0eb320147,2.0
2025-11-17,22c27260-6f36-11ed-ae75-08c0eb320147,3.0
2025-11-03,22dd9f72-92ad-11ed-885d-08c0eb32014b,5.0
2025-11-10,22dd9f72-92ad-11ed-885d-08c0eb32014b,4.0
2025-11-17,22dd9f72-92ad-11ed-885d-08c0eb32014b,3.0
2025-11-03,23754783-9c3b-11ef-b10b-08c0eb31fffb,0.0
2025-11-10,23754783-9c3b-11ef-b10b-08c0eb31fffb,0.0
2025-11-17,23754783-9c3b-11ef-b10b-08c0eb31fffb,0.0
2025-11-03,23806749-b536-11ee-ae7a-08c0eb320147,1.0
2025-11-10,23806749-b536-11ee-ae7a-08c0eb320147,0.0
2025-11-17,23806749-b536-11ee-ae7a-08c0eb320147,2.0
2025-11-03,238e2a39-50dc-11ef-b973-08c0eb32008b,5.0
2025-11-10,238e2a39-50dc-11ef-b973-08c0eb32008b,1.0
2025-11-17,238e2a39-50dc-11ef-b973-08c0eb32008b,2.0
2025-11-03,238f04c6-733a-11ee-b10a-08c0eb31fffb,1.0
2025-11-10,238f04c6-733a-11ee-b10a-08c0eb31fffb,7.0
2025-11-17,238f04c6-733a-11ee-b10a-08c0eb31fffb,2.0
2025-11-03,239281ef-f405-11ed-b971-08c0eb32008b,0.0
2025-11-10,239281ef-f405-11ed-b971-08c0eb32008b,0.0
2025-11-17,239281ef-f405-11ed-b971-08c0eb32008b,0.0
2025-11-03,23959115-066c-11ed-885a-08c0eb32014b,6.0
2025-11-10,23959115-066c-11ed-885a-08c0eb32014b,7.0
2025-11-17,23959115-066c-11ed-885a-08c0eb32014b,6.0
2025-11-03,23a13432-f943-11ec-b96b-08c0eb32008b,3.0
2025-11-10,23a13432-f943-11ec-b96b-08c0eb32008b,3.0
2025-11-17,23a13432-f943-11ec-b96b-08c0eb32008b,4.0
2025-11-03,23f0caae-3654-11ec-85ad-1c34dae33151,6.0
2025-11-10,23f0caae-3654-11ec-85ad-1c34dae33151,5.0
2025-11-17,23f0caae-3654-11ec-85ad-1c34dae33151,5.0
2025-11-03,23f45624-ea80-11ee-8861-08c0eb32014b,0.0
2025-11-10,23f45624-ea80-11ee-8861-08c0eb32014b,2.0
2025-11-17,23f45624-ea80-11ee-8861-08c0eb32014b,2.0
2025-11-03,24249944-2fed-11ec-a0ee-ec0d9a21b021,2.0
2025-11-10,24249944-2fed-11ec-a0ee-ec0d9a21b021,2.0
2025-11-17,24249944-2fed-11ec-a0ee-ec0d9a21b021,1.0
2025-11-03,24650063-3652-11ec-85ad-1c34dae33151,5.0
2025-11-10,24650063-3652-11ec-85ad-1c34dae33151,5.0
2025-11-17,24650063-3652-11ec-85ad-1c34dae33151,5.0
2025-11-03,24850db1-7e71-11f0-aa25-be3af2b6059f,1.0
2025-11-10,24850db1-7e71-11f0-aa25-be3af2b6059f,4.0
2025-11-17,24850db1-7e71-11f0-aa25-be3af2b6059f,0.0
2025-11-03,24a08f80-74db-11ea-95b9-0050560306e1,3.0
2025-11-10,24a08f80-74db-11ea-95b9-0050560306e1,5.0
2025-11-17,24a08f80-74db-11ea-95b9-0050560306e1,4.0
2025-11-03,24aa10e1-b6c3-11ee-8861-08c0eb32014b,6.0
2025-11-10,24aa10e1-b6c3-11ee-8861-08c0eb32014b,12.0
2025-11-17,24aa10e1-b6c3-11ee-8861-08c0eb32014b,5.0
2025-11-03,24c9b6fc-7467-11ec-8856-08c0eb32014b,2.0
2025-11-10,24c9b6fc-7467-11ec-8856-08c0eb32014b,6.0
2025-11-17,24c9b6fc-7467-11ec-8856-08c0eb32014b,3.0
2025-11-03,2504ec34-89c1-11ec-b967-08c0eb32008b,6.0
2025-11-10,2504ec34-89c1-11ec-b967-08c0eb32008b,3.0
2025-11-17,2504ec34-89c1-11ec-b967-08c0eb32008b,2.0
2025-11-03,252ca852-4ca6-11ee-b10a-08c0eb31fffb,3.0
2025-11-10,252ca852-4ca6-11ee-b10a-08c0eb31fffb,0.0
2025-11-17,252ca852-4ca6-11ee-b10a-08c0eb31fffb,0.0
2025-11-03,2540cfaf-d646-11ee-8861-08c0eb32014b,1.0
2025-11-10,2540cfaf-d646-11ee-8861-08c0eb32014b,5.0
2025-11-17,2540cfaf-d646-11ee-8861-08c0eb32014b,4.0
2025-11-03,254410fe-771a-11ee-8860-08c0eb32014b,7.0
2025-11-10,254410fe-771a-11ee-8860-08c0eb32014b,7.0
2025-11-17,254410fe-771a-11ee-8860-08c0eb32014b,8.0
2025-11-03,2555b933-575d-11ec-a0ee-ec0d9a21b021,11.0
2025-11-10,2555b933-575d-11ec-a0ee-ec0d9a21b021,3.0
2025-11-17,2555b933-575d-11ec-a0ee-ec0d9a21b021,7.0
2025-11-03,258bc7fb-19cf-11ef-8861-08c0eb32014b,0.0
2025-11-10,258bc7fb-19cf-11ef-8861-08c0eb32014b,0.0
2025-11-17,258bc7fb-19cf-11ef-8861-08c0eb32014b,4.0
2025-11-03,25afc6b0-2fb5-11ef-b10b-08c0eb31fffb,0.0
2025-11-10,25afc6b0-2fb5-11ef-b10b-08c0eb31fffb,0.0
2025-11-17,25afc6b0-2fb5-11ef-b10b-08c0eb31fffb,0.0
2025-11-03,25cbf07c-1e9d-11ef-8861-08c0eb32014b,0.0
2025-11-10,25cbf07c-1e9d-11ef-8861-08c0eb32014b,1.0
2025-11-17,25cbf07c-1e9d-11ef-8861-08c0eb32014b,2.0
2025-11-03,25cfa586-c430-11ee-b973-08c0eb32008b,2.0
2025-11-10,25cfa586-c430-11ee-b973-08c0eb32008b,5.0
2025-11-17,25cfa586-c430-11ee-b973-08c0eb32008b,2.0
2025-11-03,25d3e4b4-5092-11ee-885f-08c0eb32014b,4.0
2025-11-10,25d3e4b4-5092-11ee-885f-08c0eb32014b,3.0
2025-11-17,25d3e4b4-5092-11ee-885f-08c0eb32014b,2.0
2025-11-03,25dd71cc-abb6-11ed-b970-08c0eb32008b,4.0
2025-11-10,25dd71cc-abb6-11ed-b970-08c0eb32008b,3.0
2025-11-17,25dd71cc-abb6-11ed-b970-08c0eb32008b,2.0
2025-11-03,260c7e61-f622-11ec-8859-08c0eb32014b,0.0
2025-11-10,260c7e61-f622-11ec-8859-08c0eb32014b,0.0
2025-11-17,260c7e61-f622-11ec-8859-08c0eb32014b,0.0
2025-11-03,260d6c31-219c-11ef-ae7a-08c0eb320147,2.0
2025-11-10,260d6c31-219c-11ef-ae7a-08c0eb320147,3.0
2025-11-17,260d6c31-219c-11ef-ae7a-08c0eb320147,3.0
2025-11-03,26165efb-77b8-11ec-ae6d-08c0eb320147,0.0
2025-11-10,26165efb-77b8-11ec-ae6d-08c0eb320147,1.0
2025-11-17,26165efb-77b8-11ec-ae6d-08c0eb320147,0.0
2025-11-03,2621270a-1cf8-11ea-8d70-0050560306e1,3.0
2025-11-10,2621270a-1cf8-11ea-8d70-0050560306e1,4.0
2025-11-17,2621270a-1cf8-11ea-8d70-0050560306e1,3.0
2025-11-03,2621270d-1cf8-11ea-8d70-0050560306e1,2.0
2025-11-10,2621270d-1cf8-11ea-8d70-0050560306e1,0.0
2025-11-17,2621270d-1cf8-11ea-8d70-0050560306e1,0.0
2025-11-03,2621270f-1cf8-11ea-8d70-0050560306e1,0.0
2025-11-10,2621270f-1cf8-11ea-8d70-0050560306e1,1.0
2025-11-17,2621270f-1cf8-11ea-8d70-0050560306e1,1.0
2025-11-03,26212712-1cf8-11ea-8d70-0050560306e1,8.0
2025-11-10,26212712-1cf8-11ea-8d70-0050560306e1,5.0
2025-11-17,26212712-1cf8-11ea-8d70-0050560306e1,6.0
2025-11-03,2621271d-1cf8-11ea-8d70-0050560306e1,0.0
2025-11-10,2621271d-1cf8-11ea-8d70-0050560306e1,3.0
2025-11-17,2621271d-1cf8-11ea-8d70-0050560306e1,2.0
2025-11-03,26212721-1cf8-11ea-8d70-0050560306e1,8.0
2025-11-10,26212721-1cf8-11ea-8d70-0050560306e1,6.0
2025-11-17,26212721-1cf8-11ea-8d70-0050560306e1,5.0
2025-11-03,26212726-1cf8-11ea-8d70-0050560306e1,2.0
2025-11-10,26212726-1cf8-11ea-8d70-0050560306e1,4.0
2025-11-17,26212726-1cf8-11ea-8d70-0050560306e1,1.0
2025-11-03,26358e6d-8509-11eb-85a3-1c34dae33151,0.0
2025-11-10,26358e6d-8509-11eb-85a3-1c34dae33151,0.0
2025-11-17,26358e6d-8509-11eb-85a3-1c34dae33151,0.0
2025-11-03,266e6ed2-83e8-11f0-aa25-be3af2b6059f,0.0
2025-11-10,266e6ed2-83e8-11f0-aa25-be3af2b6059f,7.0
2025-11-17,266e6ed2-83e8-11f0-aa25-be3af2b6059f,4.0
2025-11-03,26a89159-e2b0-11ee-8861-08c0eb32014b,2.0
2025-11-10,26a89159-e2b0-11ee-8861-08c0eb32014b,1.0
2025-11-17,26a89159-e2b0-11ee-8861-08c0eb32014b,1.0
2025-11-03,26b504b0-7c8f-11ed-b970-08c0eb32008b,0.0
2025-11-10,26b504b0-7c8f-11ed-b970-08c0eb32008b,0.0
2025-11-17,26b504b0-7c8f-11ed-b970-08c0eb32008b,4.0
2025-11-03,26fcbe6d-30aa-11f0-aa3c-be3af2b6059f,3.0
2025-11-10,26fcbe6d-30aa-11f0-aa3c-be3af2b6059f,3.0
2025-11-17,26fcbe6d-30aa-11f0-aa3c-be3af2b6059f,4.0
2025-11-03,273e3e0b-0575-11f0-a97a-be3af2b6059f,3.0
2025-11-10,273e3e0b-0575-11f0-a97a-be3af2b6059f,2.0
2025-11-17,273e3e0b-0575-11f0-a97a-be3af2b6059f,3.0
2025-11-03,27439881-4e84-11ef-8861-08c0eb32014b,0.0
2025-11-10,27439881-4e84-11ef-8861-08c0eb32014b,0.0
2025-11-17,27439881-4e84-11ef-8861-08c0eb32014b,0.0
2025-11-03,275c2bee-8f98-11ef-b973-08c0eb32008b,2.0
2025-11-10,275c2bee-8f98-11ef-b973-08c0eb32008b,3.0
2025-11-17,275c2bee-8f98-11ef-b973-08c0eb32008b,1.0
2025-11-03,277572c4-a112-11ea-bc7d-0050560306e1,0.0
2025-11-10,277572c4-a112-11ea-bc7d-0050560306e1,13.0
2025-11-17,277572c4-a112-11ea-bc7d-0050560306e1,4.0
2025-11-03,27ad3380-21bf-11ef-b10b-08c0eb31fffb,2.0
2025-11-10,27ad3380-21bf-11ef-b10b-08c0eb31fffb,3.0
2025-11-17,27ad3380-21bf-11ef-b10b-08c0eb31fffb,0.0
2025-11-03,27af1915-99ca-11ee-8861-08c0eb32014b,1.0
2025-11-10,27af1915-99ca-11ee-8861-08c0eb32014b,4.0
2025-11-17,27af1915-99ca-11ee-8861-08c0eb32014b,1.0
2025-11-03,2801f6d3-6250-11ec-b967-08c0eb32008b,1.0
2025-11-10,2801f6d3-6250-11ec-b967-08c0eb32008b,8.0
2025-11-17,2801f6d3-6250-11ec-b967-08c0eb32008b,3.0
2025-11-03,28242ea9-8867-11ee-8861-08c0eb32014b,0.0
2025-11-10,28242ea9-8867-11ee-8861-08c0eb32014b,0.0
2025-11-17,28242ea9-8867-11ee-8861-08c0eb32014b,0.0
2025-11-03,284cdf01-43ad-11ec-a0ee-ec0d9a21b021,2.0
2025-11-10,284cdf01-43ad-11ec-a0ee-ec0d9a21b021,6.0
2025-11-17,284cdf01-43ad-11ec-a0ee-ec0d9a21b021,5.0
2025-11-03,288665b1-6a12-11eb-85a3-1c34dae33151,4.0
2025-11-10,288665b1-6a12-11eb-85a3-1c34dae33151,2.0
2025-11-17,288665b1-6a12-11eb-85a3-1c34dae33151,0.0
2025-11-03,2893e772-b9d9-11ee-b973-08c0eb32008b,2.0
2025-11-10,2893e772-b9d9-11ee-b973-08c0eb32008b,3.0
2025-11-17,2893e772-b9d9-11ee-b973-08c0eb32008b,4.0
2025-11-03,28b7a4f1-d7b7-11ed-b970-08c0eb32008b,2.0
2025-11-10,28b7a4f1-d7b7-11ed-b970-08c0eb32008b,0.0
2025-11-17,28b7a4f1-d7b7-11ed-b970-08c0eb32008b,0.0
2025-11-03,28c1922f-f264-11ee-b973-08c0eb32008b,4.0
2025-11-10,28c1922f-f264-11ee-b973-08c0eb32008b,6.0
2025-11-17,28c1922f-f264-11ee-b973-08c0eb32008b,4.0
2025-11-03,28cac96e-0c64-11eb-8599-1c34dae33151,0.0
2025-11-10,28cac96e-0c64-11eb-8599-1c34dae33151,0.0
2025-11-17,28cac96e-0c64-11eb-8599-1c34dae33151,1.0
2025-11-03,28d987f1-822c-11ee-ae7a-08c0eb320147,3.0
2025-11-10,28d987f1-822c-11ee-ae7a-08c0eb320147,2.0
2025-11-17,28d987f1-822c-11ee-ae7a-08c0eb320147,3.0
2025-11-03,28f393a0-a8ba-11ef-8861-08c0eb32014b,0.0
2025-11-10,28f393a0-a8ba-11ef-8861-08c0eb32014b,0.0
2025-11-17,28f393a0-a8ba-11ef-8861-08c0eb32014b,0.0
2025-11-03,2925a14b-63e7-11ed-b107-08c0eb31fffb,0.0
2025-11-10,2925a14b-63e7-11ed-b107-08c0eb31fffb,2.0
2025-11-17,2925a14b-63e7-11ed-b107-08c0eb31fffb,3.0
2025-11-03,29422a25-de92-11ed-ae78-08c0eb320147,2.0
2025-11-10,29422a25-de92-11ed-ae78-08c0eb320147,4.0
2025-11-17,29422a25-de92-11ed-ae78-08c0eb320147,1.0
2025-11-03,2949a6d2-4204-11ec-a0ee-ec0d9a21b021,0.0
2025-11-10,2949a6d2-4204-11ec-a0ee-ec0d9a21b021,1.0
2025-11-17,2949a6d2-4204-11ec-a0ee-ec0d9a21b021,0.0
2025-11-03,297177d7-7c02-11eb-85a3-1c34dae33151,1.0
2025-11-10,297177d7-7c02-11eb-85a3-1c34dae33151,5.0
2025-11-17,297177d7-7c02-11eb-85a3-1c34dae33151,3.0
2025-11-03,29942b3f-58f7-11ec-a0ee-ec0d9a21b021,1.0
2025-11-10,29942b3f-58f7-11ec-a0ee-ec0d9a21b021,5.0
2025-11-17,29942b3f-58f7-11ec-a0ee-ec0d9a21b021,5.0
2025-11-03,29c4a93e-8003-11eb-85a3-1c34dae33151,3.0
2025-11-10,29c4a93e-8003-11eb-85a3-1c34dae33151,1.0
2025-11-17,29c4a93e-8003-11eb-85a3-1c34dae33151,4.0
2025-11-03,29cf8c2e-3c9d-11ec-85ad-1c34dae33151,5.0
2025-11-10,29cf8c2e-3c9d-11ec-85ad-1c34dae33151,3.0
2025-11-17,29cf8c2e-3c9d-11ec-85ad-1c34dae33151,1.0
2025-11-03,29f06f58-a9aa-11eb-85ab-1c34dae33151,3.0
2025-11-10,29f06f58-a9aa-11eb-85ab-1c34dae33151,5.0
2025-11-17,29f06f58-a9aa-11eb-85ab-1c34dae33151,4.0
2025-11-03,29f9646f-9225-11eb-85a8-1c34dae33151,0.0
2025-11-10,29f9646f-9225-11eb-85a8-1c34dae33151,1.0
2025-11-17,29f9646f-9225-11eb-85a8-1c34dae33151,3.0
2025-11-03,29f9e40c-03c2-11ef-ae7a-08c0eb320147,3.0
2025-11-10,29f9e40c-03c2-11ef-ae7a-08c0eb320147,5.0
2025-11-17,29f9e40c-03c2-11ef-ae7a-08c0eb320147,5.0
2025-11-03,29fadf00-f7f6-11ee-b10b-08c0eb31fffb,3.0
2025-11-10,29fadf00-f7f6-11ee-b10b-08c0eb31fffb,2.0
2025-11-17,29fadf00-f7f6-11ee-b10b-08c0eb31fffb,3.0
2025-11-03,29fd0e82-c372-11ef-aa23-be3af2b6059f,0.0
2025-11-10,29fd0e82-c372-11ef-aa23-be3af2b6059f,3.0
2025-11-17,29fd0e82-c372-11ef-aa23-be3af2b6059f,1.0
2025-11-03,2a00b727-c45b-11eb-85ac-1c34dae33151,4.0
2025-11-10,2a00b727-c45b-11eb-85ac-1c34dae33151,6.0
2025-11-17,2a00b727-c45b-11eb-85ac-1c34dae33151,4.0
2025-11-03,2a015582-3135-11ee-885f-08c0eb32014b,0.0
2025-11-10,2a015582-3135-11ee-885f-08c0eb32014b,0.0
2025-11-17,2a015582-3135-11ee-885f-08c0eb32014b,0.0
2025-11-03,2a278d4c-6ab0-11ef-b10b-08c0eb31fffb,0.0
2025-11-10,2a278d4c-6ab0-11ef-b10b-08c0eb31fffb,0.0
2025-11-17,2a278d4c-6ab0-11ef-b10b-08c0eb31fffb,2.0
2025-11-03,2a4f6fbd-cca9-11ee-8861-08c0eb32014b,2.0
2025-11-10,2a4f6fbd-cca9-11ee-8861-08c0eb32014b,5.0
2025-11-17,2a4f6fbd-cca9-11ee-8861-08c0eb32014b,1.0
2025-11-03,2a63340c-c26b-11ed-b970-08c0eb32008b,3.0
2025-11-10,2a63340c-c26b-11ed-b970-08c0eb32008b,2.0
2025-11-17,2a63340c-c26b-11ed-b970-08c0eb32008b,2.0
2025-11-03,2a710be1-4085-11ec-a0ee-ec0d9a21b021,4.0
2025-11-10,2a710be1-4085-11ec-a0ee-ec0d9a21b021,5.0
2025-11-17,2a710be1-4085-11ec-a0ee-ec0d9a21b021,1.0
2025-11-03,2a821189-58f1-11ed-885b-08c0eb32014b,4.0
2025-11-10,2a821189-58f1-11ed-885b-08c0eb32014b,5.0
2025-11-17,2a821189-58f1-11ed-885b-08c0eb32014b,4.0
2025-11-03,2a9fc025-53bf-11ee-b10a-08c0eb31fffb,0.0
2025-11-10,2a9fc025-53bf-11ee-b10a-08c0eb31fffb,0.0
2025-11-17,2a9fc025-53bf-11ee-b10a-08c0eb31fffb,0.0
2025-11-03,2ad6abd3-b144-11ef-b10b-08c0eb31fffb,0.0
2025-11-10,2ad6abd3-b144-11ef-b10b-08c0eb31fffb,0.0
2025-11-17,2ad6abd3-b144-11ef-b10b-08c0eb31fffb,0.0
2025-11-03,2aef1b53-e52b-11ee-ae7a-08c0eb320147,0.0
2025-11-10,2aef1b53-e52b-11ee-ae7a-08c0eb320147,2.0
2025-11-17,2aef1b53-e52b-11ee-ae7a-08c0eb320147,2.0
2025-11-03,2af6b8a6-a821-11eb-85a9-1c34dae33151,3.0
2025-11-10,2af6b8a6-a821-11eb-85a9-1c34dae33151,6.0
2025-11-17,2af6b8a6-a821-11eb-85a9-1c34dae33151,5.0
2025-11-03,2b03cd5b-18f7-11ef-b10b-08c0eb31fffb,4.0
2025-11-10,2b03cd5b-18f7-11ef-b10b-08c0eb31fffb,0.0
2025-11-17,2b03cd5b-18f7-11ef-b10b-08c0eb31fffb,4.0
2025-11-03,2b42be71-accd-11eb-85ab-1c34dae33151,0.0
2025-11-10,2b42be71-accd-11eb-85ab-1c34dae33151,0.0
2025-11-17,2b42be71-accd-11eb-85ab-1c34dae33151,1.0
2025-11-03,2b486db2-fb46-11ef-9bb0-be3af2b6059f,5.0
2025-11-10,2b486db2-fb46-11ef-9bb0-be3af2b6059f,4.0
2025-11-17,2b486db2-fb46-11ef-9bb0-be3af2b6059f,2.0
2025-11-03,2b6a2c2d-3a17-11f0-a5cb-7cc255b74513,6.0
2025-11-10,2b6a2c2d-3a17-11f0-a5cb-7cc255b74513,6.0
2025-11-17,2b6a2c2d-3a17-11f0-a5cb-7cc255b74513,5.0
2025-11-03,2b78454c-ed23-11ee-8861-08c0eb32014b,0.0
2025-11-10,2b78454c-ed23-11ee-8861-08c0eb32014b,5.0
2025-11-17,2b78454c-ed23-11ee-8861-08c0eb32014b,7.0
2025-11-03,2b917333-9c56-11eb-85a9-1c34dae33151,0.0
2025-11-10,2b917333-9c56-11eb-85a9-1c34dae33151,3.0
2025-11-17,2b917333-9c56-11eb-85a9-1c34dae33151,2.0
2025-11-03,2b95f212-609f-11f0-aa3c-be3af2b6059f,6.0
2025-11-10,2b95f212-609f-11f0-aa3c-be3af2b6059f,5.0
2025-11-17,2b95f212-609f-11f0-aa3c-be3af2b6059f,7.0
2025-11-03,2bd2fe86-c5f7-11ea-b7de-0050560306e1,8.0
2025-11-10,2bd2fe86-c5f7-11ea-b7de-0050560306e1,6.0
2025-11-17,2bd2fe86-c5f7-11ea-b7de-0050560306e1,4.0
2025-11-03,2bdb78ac-cf1b-11ee-b10b-08c0eb31fffb,4.0
2025-11-10,2bdb78ac-cf1b-11ee-b10b-08c0eb31fffb,3.0
2025-11-17,2bdb78ac-cf1b-11ee-b10b-08c0eb31fffb,6.0
2025-11-03,2be8639a-de35-11ef-a97a-be3af2b6059f,0.0
2025-11-10,2be8639a-de35-11ef-a97a-be3af2b6059f,1.0
2025-11-17,2be8639a-de35-11ef-a97a-be3af2b6059f,0.0
2025-11-03,2be950a1-4b9e-11ec-85ad-1c34dae33151,0.0
2025-11-10,2be950a1-4b9e-11ec-85ad-1c34dae33151,7.0
2025-11-17,2be950a1-4b9e-11ec-85ad-1c34dae33151,1.0
2025-11-03,2bf57586-190a-11f0-aa25-be3af2b6059f,5.0
2025-11-10,2bf57586-190a-11f0-aa25-be3af2b6059f,7.0
2025-11-17,2bf57586-190a-11f0-aa25-be3af2b6059f,5.0
2025-11-03,2bf641e0-ed05-11ee-8861-08c0eb32014b,1.0
2025-11-10,2bf641e0-ed05-11ee-8861-08c0eb32014b,0.0
2025-11-17,2bf641e0-ed05-11ee-8861-08c0eb32014b,1.0
2025-11-03,2c3f725e-1cf8-11ea-8d70-0050560306e1,2.0
2025-11-10,2c3f725e-1cf8-11ea-8d70-0050560306e1,2.0
2025-11-17,2c3f725e-1cf8-11ea-8d70-0050560306e1,3.0
2025-11-03,2c3f7271-1cf8-11ea-8d70-0050560306e1,2.0
2025-11-10,2c3f7271-1cf8-11ea-8d70-0050560306e1,1.0
2025-11-17,2c3f7271-1cf8-11ea-8d70-0050560306e1,3.0
2025-11-03,2c3f7274-1cf8-11ea-8d70-0050560306e1,6.0
2025-11-10,2c3f7274-1cf8-11ea-8d70-0050560306e1,8.0
2025-11-17,2c3f7274-1cf8-11ea-8d70-0050560306e1,7.0
2025-11-03,2c3f7276-1cf8-11ea-8d70-0050560306e1,3.0
2025-11-10,2c3f7276-1cf8-11ea-8d70-0050560306e1,1.0
2025-11-17,2c3f7276-1cf8-11ea-8d70-0050560306e1,3.0
2025-11-03,2c3f727c-1cf8-11ea-8d70-0050560306e1,5.0
2025-11-10,2c3f727c-1cf8-11ea-8d70-0050560306e1,4.0
2025-11-17,2c3f727c-1cf8-11ea-8d70-0050560306e1,0.0
2025-11-03,2c3f727f-1cf8-11ea-8d70-0050560306e1,6.0
2025-11-10,2c3f727f-1cf8-11ea-8d70-0050560306e1,7.0
2025-11-17,2c3f727f-1cf8-11ea-8d70-0050560306e1,13.0
2025-11-03,2c583288-b879-11ef-b10b-08c0eb31fffb,0.0
2025-11-10,2c583288-b879-11ef-b10b-08c0eb31fffb,0.0
2025-11-17,2c583288-b879-11ef-b10b-08c0eb31fffb,0.0
2025-11-03,2c6b55ea-6c12-11ee-b972-08c0eb32008b,0.0
2025-11-10,2c6b55ea-6c12-11ee-b972-08c0eb32008b,0.0
2025-11-17,2c6b55ea-6c12-11ee-b972-08c0eb32008b,0.0
2025-11-03,2c8608fd-af2d-11eb-85ab-1c34dae33151,0.0
2025-11-10,2c8608fd-af2d-11eb-85ab-1c34dae33151,4.0
2025-11-17,2c8608fd-af2d-11eb-85ab-1c34dae33151,2.0
2025-11-03,2c9003ff-f05b-11ef-aa3a-be3af2b6059f,2.0
2025-11-10,2c9003ff-f05b-11ef-aa3a-be3af2b6059f,2.0
2025-11-17,2c9003ff-f05b-11ef-aa3a-be3af2b6059f,1.0
2025-11-03,2ce93791-58fc-11ed-b96e-08c0eb32008b,3.0
2025-11-10,2ce93791-58fc-11ed-b96e-08c0eb32008b,2.0
2025-11-17,2ce93791-58fc-11ed-b96e-08c0eb32008b,3.0
2025-11-03,2d0329f4-23d9-11ed-b106-08c0eb31fffb,0.0
2025-11-10,2d0329f4-23d9-11ed-b106-08c0eb31fffb,2.0
2025-11-17,2d0329f4-23d9-11ed-b106-08c0eb31fffb,1.0
2025-11-03,2d1749b3-af34-11eb-85ab-1c34dae33151,4.0
2025-11-10,2d1749b3-af34-11eb-85ab-1c34dae33151,6.0
2025-11-17,2d1749b3-af34-11eb-85ab-1c34dae33151,3.0
2025-11-03,2d1e7b09-0280-11ed-b96c-08c0eb32008b,0.0
2025-11-10,2d1e7b09-0280-11ed-b96c-08c0eb32008b,0.0
2025-11-17,2d1e7b09-0280-11ed-b96c-08c0eb32008b,0.0
2025-11-03,2d2a484a-5d23-11ea-a7b3-0050560306e1,0.0
2025-11-10,2d2a484a-5d23-11ea-a7b3-0050560306e1,2.0
2025-11-17,2d2a484a-5d23-11ea-a7b3-0050560306e1,2.0
2025-11-03,2d3bf6a5-48b2-11ed-885a-08c0eb32014b,0.0
2025-11-10,2d3bf6a5-48b2-11ed-885a-08c0eb32014b,1.0
2025-11-17,2d3bf6a5-48b2-11ed-885a-08c0eb32014b,3.0
2025-11-03,2d782cdb-f3de-11ed-b971-08c0eb32008b,1.0
2025-11-10,2d782cdb-f3de-11ed-b971-08c0eb32008b,2.0
2025-11-17,2d782cdb-f3de-11ed-b971-08c0eb32008b,3.0
2025-11-03,2d7ee09b-8409-11ec-ae6d-08c0eb320147,0.0
2025-11-10,2d7ee09b-8409-11ec-ae6d-08c0eb320147,1.0
2025-11-17,2d7ee09b-8409-11ec-ae6d-08c0eb320147,3.0
2025-11-03,2d834c81-9ddc-11ef-b973-08c0eb32008b,3.0
2025-11-10,2d834c81-9ddc-11ef-b973-08c0eb32008b,1.0
2025-11-17,2d834c81-9ddc-11ef-b973-08c0eb32008b,0.0
2025-11-03,2d920787-8472-11ee-ae7a-08c0eb320147,0.0
2025-11-10,2d920787-8472-11ee-ae7a-08c0eb320147,3.0
2025-11-17,2d920787-8472-11ee-ae7a-08c0eb320147,0.0
2025-11-03,2d9ad4d8-74f4-11eb-85a3-1c34dae33151,1.0
2025-11-10,2d9ad4d8-74f4-11eb-85a3-1c34dae33151,4.0
2025-11-17,2d9ad4d8-74f4-11eb-85a3-1c34dae33151,1.0
2025-11-03,2dc7a868-669c-11ee-8860-08c0eb32014b,4.0
2025-11-10,2dc7a868-669c-11ee-8860-08c0eb32014b,6.0
2025-11-17,2dc7a868-669c-11ee-8860-08c0eb32014b,1.0
2025-11-10,2de0ecda-79b7-11f0-a5cb-7cc255b74513,14.0
2025-11-17,2de0ecda-79b7-11f0-a5cb-7cc255b74513,14.0
2025-11-03,2de9e9d2-7bb1-11ed-b107-08c0eb31fffb,2.0
2025-11-10,2de9e9d2-7bb1-11ed-b107-08c0eb31fffb,3.0
2025-11-17,2de9e9d2-7bb1-11ed-b107-08c0eb31fffb,7.0
2025-11-03,2e234a76-3d15-11ee-ae78-08c0eb320147,1.0
2025-11-10,2e234a76-3d15-11ee-ae78-08c0eb320147,5.0
2025-11-17,2e234a76-3d15-11ee-ae78-08c0eb320147,3.0
2025-11-03,2e358e14-50ed-11ef-b973-08c0eb32008b,2.0
2025-11-10,2e358e14-50ed-11ef-b973-08c0eb32008b,1.0
2025-11-17,2e358e14-50ed-11ef-b973-08c0eb32008b,4.0
2025-11-03,2e36d407-013a-11ee-ae78-08c0eb320147,0.0
2025-11-10,2e36d407-013a-11ee-ae78-08c0eb320147,2.0
2025-11-17,2e36d407-013a-11ee-ae78-08c0eb320147,4.0
2025-11-03,2e3eabfc-4b3a-11ef-b10b-08c0eb31fffb,6.0
2025-11-10,2e3eabfc-4b3a-11ef-b10b-08c0eb31fffb,3.0
2025-11-17,2e3eabfc-4b3a-11ef-b10b-08c0eb31fffb,8.0
2025-11-03,2e537182-43b1-11ec-a0ee-ec0d9a21b021,2.0
2025-11-10,2e537182-43b1-11ec-a0ee-ec0d9a21b021,2.0
2025-11-17,2e537182-43b1-11ec-a0ee-ec0d9a21b021,2.0
2025-11-03,2e800281-d1b1-11ef-aa23-be3af2b6059f,2.0
2025-11-10,2e800281-d1b1-11ef-aa23-be3af2b6059f,5.0
2025-11-17,2e800281-d1b1-11ef-aa23-be3af2b6059f,4.0
2025-11-03,2ea2dc4a-9c3d-11ef-b973-08c0eb32008b,3.0
2025-11-10,2ea2dc4a-9c3d-11ef-b973-08c0eb32008b,2.0
2025-11-17,2ea2dc4a-9c3d-11ef-b973-08c0eb32008b,1.0
2025-11-03,2eb71e2d-3e36-11ed-b96c-08c0eb32008b,1.0
2025-11-10,2eb71e2d-3e36-11ed-b96c-08c0eb32008b,2.0
2025-11-17,2eb71e2d-3e36-11ed-b96c-08c0eb32008b,2.0
2025-11-03,2ec10f39-16c3-11f0-9bb2-be3af2b6059f,2.0
2025-11-10,2ec10f39-16c3-11f0-9bb2-be3af2b6059f,4.0
2025-11-17,2ec10f39-16c3-11f0-9bb2-be3af2b6059f,3.0
2025-11-03,2ed17117-9224-11eb-85a8-1c34dae33151,0.0
2025-11-10,2ed17117-9224-11eb-85a8-1c34dae33151,2.0
2025-11-17,2ed17117-9224-11eb-85a8-1c34dae33151,0.0
2025-11-03,2ef995fd-cf5c-11eb-85ac-1c34dae33151,1.0
2025-11-10,2ef995fd-cf5c-11eb-85ac-1c34dae33151,2.0
2025-11-17,2ef995fd-cf5c-11eb-85ac-1c34dae33151,3.0
2025-11-03,2f2691eb-fdc8-11ec-ae72-08c0eb320147,3.0
2025-11-10,2f2691eb-fdc8-11ec-ae72-08c0eb320147,1.0
2025-11-17,2f2691eb-fdc8-11ec-ae72-08c0eb320147,1.0
2025-11-03,2f334cde-1fa1-11ec-a0ee-ec0d9a21b021,2.0
2025-11-10,2f334cde-1fa1-11ec-a0ee-ec0d9a21b021,4.0
2025-11-17,2f334cde-1fa1-11ec-a0ee-ec0d9a21b021,2.0
2025-11-03,2f402d0e-f1b3-11ea-8599-1c34dae33151,0.0
2025-11-10,2f402d0e-f1b3-11ea-8599-1c34dae33151,1.0
2025-11-17,2f402d0e-f1b3-11ea-8599-1c34dae33151,0.0
2025-11-03,2f4941bc-8e19-11ea-aff3-0050560306e1,3.0
2025-11-10,2f4941bc-8e19-11ea-aff3-0050560306e1,4.0
2025-11-17,2f4941bc-8e19-11ea-aff3-0050560306e1,1.0
2025-11-03,2f4c88d3-5037-11f0-9bb2-be3af2b6059f,2.0
2025-11-10,2f4c88d3-5037-11f0-9bb2-be3af2b6059f,2.0
2025-11-17,2f4c88d3-5037-11f0-9bb2-be3af2b6059f,1.0
2025-11-03,2f596d29-2b3e-11ec-85ad-1c34dae33151,5.0
2025-11-10,2f596d29-2b3e-11ec-85ad-1c34dae33151,9.0
2025-11-17,2f596d29-2b3e-11ec-85ad-1c34dae33151,9.0
2025-11-03,2f86c2f2-eba5-11ea-8599-1c34dae33151,3.0
2025-11-10,2f86c2f2-eba5-11ea-8599-1c34dae33151,4.0
2025-11-17,2f86c2f2-eba5-11ea-8599-1c34dae33151,4.0
2025-11-03,2f9bb36e-e51f-11ee-b10b-08c0eb31fffb,5.0
2025-11-10,2f9bb36e-e51f-11ee-b10b-08c0eb31fffb,0.0
2025-11-17,2f9bb36e-e51f-11ee-b10b-08c0eb31fffb,1.0
2025-11-03,2f9d3745-d4b0-11ee-b10b-08c0eb31fffb,0.0
2025-11-10,2f9d3745-d4b0-11ee-b10b-08c0eb31fffb,3.0
2025-11-17,2f9d3745-d4b0-11ee-b10b-08c0eb31fffb,2.0
2025-11-03,2fa8ee21-4e89-11ef-8861-08c0eb32014b,2.0
2025-11-10,2fa8ee21-4e89-11ef-8861-08c0eb32014b,0.0
2025-11-17,2fa8ee21-4e89-11ef-8861-08c0eb32014b,0.0
2025-11-03,2fad6d56-3b56-11ed-ae72-08c0eb320147,4.0
2025-11-10,2fad6d56-3b56-11ed-ae72-08c0eb320147,4.0
2025-11-17,2fad6d56-3b56-11ed-ae72-08c0eb320147,4.0
2025-11-03,2fc3cd0b-fe5c-11ee-8861-08c0eb32014b,0.0
2025-11-10,2fc3cd0b-fe5c-11ee-8861-08c0eb32014b,2.0
2025-11-17,2fc3cd0b-fe5c-11ee-8861-08c0eb32014b,1.0
2025-11-03,2fd0a71d-5520-11ed-b107-08c0eb31fffb,1.0
2025-11-10,2fd0a71d-5520-11ed-b107-08c0eb31fffb,2.0
2025-11-17,2fd0a71d-5520-11ed-b107-08c0eb31fffb,7.0
2025-11-03,2fd17e2a-d7df-11ea-8599-1c34dae33151,0.0
2025-11-10,2fd17e2a-d7df-11ea-8599-1c34dae33151,1.0
2025-11-17,2fd17e2a-d7df-11ea-8599-1c34dae33151,0.0
2025-11-03,30067538-8d3e-11ef-b10b-08c0eb31fffb,0.0
2025-11-10,30067538-8d3e-11ef-b10b-08c0eb31fffb,1.0
2025-11-17,30067538-8d3e-11ef-b10b-08c0eb31fffb,1.0
2025-11-03,302b1883-5c0f-11ec-a0ee-ec0d9a21b021,2.0
2025-11-10,302b1883-5c0f-11ec-a0ee-ec0d9a21b021,6.0
2025-11-17,302b1883-5c0f-11ec-a0ee-ec0d9a21b021,2.0
2025-11-03,303c138f-74d7-11ea-a214-0050560307be,0.0
2025-11-10,303c138f-74d7-11ea-a214-0050560307be,1.0
2025-11-17,303c138f-74d7-11ea-a214-0050560307be,0.0
2025-11-03,305901bb-0f7a-11ee-ae78-08c0eb320147,0.0
2025-11-10,305901bb-0f7a-11ee-ae78-08c0eb320147,2.0
2025-11-17,305901bb-0f7a-11ee-ae78-08c0eb320147,5.0
2025-11-03,306db1d4-70f5-11ef-8861-08c0eb32014b,5.0
2025-11-10,306db1d4-70f5-11ef-8861-08c0eb32014b,4.0
2025-11-17,306db1d4-70f5-11ef-8861-08c0eb32014b,2.0
2025-11-03,308c2686-ac7b-11ed-b970-08c0eb32008b,4.0
2025-11-10,308c2686-ac7b-11ed-b970-08c0eb32008b,3.0
2025-11-17,308c2686-ac7b-11ed-b970-08c0eb32008b,5.0
2025-11-03,30973d7e-70c3-11ed-b107-08c0eb31fffb,0.0
2025-11-10,30973d7e-70c3-11ed-b107-08c0eb31fffb,0.0
2025-11-17,30973d7e-70c3-11ed-b107-08c0eb31fffb,4.0
2025-11-03,30a03331-92b8-11ed-ae77-08c0eb320147,4.0
2025-11-10,30a03331-92b8-11ed-ae77-08c0eb320147,9.0
2025-11-17,30a03331-92b8-11ed-ae77-08c0eb320147,14.0
2025-11-03,30a0477e-9c26-11ef-b10b-08c0eb31fffb,2.0
2025-11-10,30a0477e-9c26-11ef-b10b-08c0eb31fffb,4.0
2025-11-17,30a0477e-9c26-11ef-b10b-08c0eb31fffb,1.0
2025-11-03,30af359e-a8a1-11ef-b973-08c0eb32008b,0.0
2025-11-10,30af359e-a8a1-11ef-b973-08c0eb32008b,0.0
2025-11-17,30af359e-a8a1-11ef-b973-08c0eb32008b,0.0
2025-11-03,30b9c21f-9798-11eb-85a9-1c34dae33151,2.0
2025-11-10,30b9c21f-9798-11eb-85a9-1c34dae33151,0.0
2025-11-17,30b9c21f-9798-11eb-85a9-1c34dae33151,0.0
2025-11-03,30e61305-6a1e-11eb-85a3-1c34dae33151,6.0
2025-11-10,30e61305-6a1e-11eb-85a3-1c34dae33151,0.0
2025-11-17,30e61305-6a1e-11eb-85a3-1c34dae33151,1.0
2025-11-03,30f1f78c-2fc5-11ef-ae7a-08c0eb320147,0.0
2025-11-10,30f1f78c-2fc5-11ef-ae7a-08c0eb320147,1.0
2025-11-17,30f1f78c-2fc5-11ef-ae7a-08c0eb320147,0.0
2025-11-03,311aef29-78cb-11ee-b10a-08c0eb31fffb,3.0
2025-11-10,311aef29-78cb-11ee-b10a-08c0eb31fffb,4.0
2025-11-17,311aef29-78cb-11ee-b10a-08c0eb31fffb,6.0
2025-11-03,31240886-0fbe-11eb-8599-1c34dae33151,0.0
2025-11-10,31240886-0fbe-11eb-8599-1c34dae33151,0.0
2025-11-17,31240886-0fbe-11eb-8599-1c34dae33151,0.0
2025-11-03,3133b8e4-e5bf-11ee-b973-08c0eb32008b,0.0
2025-11-10,3133b8e4-e5bf-11ee-b973-08c0eb32008b,0.0
2025-11-17,3133b8e4-e5bf-11ee-b973-08c0eb32008b,0.0
2025-11-03,3170ebfb-e09e-11ea-8599-1c34dae33151,0.0
2025-11-10,3170ebfb-e09e-11ea-8599-1c34dae33151,1.0
2025-11-17,3170ebfb-e09e-11ea-8599-1c34dae33151,6.0
2025-11-03,317a7617-5337-11f0-a97c-be3af2b6059f,6.0
2025-11-10,317a7617-5337-11f0-a97c-be3af2b6059f,8.0
2025-11-17,317a7617-5337-11f0-a97c-be3af2b6059f,7.0
2025-11-03,31a87dd1-6f35-11ed-ae75-08c0eb320147,0.0
2025-11-10,31a87dd1-6f35-11ed-ae75-08c0eb320147,0.0
2025-11-17,31a87dd1-6f35-11ed-ae75-08c0eb320147,0.0
2025-11-03,31bd4ad6-61c7-11ee-b10a-08c0eb31fffb,0.0
2025-11-10,31bd4ad6-61c7-11ee-b10a-08c0eb31fffb,2.0
2025-11-17,31bd4ad6-61c7-11ee-b10a-08c0eb31fffb,2.0
2025-11-03,31be11da-f445-11ef-aa3a-be3af2b6059f,4.0
2025-11-10,31be11da-f445-11ef-aa3a-be3af2b6059f,6.0
2025-11-17,31be11da-f445-11ef-aa3a-be3af2b6059f,6.0
2025-11-03,31f29954-9d79-11ee-ae7a-08c0eb320147,6.0
2025-11-10,31f29954-9d79-11ee-ae7a-08c0eb320147,15.0
2025-11-17,31f29954-9d79-11ee-ae7a-08c0eb320147,4.0
2025-11-03,320c75fa-acac-11ef-ae7a-08c0eb320147,1.0
2025-11-10,320c75fa-acac-11ef-ae7a-08c0eb320147,0.0
2025-11-17,320c75fa-acac-11ef-ae7a-08c0eb320147,0.0
2025-11-03,3219edb5-f005-11ee-b10b-08c0eb31fffb,4.0
2025-11-10,3219edb5-f005-11ee-b10b-08c0eb31fffb,6.0
2025-11-17,3219edb5-f005-11ee-b10b-08c0eb31fffb,4.0
2025-11-03,3222bef1-d0b6-11ee-b973-08c0eb32008b,7.0
2025-11-10,3222bef1-d0b6-11ee-b973-08c0eb32008b,8.0
2025-11-17,3222bef1-d0b6-11ee-b973-08c0eb32008b,7.0
2025-11-03,32290586-1369-11ef-ae7a-08c0eb320147,4.0
2025-11-10,32290586-1369-11ef-ae7a-08c0eb320147,1.0
2025-11-17,32290586-1369-11ef-ae7a-08c0eb320147,3.0
2025-11-03,323b9adc-800d-11eb-85a3-1c34dae33151,3.0
2025-11-10,323b9adc-800d-11eb-85a3-1c34dae33151,2.0
2025-11-17,323b9adc-800d-11eb-85a3-1c34dae33151,1.0
2025-11-03,3254382b-1cf8-11ea-8d70-0050560306e1,13.0
2025-11-10,3254382b-1cf8-11ea-8d70-0050560306e1,17.0
2025-11-17,3254382b-1cf8-11ea-8d70-0050560306e1,17.0
2025-11-03,32543830-1cf8-11ea-8d70-0050560306e1,9.0
2025-11-10,32543830-1cf8-11ea-8d70-0050560306e1,6.0
2025-11-17,32543830-1cf8-11ea-8d70-0050560306e1,9.0
2025-11-03,32543834-1cf8-11ea-8d70-0050560306e1,0.0
2025-11-10,32543834-1cf8-11ea-8d70-0050560306e1,3.0
2025-11-17,32543834-1cf8-11ea-8d70-0050560306e1,3.0
2025-11-03,32b0f129-d347-11eb-85ac-1c34dae33151,0.0
2025-11-10,32b0f129-d347-11eb-85ac-1c34dae33151,2.0
2025-11-17,32b0f129-d347-11eb-85ac-1c34dae33151,2.0
2025-11-03,32c40a52-75e9-11ea-a214-0050560307be,1.0
2025-11-10,32c40a52-75e9-11ea-a214-0050560307be,0.0
2025-11-17,32c40a52-75e9-11ea-a214-0050560307be,0.0
2025-11-03,32d4a2d0-4ac6-11ed-885a-08c0eb32014b,0.0
2025-11-10,32d4a2d0-4ac6-11ed-885a-08c0eb32014b,2.0
2025-11-17,32d4a2d0-4ac6-11ed-885a-08c0eb32014b,2.0
2025-11-03,32e4410d-74ba-11ea-b94f-0050560306e1,5.0
2025-11-10,32e4410d-74ba-11ea-b94f-0050560306e1,4.0
2025-11-17,32e4410d-74ba-11ea-b94f-0050560306e1,4.0
2025-11-03,32e74daa-2aac-11ec-a0ee-ec0d9a21b021,1.0
2025-11-10,32e74daa-2aac-11ec-a0ee-ec0d9a21b021,0.0
2025-11-17,32e74daa-2aac-11ec-a0ee-ec0d9a21b021,1.0
2025-11-03,33599803-c996-11ee-b973-08c0eb32008b,2.0
2025-11-10,33599803-c996-11ee-b973-08c0eb32008b,3.0
2025-11-17,33599803-c996-11ee-b973-08c0eb32008b,3.0
2025-11-03,335cb046-025d-11eb-8599-1c34dae33151,1.0
2025-11-10,335cb046-025d-11eb-8599-1c34dae33151,2.0
2025-11-17,335cb046-025d-11eb-8599-1c34dae33151,2.0
2025-11-03,336cf4ec-2c74-11ee-b971-08c0eb32008b,4.0
2025-11-10,336cf4ec-2c74-11ee-b971-08c0eb32008b,5.0
2025-11-17,336cf4ec-2c74-11ee-b971-08c0eb32008b,5.0
2025-11-03,33bae6f5-7c99-11ef-ae7a-08c0eb320147,0.0
2025-11-10,33bae6f5-7c99-11ef-ae7a-08c0eb320147,0.0
2025-11-17,33bae6f5-7c99-11ef-ae7a-08c0eb320147,0.0
2025-11-03,33c4bf1b-9c3e-11ef-ae7a-08c0eb320147,2.0
2025-11-10,33c4bf1b-9c3e-11ef-ae7a-08c0eb320147,2.0
2025-11-17,33c4bf1b-9c3e-11ef-ae7a-08c0eb320147,0.0
2025-11-03,33d0d375-912d-11eb-85a8-1c34dae33151,0.0
2025-11-10,33d0d375-912d-11eb-85a8-1c34dae33151,3.0
2025-11-17,33d0d375-912d-11eb-85a8-1c34dae33151,1.0
2025-11-03,342f4358-219a-11ef-ae7a-08c0eb320147,4.0
2025-11-10,342f4358-219a-11ef-ae7a-08c0eb320147,6.0
2025-11-17,342f4358-219a-11ef-ae7a-08c0eb320147,2.0
2025-11-03,345e6d21-f7fa-11ee-ae7a-08c0eb320147,3.0
2025-11-10,345e6d21-f7fa-11ee-ae7a-08c0eb320147,3.0
2025-11-17,345e6d21-f7fa-11ee-ae7a-08c0eb320147,4.0
2025-11-03,34916feb-600a-11ed-885b-08c0eb32014b,2.0
2025-11-10,34916feb-600a-11ed-885b-08c0eb32014b,3.0
2025-11-17,34916feb-600a-11ed-885b-08c0eb32014b,5.0
2025-11-03,34adf009-2e49-11eb-859a-1c34dae33151,0.0
2025-11-10,34adf009-2e49-11eb-859a-1c34dae33151,5.0
2025-11-17,34adf009-2e49-11eb-859a-1c34dae33151,4.0
2025-11-03,34f954e1-a29c-11eb-85a9-1c34dae33151,0.0
2025-11-10,34f954e1-a29c-11eb-85a9-1c34dae33151,0.0
2025-11-17,34f954e1-a29c-11eb-85a9-1c34dae33151,2.0
2025-11-03,34fb95fc-6175-11ec-b0fc-08c0eb31fffb,1.0
2025-11-10,34fb95fc-6175-11ec-b0fc-08c0eb31fffb,7.0
2025-11-17,34fb95fc-6175-11ec-b0fc-08c0eb31fffb,6.0
2025-11-03,35008e7f-de44-11ea-8599-1c34dae33151,0.0
2025-11-10,35008e7f-de44-11ea-8599-1c34dae33151,1.0
2025-11-17,35008e7f-de44-11ea-8599-1c34dae33151,1.0
2025-11-03,350e3cc7-6cb7-11ed-b107-08c0eb31fffb,3.0
2025-11-10,350e3cc7-6cb7-11ed-b107-08c0eb31fffb,3.0
2025-11-17,350e3cc7-6cb7-11ed-b107-08c0eb31fffb,3.0
2025-11-03,351bc9b6-d30b-11ea-8598-1c34dae33151,0.0
2025-11-10,351bc9b6-d30b-11ea-8598-1c34dae33151,1.0
2025-11-17,351bc9b6-d30b-11ea-8598-1c34dae33151,2.0
2025-11-03,3523fd28-f832-11ef-aa23-be3af2b6059f,1.0
2025-11-10,3523fd28-f832-11ef-aa23-be3af2b6059f,2.0
2025-11-17,3523fd28-f832-11ef-aa23-be3af2b6059f,3.0
2025-11-03,3529e39d-9795-11eb-85a9-1c34dae33151,5.0
2025-11-10,3529e39d-9795-11eb-85a9-1c34dae33151,11.0
2025-11-17,3529e39d-9795-11eb-85a9-1c34dae33151,11.0
2025-11-03,354637f8-7c8e-11ed-b970-08c0eb32008b,3.0
2025-11-10,354637f8-7c8e-11ed-b970-08c0eb32008b,3.0
2025-11-17,354637f8-7c8e-11ed-b970-08c0eb32008b,0.0
2025-11-03,357a1a44-182f-11ef-ae7a-08c0eb320147,3.0
2025-11-10,357a1a44-182f-11ef-ae7a-08c0eb320147,4.0
2025-11-17,357a1a44-182f-11ef-ae7a-08c0eb320147,5.0
2025-11-03,3585c55a-ac6d-11ed-b109-08c0eb31fffb,0.0
2025-11-10,3585c55a-ac6d-11ed-b109-08c0eb31fffb,0.0
2025-11-17,3585c55a-ac6d-11ed-b109-08c0eb31fffb,0.0
2025-11-03,3589e9a9-1122-11ef-ae7a-08c0eb320147,7.0
2025-11-10,3589e9a9-1122-11ef-ae7a-08c0eb320147,0.0
2025-11-17,3589e9a9-1122-11ef-ae7a-08c0eb320147,1.0
2025-11-03,358caa12-8c88-11eb-85a8-1c34dae33151,0.0
2025-11-10,358caa12-8c88-11eb-85a8-1c34dae33151,3.0
2025-11-17,358caa12-8c88-11eb-85a8-1c34dae33151,4.0
2025-11-03,358d2552-6502-11ed-b107-08c0eb31fffb,0.0
2025-11-10,358d2552-6502-11ed-b107-08c0eb31fffb,0.0
2025-11-17,358d2552-6502-11ed-b107-08c0eb31fffb,0.0
2025-11-03,3598e9a4-2f81-11ee-885f-08c0eb32014b,0.0
2025-11-10,3598e9a4-2f81-11ee-885f-08c0eb32014b,2.0
2025-11-17,3598e9a4-2f81-11ee-885f-08c0eb32014b,4.0
2025-11-03,35a0317a-111f-11ef-ae7a-08c0eb320147,1.0
2025-11-10,35a0317a-111f-11ef-ae7a-08c0eb320147,1.0
2025-11-17,35a0317a-111f-11ef-ae7a-08c0eb320147,0.0
2025-11-03,35c4255b-2444-11ed-b96c-08c0eb32008b,3.0
2025-11-10,35c4255b-2444-11ed-b96c-08c0eb32008b,5.0
2025-11-17,35c4255b-2444-11ed-b96c-08c0eb32008b,7.0
2025-11-03,35c533b2-ecfe-11ee-b10b-08c0eb31fffb,2.0
2025-11-10,35c533b2-ecfe-11ee-b10b-08c0eb31fffb,1.0
2025-11-17,35c533b2-ecfe-11ee-b10b-08c0eb31fffb,4.0
2025-11-03,35cea7d0-3653-11ec-85ad-1c34dae33151,0.0
2025-11-10,35cea7d0-3653-11ec-85ad-1c34dae33151,1.0
2025-11-17,35cea7d0-3653-11ec-85ad-1c34dae33151,1.0
2025-11-03,35e59dc5-24d0-11ef-8861-08c0eb32014b,9.0
2025-11-10,35e59dc5-24d0-11ef-8861-08c0eb32014b,5.0
2025-11-17,35e59dc5-24d0-11ef-8861-08c0eb32014b,3.0
2025-11-03,35e9ec89-edd1-11ef-a97a-be3af2b6059f,2.0
2025-11-10,35e9ec89-edd1-11ef-a97a-be3af2b6059f,2.0
2025-11-17,35e9ec89-edd1-11ef-a97a-be3af2b6059f,3.0
2025-11-03,35f4a793-a946-11ea-9e08-0050560306e1,0.0
2025-11-10,35f4a793-a946-11ea-9e08-0050560306e1,0.0
2025-11-17,35f4a793-a946-11ea-9e08-0050560306e1,1.0
2025-11-03,3606734b-d3cc-11ed-885d-08c0eb32014b,4.0
2025-11-10,3606734b-d3cc-11ed-885d-08c0eb32014b,11.0
2025-11-17,3606734b-d3cc-11ed-885d-08c0eb32014b,4.0
2025-11-03,363dcaf5-d4c6-11ef-9bb0-be3af2b6059f,1.0
2025-11-10,363dcaf5-d4c6-11ef-9bb0-be3af2b6059f,1.0
2025-11-17,363dcaf5-d4c6-11ef-9bb0-be3af2b6059f,2.0
2025-11-03,366e19e5-c270-11ed-ae77-08c0eb320147,0.0
2025-11-10,366e19e5-c270-11ed-ae77-08c0eb320147,0.0
2025-11-17,366e19e5-c270-11ed-ae77-08c0eb320147,0.0
2025-11-03,3690e912-c920-11eb-85ac-1c34dae33151,1.0
2025-11-10,3690e912-c920-11eb-85ac-1c34dae33151,2.0
2025-11-17,3690e912-c920-11eb-85ac-1c34dae33151,0.0
2025-11-03,36a5c794-86f6-11ef-b10b-08c0eb31fffb,0.0
2025-11-10,36a5c794-86f6-11ef-b10b-08c0eb31fffb,1.0
2025-11-17,36a5c794-86f6-11ef-b10b-08c0eb31fffb,1.0
2025-11-03,36e3bd1c-cfcc-11ee-b10b-08c0eb31fffb,7.0
2025-11-10,36e3bd1c-cfcc-11ee-b10b-08c0eb31fffb,3.0
2025-11-17,36e3bd1c-cfcc-11ee-b10b-08c0eb31fffb,5.0
2025-11-03,36f6bd05-b53a-11ee-b973-08c0eb32008b,5.0
2025-11-10,36f6bd05-b53a-11ee-b973-08c0eb32008b,3.0
2025-11-17,36f6bd05-b53a-11ee-b973-08c0eb32008b,0.0
2025-11-03,3729847a-e3ba-11eb-a0ee-ec0d9a21b021,0.0
2025-11-10,3729847a-e3ba-11eb-a0ee-ec0d9a21b021,1.0
2025-11-17,3729847a-e3ba-11eb-a0ee-ec0d9a21b021,0.0
2025-11-03,372b4d23-c262-11ed-ae77-08c0eb320147,0.0
2025-11-10,372b4d23-c262-11ed-ae77-08c0eb320147,0.0
2025-11-17,372b4d23-c262-11ed-ae77-08c0eb320147,3.0
2025-11-03,3740e0ca-569e-11ec-a0ee-ec0d9a21b021,0.0
2025-11-10,3740e0ca-569e-11ec-a0ee-ec0d9a21b021,5.0
2025-11-17,3740e0ca-569e-11ec-a0ee-ec0d9a21b021,9.0
2025-11-03,374a5236-6794-11eb-85a3-1c34dae33151,4.0
2025-11-10,374a5236-6794-11eb-85a3-1c34dae33151,6.0
2025-11-17,374a5236-6794-11eb-85a3-1c34dae33151,0.0
2025-11-03,374e0416-d542-11ed-ae77-08c0eb320147,3.0
2025-11-10,374e0416-d542-11ed-ae77-08c0eb320147,2.0
2025-11-17,374e0416-d542-11ed-ae77-08c0eb320147,0.0
2025-11-03,376e0232-60cd-11ed-885b-08c0eb32014b,0.0
2025-11-10,376e0232-60cd-11ed-885b-08c0eb32014b,0.0
2025-11-17,376e0232-60cd-11ed-885b-08c0eb32014b,0.0
2025-11-10,379db114-7e74-11f0-9bb2-be3af2b6059f,7.0
2025-11-17,379db114-7e74-11f0-9bb2-be3af2b6059f,5.0
2025-11-03,37d8153b-7c04-11eb-85a3-1c34dae33151,4.0
2025-11-10,37d8153b-7c04-11eb-85a3-1c34dae33151,9.0
2025-11-17,37d8153b-7c04-11eb-85a3-1c34dae33151,9.0
2025-11-03,37ff6cb5-8bd6-11ea-aff3-0050560306e1,0.0
2025-11-10,37ff6cb5-8bd6-11ea-aff3-0050560306e1,0.0
2025-11-17,37ff6cb5-8bd6-11ea-aff3-0050560306e1,0.0
2025-11-03,383b6816-299a-11f0-aa3c-be3af2b6059f,4.0
2025-11-10,383b6816-299a-11f0-aa3c-be3af2b6059f,7.0
2025-11-17,383b6816-299a-11f0-aa3c-be3af2b6059f,9.0
2025-11-03,38598e59-bd20-11ea-b7de-0050560306e1,2.0
2025-11-10,38598e59-bd20-11ea-b7de-0050560306e1,0.0
2025-11-17,38598e59-bd20-11ea-b7de-0050560306e1,0.0
2025-11-03,386a4e45-abb1-11ed-b109-08c0eb31fffb,2.0
2025-11-10,386a4e45-abb1-11ed-b109-08c0eb31fffb,3.0
2025-11-17,386a4e45-abb1-11ed-b109-08c0eb31fffb,3.0
2025-11-03,386da043-bd41-11ea-b7de-0050560306e1,3.0
2025-11-10,386da043-bd41-11ea-b7de-0050560306e1,3.0
2025-11-17,386da043-bd41-11ea-b7de-0050560306e1,1.0
2025-11-03,38931511-5394-11ed-b96e-08c0eb32008b,3.0
2025-11-10,38931511-5394-11ed-b96e-08c0eb32008b,0.0
2025-11-17,38931511-5394-11ed-b96e-08c0eb32008b,0.0
2025-11-03,389ca594-6c6b-11f0-aa3c-be3af2b6059f,0.0
2025-11-10,389ca594-6c6b-11f0-aa3c-be3af2b6059f,0.0
2025-11-17,389ca594-6c6b-11f0-aa3c-be3af2b6059f,0.0
2025-11-03,38ab72de-00b5-11ef-b973-08c0eb32008b,1.0
2025-11-10,38ab72de-00b5-11ef-b973-08c0eb32008b,4.0
2025-11-17,38ab72de-00b5-11ef-b973-08c0eb32008b,4.0
2025-11-03,38ea8447-2fec-11ec-a0ee-ec0d9a21b021,0.0
2025-11-10,38ea8447-2fec-11ec-a0ee-ec0d9a21b021,0.0
2025-11-17,38ea8447-2fec-11ec-a0ee-ec0d9a21b021,0.0
2025-11-03,38f2042a-9d02-11ef-b973-08c0eb32008b,0.0
2025-11-10,38f2042a-9d02-11ef-b973-08c0eb32008b,2.0
2025-11-17,38f2042a-9d02-11ef-b973-08c0eb32008b,1.0
2025-11-03,3907e67d-4c65-11f0-aa25-be3af2b6059f,0.0
2025-11-10,3907e67d-4c65-11f0-aa25-be3af2b6059f,0.0
2025-11-17,3907e67d-4c65-11f0-aa25-be3af2b6059f,0.0
2025-11-03,3921a2e3-aaf4-11ea-9e08-0050560306e1,1.0
2025-11-10,3921a2e3-aaf4-11ea-9e08-0050560306e1,1.0
2025-11-17,3921a2e3-aaf4-11ea-9e08-0050560306e1,0.0
2025-11-03,397b1f13-0a2a-11f0-aa23-be3af2b6059f,0.0
2025-11-10,397b1f13-0a2a-11f0-aa23-be3af2b6059f,0.0
2025-11-17,397b1f13-0a2a-11f0-aa23-be3af2b6059f,0.0
2025-11-03,39974890-c047-11ee-b10b-08c0eb31fffb,0.0
2025-11-10,39974890-c047-11ee-b10b-08c0eb31fffb,0.0
2025-11-17,39974890-c047-11ee-b10b-08c0eb31fffb,0.0
2025-11-03,39a19d6f-3011-11eb-859a-1c34dae33151,4.0
2025-11-10,39a19d6f-3011-11eb-859a-1c34dae33151,8.0
2025-11-17,39a19d6f-3011-11eb-859a-1c34dae33151,4.0
2025-11-03,39c0d2ef-e862-11ee-b10b-08c0eb31fffb,2.0
2025-11-10,39c0d2ef-e862-11ee-b10b-08c0eb31fffb,2.0
2025-11-17,39c0d2ef-e862-11ee-b10b-08c0eb31fffb,3.0
2025-11-03,39c0e41f-e796-11ee-ae7a-08c0eb320147,6.0
2025-11-10,39c0e41f-e796-11ee-ae7a-08c0eb320147,5.0
2025-11-17,39c0e41f-e796-11ee-ae7a-08c0eb320147,2.0
2025-11-03,39c9935d-63e6-11ed-ae75-08c0eb320147,0.0
2025-11-10,39c9935d-63e6-11ed-ae75-08c0eb320147,0.0
2025-11-17,39c9935d-63e6-11ed-ae75-08c0eb320147,4.0
2025-11-03,3a29a88b-79a5-11ea-a214-0050560307be,0.0
2025-11-10,3a29a88b-79a5-11ea-a214-0050560307be,0.0
2025-11-17,3a29a88b-79a5-11ea-a214-0050560307be,0.0
2025-11-03,3a432fc0-49a0-11ea-8a1c-0050560306e1,0.0
2025-11-10,3a432fc0-49a0-11ea-8a1c-0050560306e1,0.0
2025-11-17,3a432fc0-49a0-11ea-8a1c-0050560306e1,2.0
2025-11-03,3a4b8898-b952-11eb-85ab-1c34dae33151,3.0
2025-11-10,3a4b8898-b952-11eb-85ab-1c34dae33151,5.0
2025-11-17,3a4b8898-b952-11eb-85ab-1c34dae33151,9.0
2025-11-03,3a70d7a9-b1f8-11ed-b970-08c0eb32008b,2.0
2025-11-10,3a70d7a9-b1f8-11ed-b970-08c0eb32008b,3.0
2025-11-17,3a70d7a9-b1f8-11ed-b970-08c0eb32008b,6.0
2025-11-03,3ab7ff5d-0d35-11ef-8861-08c0eb32014b,0.0
2025-11-10,3ab7ff5d-0d35-11ef-8861-08c0eb32014b,0.0
2025-11-17,3ab7ff5d-0d35-11ef-8861-08c0eb32014b,0.0
2025-11-03,3abd206a-5d2f-11ea-a7b3-0050560306e1,0.0
2025-11-10,3abd206a-5d2f-11ea-a7b3-0050560306e1,0.0
2025-11-17,3abd206a-5d2f-11ea-a7b3-0050560306e1,0.0
2025-11-03,3ac82a18-b86d-11ef-b10b-08c0eb31fffb,1.0
2025-11-10,3ac82a18-b86d-11ef-b10b-08c0eb31fffb,1.0
2025-11-17,3ac82a18-b86d-11ef-b10b-08c0eb31fffb,0.0
2025-11-03,3acde28b-abba-11ed-b970-08c0eb32008b,3.0
2025-11-10,3acde28b-abba-11ed-b970-08c0eb32008b,3.0
2025-11-17,3acde28b-abba-11ed-b970-08c0eb32008b,2.0
2025-11-03,3af23e2c-5d3b-11ea-a7b3-0050560306e1,1.0
2025-11-10,3af23e2c-5d3b-11ea-a7b3-0050560306e1,0.0
2025-11-17,3af23e2c-5d3b-11ea-a7b3-0050560306e1,0.0
2025-11-03,3b0b3716-1387-11eb-8599-1c34dae33151,0.0
2025-11-10,3b0b3716-1387-11eb-8599-1c34dae33151,0.0
2025-11-17,3b0b3716-1387-11eb-8599-1c34dae33151,1.0
2025-11-03,3b80b3e7-4909-11eb-85a3-1c34dae33151,0.0
2025-11-10,3b80b3e7-4909-11eb-85a3-1c34dae33151,3.0
2025-11-17,3b80b3e7-4909-11eb-85a3-1c34dae33151,0.0
2025-11-03,3b981f43-9797-11eb-85a9-1c34dae33151,4.0
2025-11-10,3b981f43-9797-11eb-85a9-1c34dae33151,6.0
2025-11-17,3b981f43-9797-11eb-85a9-1c34dae33151,5.0
2025-11-03,3baee2e9-709c-11ed-885b-08c0eb32014b,2.0
2025-11-10,3baee2e9-709c-11ed-885b-08c0eb32014b,9.0
2025-11-17,3baee2e9-709c-11ed-885b-08c0eb32014b,1.0
2025-11-03,3bc5e128-3640-11ec-85ad-1c34dae33151,0.0
2025-11-10,3bc5e128-3640-11ec-85ad-1c34dae33151,2.0
2025-11-17,3bc5e128-3640-11ec-85ad-1c34dae33151,3.0
2025-11-03,3bdd1c27-87b9-11ee-8861-08c0eb32014b,1.0
2025-11-10,3bdd1c27-87b9-11ee-8861-08c0eb32014b,5.0
2025-11-17,3bdd1c27-87b9-11ee-8861-08c0eb32014b,3.0
2025-11-03,3be59a82-ea7e-11ee-8861-08c0eb32014b,4.0
2025-11-10,3be59a82-ea7e-11ee-8861-08c0eb32014b,4.0
2025-11-17,3be59a82-ea7e-11ee-8861-08c0eb32014b,7.0
2025-11-03,3bf0f603-50aa-11ed-ae75-08c0eb320147,5.0
2025-11-10,3bf0f603-50aa-11ed-ae75-08c0eb320147,6.0
2025-11-17,3bf0f603-50aa-11ed-ae75-08c0eb320147,5.0
2025-11-03,3c1607f6-364f-11ec-85ad-1c34dae33151,2.0
2025-11-10,3c1607f6-364f-11ec-85ad-1c34dae33151,5.0
2025-11-17,3c1607f6-364f-11ec-85ad-1c34dae33151,3.0
2025-11-03,3c6d3dd8-eded-11eb-a0ee-ec0d9a21b021,1.0
2025-11-10,3c6d3dd8-eded-11eb-a0ee-ec0d9a21b021,3.0
2025-11-17,3c6d3dd8-eded-11eb-a0ee-ec0d9a21b021,3.0
2025-11-03,3c773291-b8f5-11ee-b10b-08c0eb31fffb,4.0
2025-11-10,3c773291-b8f5-11ee-b10b-08c0eb31fffb,4.0
2025-11-17,3c773291-b8f5-11ee-b10b-08c0eb31fffb,0.0
2025-11-03,3c856231-8e9c-11ee-b973-08c0eb32008b,0.0
2025-11-10,3c856231-8e9c-11ee-b973-08c0eb32008b,0.0
2025-11-17,3c856231-8e9c-11ee-b973-08c0eb32008b,0.0
2025-11-03,3c891784-6377-11ee-b971-08c0eb32008b,5.0
2025-11-10,3c891784-6377-11ee-b971-08c0eb32008b,4.0
2025-11-17,3c891784-6377-11ee-b971-08c0eb32008b,9.0
2025-11-03,3c8b1a9d-f28b-11ef-a97a-be3af2b6059f,3.0
2025-11-10,3c8b1a9d-f28b-11ef-a97a-be3af2b6059f,12.0
2025-11-17,3c8b1a9d-f28b-11ef-a97a-be3af2b6059f,0.0
2025-11-03,3cac006b-3056-11ee-885f-08c0eb32014b,2.0
2025-11-10,3cac006b-3056-11ee-885f-08c0eb32014b,3.0
2025-11-17,3cac006b-3056-11ee-885f-08c0eb32014b,3.0
2025-11-03,3cb6b6b8-9063-11ee-8861-08c0eb32014b,0.0
2025-11-10,3cb6b6b8-9063-11ee-8861-08c0eb32014b,0.0
2025-11-17,3cb6b6b8-9063-11ee-8861-08c0eb32014b,0.0
2025-11-03,3cd46183-9130-11ef-8861-08c0eb32014b,0.0
2025-11-10,3cd46183-9130-11ef-8861-08c0eb32014b,0.0
2025-11-17,3cd46183-9130-11ef-8861-08c0eb32014b,4.0
2025-11-03,3ceb9456-4ccc-11ee-885f-08c0eb32014b,7.0
2025-11-10,3ceb9456-4ccc-11ee-885f-08c0eb32014b,10.0
2025-11-17,3ceb9456-4ccc-11ee-885f-08c0eb32014b,10.0
2025-11-03,3cfa78c9-21ac-11ef-b973-08c0eb32008b,3.0
2025-11-10,3cfa78c9-21ac-11ef-b973-08c0eb32008b,4.0
2025-11-17,3cfa78c9-21ac-11ef-b973-08c0eb32008b,3.0
2025-11-03,3cff8410-63fe-11ed-b96e-08c0eb32008b,2.0
2025-11-10,3cff8410-63fe-11ed-b96e-08c0eb32008b,1.0
2025-11-17,3cff8410-63fe-11ed-b96e-08c0eb32008b,6.0
2025-11-03,3d31c582-494a-11ec-a0ee-ec0d9a21b021,11.0
2025-11-10,3d31c582-494a-11ec-a0ee-ec0d9a21b021,8.0
2025-11-17,3d31c582-494a-11ec-a0ee-ec0d9a21b021,9.0
2025-11-03,3d8080f6-3b1b-11ec-85ad-1c34dae33151,3.0
2025-11-10,3d8080f6-3b1b-11ec-85ad-1c34dae33151,3.0
2025-11-17,3d8080f6-3b1b-11ec-85ad-1c34dae33151,4.0
2025-11-03,3d8d01c8-8fb5-11ef-b10b-08c0eb31fffb,2.0
2025-11-10,3d8d01c8-8fb5-11ef-b10b-08c0eb31fffb,3.0
2025-11-17,3d8d01c8-8fb5-11ef-b10b-08c0eb31fffb,0.0
2025-11-03,3d9c74a9-ab32-11ef-8861-08c0eb32014b,1.0
2025-11-10,3d9c74a9-ab32-11ef-8861-08c0eb32014b,1.0
2025-11-17,3d9c74a9-ab32-11ef-8861-08c0eb32014b,2.0
2025-11-03,3dad41ae-c1f3-11eb-85ab-1c34dae33151,3.0
2025-11-10,3dad41ae-c1f3-11eb-85ab-1c34dae33151,4.0
2025-11-17,3dad41ae-c1f3-11eb-85ab-1c34dae33151,2.0
2025-11-03,3db24389-aec9-11ed-b970-08c0eb32008b,3.0
2025-11-10,3db24389-aec9-11ed-b970-08c0eb32008b,3.0
2025-11-17,3db24389-aec9-11ed-b970-08c0eb32008b,3.0
2025-11-03,3dd9a92a-a742-11eb-85a9-1c34dae33151,3.0
2025-11-10,3dd9a92a-a742-11eb-85a9-1c34dae33151,5.0
2025-11-17,3dd9a92a-a742-11eb-85a9-1c34dae33151,10.0
2025-11-03,3e12cc98-a7ed-11ef-8861-08c0eb32014b,0.0
2025-11-10,3e12cc98-a7ed-11ef-8861-08c0eb32014b,2.0
2025-11-17,3e12cc98-a7ed-11ef-8861-08c0eb32014b,0.0
2025-11-03,3e185075-8b2e-11ea-aff3-0050560306e1,3.0
2025-11-10,3e185075-8b2e-11ea-aff3-0050560306e1,5.0
2025-11-17,3e185075-8b2e-11ea-aff3-0050560306e1,6.0
2025-11-03,3e48b251-8728-11ef-b10b-08c0eb31fffb,0.0
2025-11-10,3e48b251-8728-11ef-b10b-08c0eb31fffb,2.0
2025-11-17,3e48b251-8728-11ef-b10b-08c0eb31fffb,2.0
2025-11-03,3e4b7b64-bdec-11ef-aa3a-be3af2b6059f,0.0
2025-11-10,3e4b7b64-bdec-11ef-aa3a-be3af2b6059f,0.0
2025-11-17,3e4b7b64-bdec-11ef-aa3a-be3af2b6059f,0.0
2025-11-03,3e579f25-0733-11ec-a0ee-ec0d9a21b021,1.0
2025-11-10,3e579f25-0733-11ec-a0ee-ec0d9a21b021,2.0
2025-11-17,3e579f25-0733-11ec-a0ee-ec0d9a21b021,0.0
2025-11-03,3e736009-ac72-11ed-b109-08c0eb31fffb,0.0
2025-11-10,3e736009-ac72-11ed-b109-08c0eb31fffb,3.0
2025-11-17,3e736009-ac72-11ed-b109-08c0eb31fffb,1.0
2025-11-03,3e772455-db1f-11eb-85ad-1c34dae33151,3.0
2025-11-10,3e772455-db1f-11eb-85ad-1c34dae33151,3.0
2025-11-17,3e772455-db1f-11eb-85ad-1c34dae33151,1.0
2025-11-03,3e94ef9b-15a0-11ee-ae78-08c0eb320147,4.0
2025-11-10,3e94ef9b-15a0-11ee-ae78-08c0eb320147,5.0
2025-11-17,3e94ef9b-15a0-11ee-ae78-08c0eb320147,1.0
2025-11-03,3e97a3dc-ed24-11ee-8861-08c0eb32014b,8.0
2025-11-10,3e97a3dc-ed24-11ee-8861-08c0eb32014b,8.0
2025-11-17,3e97a3dc-ed24-11ee-8861-08c0eb32014b,10.0
2025-11-03,3e9f4daa-d30a-11ea-8598-1c34dae33151,0.0
2025-11-10,3e9f4daa-d30a-11ea-8598-1c34dae33151,2.0
2025-11-17,3e9f4daa-d30a-11ea-8598-1c34dae33151,0.0
2025-11-03,3ea7f72d-c1f7-11eb-85ab-1c34dae33151,0.0
2025-11-10,3ea7f72d-c1f7-11eb-85ab-1c34dae33151,0.0
2025-11-17,3ea7f72d-c1f7-11eb-85ab-1c34dae33151,1.0
2025-11-03,3eb766d2-37ed-11ec-85ad-1c34dae33151,0.0
2025-11-10,3eb766d2-37ed-11ec-85ad-1c34dae33151,1.0
2025-11-17,3eb766d2-37ed-11ec-85ad-1c34dae33151,2.0
2025-11-03,3eb9850e-50d0-11ef-b10b-08c0eb31fffb,0.0
2025-11-10,3eb9850e-50d0-11ef-b10b-08c0eb31fffb,0.0
2025-11-17,3eb9850e-50d0-11ef-b10b-08c0eb31fffb,0.0
2025-11-03,3ebef93b-adb3-11ef-b973-08c0eb32008b,0.0
2025-11-10,3ebef93b-adb3-11ef-b973-08c0eb32008b,0.0
2025-11-17,3ebef93b-adb3-11ef-b973-08c0eb32008b,0.0
2025-11-03,3ee6e48b-31b6-11ec-a0ee-ec0d9a21b021,4.0
2025-11-10,3ee6e48b-31b6-11ec-a0ee-ec0d9a21b021,10.0
2025-11-17,3ee6e48b-31b6-11ec-a0ee-ec0d9a21b021,12.0
2025-11-03,3efde33c-bc04-11ec-b96b-08c0eb32008b,1.0
2025-11-10,3efde33c-bc04-11ec-b96b-08c0eb32008b,1.0
2025-11-17,3efde33c-bc04-11ec-b96b-08c0eb32008b,1.0
2025-11-03,3efec696-cc8e-11ec-8859-08c0eb32014b,7.0
2025-11-10,3efec696-cc8e-11ec-8859-08c0eb32014b,7.0
2025-11-17,3efec696-cc8e-11ec-8859-08c0eb32014b,7.0
2025-11-03,3f0b4058-92b0-11ed-885d-08c0eb32014b,3.0
2025-11-10,3f0b4058-92b0-11ed-885d-08c0eb32014b,4.0
2025-11-17,3f0b4058-92b0-11ed-885d-08c0eb32014b,1.0
2025-11-03,3f1e5502-f303-11ed-885e-08c0eb32014b,1.0
2025-11-10,3f1e5502-f303-11ed-885e-08c0eb32014b,0.0
2025-11-17,3f1e5502-f303-11ed-885e-08c0eb32014b,2.0
2025-11-03,3f344230-8f74-11ee-ae7a-08c0eb320147,2.0
2025-11-10,3f344230-8f74-11ee-ae7a-08c0eb320147,2.0
2025-11-17,3f344230-8f74-11ee-ae7a-08c0eb320147,2.0
2025-11-03,3f5f041f-f3f1-11ed-b971-08c0eb32008b,2.0
2025-11-10,3f5f041f-f3f1-11ed-b971-08c0eb32008b,1.0
2025-11-17,3f5f041f-f3f1-11ed-b971-08c0eb32008b,2.0
2025-11-03,3f661980-ae88-11ef-ae7a-08c0eb320147,1.0
2025-11-10,3f661980-ae88-11ef-ae7a-08c0eb320147,0.0
2025-11-17,3f661980-ae88-11ef-ae7a-08c0eb320147,0.0
2025-11-03,3f6686fb-4e00-11ec-a0ee-ec0d9a21b021,4.0
2025-11-10,3f6686fb-4e00-11ec-a0ee-ec0d9a21b021,3.0
2025-11-17,3f6686fb-4e00-11ec-a0ee-ec0d9a21b021,7.0
2025-11-03,3fb572e1-3e37-11ed-b96c-08c0eb32008b,0.0
2025-11-10,3fb572e1-3e37-11ed-b96c-08c0eb32008b,0.0
2025-11-17,3fb572e1-3e37-11ed-b96c-08c0eb32008b,0.0
2025-11-03,3fb862a9-dee9-11ef-a97a-be3af2b6059f,5.0
2025-11-10,3fb862a9-dee9-11ef-a97a-be3af2b6059f,6.0
2025-11-17,3fb862a9-dee9-11ef-a97a-be3af2b6059f,3.0
2025-11-03,3fc4bc11-92b3-11ed-b970-08c0eb32008b,2.0
2025-11-10,3fc4bc11-92b3-11ed-b970-08c0eb32008b,3.0
2025-11-17,3fc4bc11-92b3-11ed-b970-08c0eb32008b,0.0
2025-11-03,3fd2e88c-e68d-11ee-b10b-08c0eb31fffb,0.0
2025-11-10,3fd2e88c-e68d-11ee-b10b-08c0eb31fffb,2.0
2025-11-17,3fd2e88c-e68d-11ee-b10b-08c0eb31fffb,1.0
2025-11-03,3ff3d261-63bf-11ef-b973-08c0eb32008b,2.0
2025-11-10,3ff3d261-63bf-11ef-b973-08c0eb32008b,1.0
2025-11-17,3ff3d261-63bf-11ef-b973-08c0eb32008b,3.0
2025-11-03,3ff9de53-b62a-11ef-b10b-08c0eb31fffb,0.0
2025-11-10,3ff9de53-b62a-11ef-b10b-08c0eb31fffb,1.0
2025-11-17,3ff9de53-b62a-11ef-b10b-08c0eb31fffb,1.0
2025-11-03,401bcee0-42d4-11ec-a0ee-ec0d9a21b021,2.0
2025-11-10,401bcee0-42d4-11ec-a0ee-ec0d9a21b021,3.0
2025-11-17,401bcee0-42d4-11ec-a0ee-ec0d9a21b021,6.0
2025-11-03,404427a5-b7a3-11ef-b10b-08c0eb31fffb,4.0
2025-11-10,404427a5-b7a3-11ef-b10b-08c0eb31fffb,5.0
2025-11-17,404427a5-b7a3-11ef-b10b-08c0eb31fffb,4.0
2025-11-03,40657282-ac76-11ed-ae77-08c0eb320147,0.0
2025-11-10,40657282-ac76-11ed-ae77-08c0eb320147,0.0
2025-11-17,40657282-ac76-11ed-ae77-08c0eb320147,0.0
2025-11-03,408cd5ac-abb2-11ed-b109-08c0eb31fffb,0.0
2025-11-10,408cd5ac-abb2-11ed-b109-08c0eb31fffb,3.0
2025-11-17,408cd5ac-abb2-11ed-b109-08c0eb31fffb,0.0
2025-11-03,40a79107-7194-11ed-885b-08c0eb32014b,3.0
2025-11-10,40a79107-7194-11ed-885b-08c0eb32014b,3.0
2025-11-17,40a79107-7194-11ed-885b-08c0eb32014b,4.0
2025-11-03,40c6c0f3-ff1e-11ef-a5c9-7cc255b74513,0.0
2025-11-10,40c6c0f3-ff1e-11ef-a5c9-7cc255b74513,0.0
2025-11-17,40c6c0f3-ff1e-11ef-a5c9-7cc255b74513,0.0
2025-11-03,40cd1dda-8a9c-11ee-b10b-08c0eb31fffb,1.0
2025-11-10,40cd1dda-8a9c-11ee-b10b-08c0eb31fffb,1.0
2025-11-17,40cd1dda-8a9c-11ee-b10b-08c0eb31fffb,1.0
2025-11-03,40edb380-9287-11ee-8861-08c0eb32014b,0.0
2025-11-10,40edb380-9287-11ee-8861-08c0eb32014b,1.0
2025-11-17,40edb380-9287-11ee-8861-08c0eb32014b,4.0
2025-11-03,410051a1-e844-11ee-ae7a-08c0eb320147,1.0
2025-11-10,410051a1-e844-11ee-ae7a-08c0eb320147,2.0
2025-11-17,410051a1-e844-11ee-ae7a-08c0eb320147,2.0
2025-04-28,41651b30-0327-11f0-aa3a-be3af2b6059f,0.0
2025-05-05,41651b30-0327-11f0-aa3a-be3af2b6059f,0.0
2025-05-12,41651b30-0327-11f0-aa3a-be3af2b6059f,0.0
2025-05-19,41651b30-0327-11f0-aa3a-be3af2b6059f,0.0
2025-05-26,41651b30-0327-11f0-aa3a-be3af2b6059f,0.0
2025-06-02,41651b30-0327-11f0-aa3a-be3af2b6059f,0.0
2025-06-09,41651b30-0327-11f0-aa3a-be3af2b6059f,0.0
2025-06-16,41651b30-0327-11f0-aa3a-be3af2b6059f,0.0
2025-06-23,41651b30-0327-11f0-aa3a-be3af2b6059f,0.0
2025-06-30,41651b30-0327-11f0-aa3a-be3af2b6059f,0.0
2025-07-07,41651b30-0327-11f0-aa3a-be3af2b6059f,0.0
2025-07-14,41651b30-0327-11f0-aa3a-be3af2b6059f,0.0
2025-07-21,41651b30-0327-11f0-aa3a-be3af2b6059f,0.0
2025-07-28,41651b30-0327-11f0-aa3a-be3af2b6059f,0.0
2025-08-04,41651b30-0327-11f0-aa3a-be3af2b6059f,0.0
2025-08-11,41651b30-0327-11f0-aa3a-be3af2b6059f,0.0
2025-08-18,41651b30-0327-11f0-aa3a-be3af2b6059f,0.0
2025-08-25,41651b30-0327-11f0-aa3a-be3af2b6059f,0.0
2025-09-01,41651b30-0327-11f0-aa3a-be3af2b6059f,0.0
2025-09-08,41651b30-0327-11f0-aa3a-be3af2b6059f,4.0
2025-09-15,41651b30-0327-11f0-aa3a-be3af2b6059f,0.0
2025-09-22,41651b30-0327-11f0-aa3a-be3af2b6059f,2.0
2025-09-29,41651b30-0327-11f0-aa3a-be3af2b6059f,1.0
2025-10-06,41651b30-0327-11f0-aa3a-be3af2b6059f,3.0
2025-10-13,41651b30-0327-11f0-aa3a-be3af2b6059f,3.0
2025-10-20,41651b30-0327-11f0-aa3a-be3af2b6059f,0.0
2025-10-27,41651b30-0327-11f0-aa3a-be3af2b6059f,1.0
2025-11-17,41722ab1-955a-11f0-aa3c-be3af2b6059f,9.0
2025-11-03,41817d3a-7953-11ee-b972-08c0eb32008b,3.0
2025-11-10,41817d3a-7953-11ee-b972-08c0eb32008b,1.0
2025-11-17,41817d3a-7953-11ee-b972-08c0eb32008b,0.0
2025-11-03,418715a2-9796-11eb-85a9-1c34dae33151,3.0
2025-11-10,418715a2-9796-11eb-85a9-1c34dae33151,3.0
2025-11-17,418715a2-9796-11eb-85a9-1c34dae33151,6.0
2025-11-03,41b83fe9-4088-11ec-a0ee-ec0d9a21b021,3.0
2025-11-10,41b83fe9-4088-11ec-a0ee-ec0d9a21b021,1.0
2025-11-17,41b83fe9-4088-11ec-a0ee-ec0d9a21b021,1.0
2025-11-03,41d2e146-7989-11ee-b972-08c0eb32008b,0.0
2025-11-10,41d2e146-7989-11ee-b972-08c0eb32008b,0.0
2025-11-17,41d2e146-7989-11ee-b972-08c0eb32008b,0.0
2025-11-03,41e12331-4ab6-11f0-aa3c-be3af2b6059f,1.0
2025-11-10,41e12331-4ab6-11f0-aa3c-be3af2b6059f,3.0
2025-11-17,41e12331-4ab6-11f0-aa3c-be3af2b6059f,4.0
2025-11-03,41f1631b-272e-11ef-8861-08c0eb32014b,0.0
2025-11-10,41f1631b-272e-11ef-8861-08c0eb32014b,0.0
2025-11-17,41f1631b-272e-11ef-8861-08c0eb32014b,0.0
2025-11-03,41f5c906-1894-11ed-b106-08c0eb31fffb,0.0
2025-11-10,41f5c906-1894-11ed-b106-08c0eb31fffb,0.0
2025-11-17,41f5c906-1894-11ed-b106-08c0eb31fffb,0.0
2025-11-03,41f9940a-5830-11ec-85ad-1c34dae33151,5.0
2025-11-10,41f9940a-5830-11ec-85ad-1c34dae33151,4.0
2025-11-17,41f9940a-5830-11ec-85ad-1c34dae33151,3.0
2025-11-03,420a8598-9523-11ef-b973-08c0eb32008b,2.0
2025-11-10,420a8598-9523-11ef-b973-08c0eb32008b,3.0
2025-11-17,420a8598-9523-11ef-b973-08c0eb32008b,2.0
2025-11-03,42131104-7f4c-11f0-9bb2-be3af2b6059f,0.0
2025-11-10,42131104-7f4c-11f0-9bb2-be3af2b6059f,0.0
2025-11-17,42131104-7f4c-11f0-9bb2-be3af2b6059f,0.0
2025-11-03,4269a4b5-912f-11eb-85a8-1c34dae33151,0.0
2025-11-10,4269a4b5-912f-11eb-85a8-1c34dae33151,0.0
2025-11-17,4269a4b5-912f-11eb-85a8-1c34dae33151,1.0
2025-11-03,427889ad-50e2-11ef-b973-08c0eb32008b,0.0
2025-11-10,427889ad-50e2-11ef-b973-08c0eb32008b,1.0
2025-11-17,427889ad-50e2-11ef-b973-08c0eb32008b,0.0
2025-11-03,4279041f-ac6e-11ed-b109-08c0eb31fffb,6.0
2025-11-10,4279041f-ac6e-11ed-b109-08c0eb31fffb,4.0
2025-11-17,4279041f-ac6e-11ed-b109-08c0eb31fffb,7.0
2025-11-03,42f9a8e7-2a6b-11eb-859a-1c34dae33151,0.0
2025-11-10,42f9a8e7-2a6b-11eb-859a-1c34dae33151,0.0
2025-11-17,42f9a8e7-2a6b-11eb-859a-1c34dae33151,0.0
2025-11-03,43049f58-c26d-11ed-b970-08c0eb32008b,0.0
2025-11-10,43049f58-c26d-11ed-b970-08c0eb32008b,2.0
2025-11-17,43049f58-c26d-11ed-b970-08c0eb32008b,0.0
2025-11-03,430b37ba-37ff-11ec-85ad-1c34dae33151,2.0
2025-11-10,430b37ba-37ff-11ec-85ad-1c34dae33151,2.0
2025-11-17,430b37ba-37ff-11ec-85ad-1c34dae33151,5.0
2025-11-03,4353bd8f-fb4e-11ee-b10b-08c0eb31fffb,4.0
2025-11-10,4353bd8f-fb4e-11ee-b10b-08c0eb31fffb,5.0
2025-11-17,4353bd8f-fb4e-11ee-b10b-08c0eb31fffb,3.0
2025-11-03,437609ca-6026-11ed-ae75-08c0eb320147,4.0
2025-11-10,437609ca-6026-11ed-ae75-08c0eb320147,0.0
2025-11-17,437609ca-6026-11ed-ae75-08c0eb320147,0.0
2025-11-03,4377c415-3554-11eb-859a-1c34dae33151,3.0
2025-11-10,4377c415-3554-11eb-859a-1c34dae33151,3.0
2025-11-17,4377c415-3554-11eb-859a-1c34dae33151,3.0
2025-11-03,438b413d-a045-11ef-8861-08c0eb32014b,0.0
2025-11-10,438b413d-a045-11ef-8861-08c0eb32014b,0.0
2025-11-17,438b413d-a045-11ef-8861-08c0eb32014b,0.0
2025-11-03,43a74981-d5a6-11eb-85ac-1c34dae33151,1.0
2025-11-10,43a74981-d5a6-11eb-85ac-1c34dae33151,0.0
2025-11-17,43a74981-d5a6-11eb-85ac-1c34dae33151,0.0
2025-11-03,43c92342-50e6-11ef-b10b-08c0eb31fffb,0.0
2025-11-10,43c92342-50e6-11ef-b10b-08c0eb31fffb,0.0
2025-11-17,43c92342-50e6-11ef-b10b-08c0eb31fffb,0.0
2025-11-03,43d2ec99-83ac-11ee-ae7a-08c0eb320147,0.0
2025-11-10,43d2ec99-83ac-11ee-ae7a-08c0eb320147,0.0
2025-11-17,43d2ec99-83ac-11ee-ae7a-08c0eb320147,1.0
2025-11-03,43f549fc-92ab-11ed-885d-08c0eb32014b,4.0
2025-11-10,43f549fc-92ab-11ed-885d-08c0eb32014b,5.0
2025-11-17,43f549fc-92ab-11ed-885d-08c0eb32014b,7.0
2025-11-03,43f57b67-a75a-11ef-ae7a-08c0eb320147,0.0
2025-11-10,43f57b67-a75a-11ef-ae7a-08c0eb320147,1.0
2025-11-17,43f57b67-a75a-11ef-ae7a-08c0eb320147,0.0
2025-11-03,43fe62aa-5f5a-11ed-ae75-08c0eb320147,0.0
2025-11-10,43fe62aa-5f5a-11ed-ae75-08c0eb320147,0.0
2025-11-17,43fe62aa-5f5a-11ed-ae75-08c0eb320147,1.0
2025-11-03,4400181f-50f2-11f0-a97c-be3af2b6059f,2.0
2025-11-10,4400181f-50f2-11f0-a97c-be3af2b6059f,7.0
2025-11-17,4400181f-50f2-11f0-a97c-be3af2b6059f,1.0
2025-11-03,441180b4-7cd5-11ef-ae7a-08c0eb320147,4.0
2025-11-10,441180b4-7cd5-11ef-ae7a-08c0eb320147,6.0
2025-11-17,441180b4-7cd5-11ef-ae7a-08c0eb320147,5.0
2025-11-03,44181c7e-1692-11ef-b10b-08c0eb31fffb,7.0
2025-11-10,44181c7e-1692-11ef-b10b-08c0eb31fffb,4.0
2025-11-17,44181c7e-1692-11ef-b10b-08c0eb31fffb,3.0
2025-11-03,442f31f8-aca2-11ef-ae7a-08c0eb320147,0.0
2025-11-10,442f31f8-aca2-11ef-ae7a-08c0eb320147,0.0
2025-11-17,442f31f8-aca2-11ef-ae7a-08c0eb320147,0.0
2025-11-03,4431793e-95a7-11ed-b970-08c0eb32008b,0.0
2025-11-10,4431793e-95a7-11ed-b970-08c0eb32008b,0.0
2025-11-17,4431793e-95a7-11ed-b970-08c0eb32008b,0.0
2025-11-03,446a5db0-3197-11f0-aa3c-be3af2b6059f,1.0
2025-11-10,446a5db0-3197-11f0-aa3c-be3af2b6059f,2.0
2025-11-17,446a5db0-3197-11f0-aa3c-be3af2b6059f,9.0
2025-11-03,446b09b0-ae85-11ef-ae7a-08c0eb320147,0.0
2025-11-10,446b09b0-ae85-11ef-ae7a-08c0eb320147,3.0
2025-11-17,446b09b0-ae85-11ef-ae7a-08c0eb320147,2.0
2025-11-03,4487d677-24a6-11ee-b10a-08c0eb31fffb,3.0
2025-11-10,4487d677-24a6-11ee-b10a-08c0eb31fffb,1.0
2025-11-17,4487d677-24a6-11ee-b10a-08c0eb31fffb,1.0
2025-11-03,449f6212-fb47-11ef-9bb0-be3af2b6059f,0.0
2025-11-10,449f6212-fb47-11ef-9bb0-be3af2b6059f,3.0
2025-11-17,449f6212-fb47-11ef-9bb0-be3af2b6059f,1.0
2025-11-03,44a6ff69-47fd-11ef-b10b-08c0eb31fffb,0.0
2025-11-10,44a6ff69-47fd-11ef-b10b-08c0eb31fffb,0.0
2025-11-17,44a6ff69-47fd-11ef-b10b-08c0eb31fffb,0.0
2025-11-03,44d2998c-661b-11f0-aa25-be3af2b6059f,0.0
2025-11-10,44d2998c-661b-11f0-aa25-be3af2b6059f,0.0
2025-11-17,44d2998c-661b-11f0-aa25-be3af2b6059f,0.0
2025-11-03,44f56dac-4b16-11ee-ae78-08c0eb320147,0.0
2025-11-10,44f56dac-4b16-11ee-ae78-08c0eb320147,0.0
2025-11-17,44f56dac-4b16-11ee-ae78-08c0eb320147,0.0
2025-11-03,44f8484a-912c-11eb-85a8-1c34dae33151,1.0
2025-11-10,44f8484a-912c-11eb-85a8-1c34dae33151,4.0
2025-11-17,44f8484a-912c-11eb-85a8-1c34dae33151,3.0
2025-11-03,4517dee0-2587-11eb-8599-1c34dae33151,0.0
2025-11-10,4517dee0-2587-11eb-8599-1c34dae33151,0.0
2025-11-17,4517dee0-2587-11eb-8599-1c34dae33151,0.0
2025-11-03,452bf433-4096-11ed-885a-08c0eb32014b,0.0
2025-11-10,452bf433-4096-11ed-885a-08c0eb32014b,2.0
2025-11-17,452bf433-4096-11ed-885a-08c0eb32014b,1.0
2025-11-03,452fc966-d7e0-11ea-8599-1c34dae33151,0.0
2025-11-10,452fc966-d7e0-11ea-8599-1c34dae33151,1.0
2025-11-17,452fc966-d7e0-11ea-8599-1c34dae33151,0.0
2025-11-03,45821c46-6ab1-11ef-b10b-08c0eb31fffb,0.0
2025-11-10,45821c46-6ab1-11ef-b10b-08c0eb31fffb,3.0
2025-11-17,45821c46-6ab1-11ef-b10b-08c0eb31fffb,2.0
2025-11-03,45d3c014-5e42-11ef-b973-08c0eb32008b,0.0
2025-11-10,45d3c014-5e42-11ef-b973-08c0eb32008b,1.0
2025-11-17,45d3c014-5e42-11ef-b973-08c0eb32008b,2.0
2025-11-03,45ddf1a2-f580-11ee-8861-08c0eb32014b,0.0
2025-11-10,45ddf1a2-f580-11ee-8861-08c0eb32014b,0.0
2025-11-17,45ddf1a2-f580-11ee-8861-08c0eb32014b,0.0
2025-11-03,4627abe5-1fef-11ea-85cc-0050560306e1,1.0
2025-11-10,4627abe5-1fef-11ea-85cc-0050560306e1,2.0
2025-11-17,4627abe5-1fef-11ea-85cc-0050560306e1,2.0
2025-11-03,465ff9f0-32fb-11ef-b10b-08c0eb31fffb,3.0
2025-11-10,465ff9f0-32fb-11ef-b10b-08c0eb31fffb,3.0
2025-11-17,465ff9f0-32fb-11ef-b10b-08c0eb31fffb,3.0
2025-11-03,468c9186-03c5-11ef-ae7a-08c0eb320147,0.0
2025-11-10,468c9186-03c5-11ef-ae7a-08c0eb320147,0.0
2025-11-17,468c9186-03c5-11ef-ae7a-08c0eb320147,0.0
2025-11-03,468f57fe-6988-11ed-ae75-08c0eb320147,0.0
2025-11-10,468f57fe-6988-11ed-ae75-08c0eb320147,0.0
2025-11-17,468f57fe-6988-11ed-ae75-08c0eb320147,1.0
2025-11-03,469e9816-63ff-11ed-b96e-08c0eb32008b,4.0
2025-11-10,469e9816-63ff-11ed-b96e-08c0eb32008b,4.0
2025-11-17,469e9816-63ff-11ed-b96e-08c0eb32008b,8.0
2025-11-03,46b65489-221a-11ee-ae78-08c0eb320147,0.0
2025-11-10,46b65489-221a-11ee-ae78-08c0eb320147,4.0
2025-11-17,46b65489-221a-11ee-ae78-08c0eb320147,3.0
2025-11-03,46c9b86a-921a-11eb-85a8-1c34dae33151,2.0
2025-11-10,46c9b86a-921a-11eb-85a8-1c34dae33151,2.0
2025-11-17,46c9b86a-921a-11eb-85a8-1c34dae33151,3.0
2025-11-03,46d7d3d8-db1d-11eb-85ad-1c34dae33151,0.0
2025-11-10,46d7d3d8-db1d-11eb-85ad-1c34dae33151,0.0
2025-11-17,46d7d3d8-db1d-11eb-85ad-1c34dae33151,0.0
2025-11-03,46f718f4-f3e1-11ed-b971-08c0eb32008b,4.0
2025-11-10,46f718f4-f3e1-11ed-b971-08c0eb32008b,5.0
2025-11-17,46f718f4-f3e1-11ed-b971-08c0eb32008b,6.0
2025-11-03,47059bc4-d7af-11ed-b970-08c0eb32008b,0.0
2025-11-10,47059bc4-d7af-11ed-b970-08c0eb32008b,0.0
2025-11-17,47059bc4-d7af-11ed-b970-08c0eb32008b,0.0
2025-11-03,4713d3f1-c266-11ed-885d-08c0eb32014b,0.0
2025-11-10,4713d3f1-c266-11ed-885d-08c0eb32014b,0.0
2025-11-17,4713d3f1-c266-11ed-885d-08c0eb32014b,1.0
2025-11-03,4727ca56-fb1e-11ee-b973-08c0eb32008b,0.0
2025-11-10,4727ca56-fb1e-11ee-b973-08c0eb32008b,1.0
2025-11-17,4727ca56-fb1e-11ee-b973-08c0eb32008b,1.0
2025-11-03,473c58f3-7f04-11ee-8861-08c0eb32014b,5.0
2025-11-10,473c58f3-7f04-11ee-8861-08c0eb32014b,3.0
2025-11-17,473c58f3-7f04-11ee-8861-08c0eb32014b,5.0
2025-11-03,47669a52-eaa6-11ee-b973-08c0eb32008b,1.0
2025-11-10,47669a52-eaa6-11ee-b973-08c0eb32008b,2.0
2025-11-17,47669a52-eaa6-11ee-b973-08c0eb32008b,3.0
2025-11-03,47990644-72b1-11eb-85a3-1c34dae33151,0.0
2025-11-10,47990644-72b1-11eb-85a3-1c34dae33151,0.0
2025-11-17,47990644-72b1-11eb-85a3-1c34dae33151,0.0
2025-11-03,47ad213a-ac6f-11ed-b109-08c0eb31fffb,0.0
2025-11-10,47ad213a-ac6f-11ed-b109-08c0eb31fffb,0.0
2025-11-17,47ad213a-ac6f-11ed-b109-08c0eb31fffb,1.0
2025-11-03,47ad6cda-3dfa-11eb-a941-98039bebacf1,0.0
2025-11-10,47ad6cda-3dfa-11eb-a941-98039bebacf1,0.0
2025-11-17,47ad6cda-3dfa-11eb-a941-98039bebacf1,0.0
2025-11-03,47c189a2-af2c-11eb-85ab-1c34dae33151,1.0
2025-11-10,47c189a2-af2c-11eb-85ab-1c34dae33151,3.0
2025-11-17,47c189a2-af2c-11eb-85ab-1c34dae33151,1.0
2025-11-03,47e6a0b3-6775-11ee-b972-08c0eb32008b,1.0
2025-11-10,47e6a0b3-6775-11ee-b972-08c0eb32008b,1.0
2025-11-17,47e6a0b3-6775-11ee-b972-08c0eb32008b,0.0
2025-11-03,4816c12b-16bf-11ef-8861-08c0eb32014b,0.0
2025-11-10,4816c12b-16bf-11ef-8861-08c0eb32014b,2.0
2025-11-17,4816c12b-16bf-11ef-8861-08c0eb32014b,3.0
2025-11-03,48184cee-461b-11ed-885a-08c0eb32014b,0.0
2025-11-10,48184cee-461b-11ed-885a-08c0eb32014b,0.0
2025-11-17,48184cee-461b-11ed-885a-08c0eb32014b,0.0
2025-11-03,4838ebf1-da45-11ef-9bb0-be3af2b6059f,0.0
2025-11-10,4838ebf1-da45-11ef-9bb0-be3af2b6059f,1.0
2025-11-17,4838ebf1-da45-11ef-9bb0-be3af2b6059f,1.0
2025-11-03,483cc87d-fea2-11ec-b96c-08c0eb32008b,0.0
2025-11-10,483cc87d-fea2-11ec-b96c-08c0eb32008b,6.0
2025-11-17,483cc87d-fea2-11ec-b96c-08c0eb32008b,4.0
2025-11-03,484edbe8-5f2c-11ec-ae6d-08c0eb320147,5.0
2025-11-10,484edbe8-5f2c-11ec-ae6d-08c0eb320147,6.0
2025-11-17,484edbe8-5f2c-11ec-ae6d-08c0eb320147,6.0
2025-11-03,48590fa8-c268-11ed-885d-08c0eb32014b,3.0
2025-11-10,48590fa8-c268-11ed-885d-08c0eb32014b,3.0
2025-11-17,48590fa8-c268-11ed-885d-08c0eb32014b,6.0
2025-11-03,489b6d77-adb2-11ef-b973-08c0eb32008b,0.0
2025-11-10,489b6d77-adb2-11ef-b973-08c0eb32008b,1.0
2025-11-17,489b6d77-adb2-11ef-b973-08c0eb32008b,0.0
2025-11-03,48a48d59-0b70-11ef-b973-08c0eb32008b,4.0
2025-11-10,48a48d59-0b70-11ef-b973-08c0eb32008b,0.0
2025-11-17,48a48d59-0b70-11ef-b973-08c0eb32008b,4.0
2025-11-03,48aad35c-ac74-11ed-885d-08c0eb32014b,0.0
2025-11-10,48aad35c-ac74-11ed-885d-08c0eb32014b,0.0
2025-11-17,48aad35c-ac74-11ed-885d-08c0eb32014b,0.0
2025-11-03,48b1fdce-4dc0-11f0-9bb2-be3af2b6059f,1.0
2025-11-10,48b1fdce-4dc0-11f0-9bb2-be3af2b6059f,5.0
2025-11-17,48b1fdce-4dc0-11f0-9bb2-be3af2b6059f,1.0
2025-11-03,48b757e3-29ab-11f0-aa3c-be3af2b6059f,7.0
2025-11-10,48b757e3-29ab-11f0-aa3c-be3af2b6059f,8.0
2025-11-17,48b757e3-29ab-11f0-aa3c-be3af2b6059f,8.0
2025-11-03,48bb4d7a-687a-11f0-a97c-be3af2b6059f,5.0
2025-11-10,48bb4d7a-687a-11f0-a97c-be3af2b6059f,4.0
2025-11-17,48bb4d7a-687a-11f0-a97c-be3af2b6059f,6.0
2025-11-03,48d95998-a181-11ed-ae77-08c0eb320147,2.0
2025-11-10,48d95998-a181-11ed-ae77-08c0eb320147,0.0
2025-11-17,48d95998-a181-11ed-ae77-08c0eb320147,0.0
2025-11-03,48dd6e38-710f-11eb-85a3-1c34dae33151,3.0
2025-11-10,48dd6e38-710f-11eb-85a3-1c34dae33151,2.0
2025-11-17,48dd6e38-710f-11eb-85a3-1c34dae33151,1.0
2025-11-03,48f6d47c-3d0d-11ef-b973-08c0eb32008b,3.0
2025-11-10,48f6d47c-3d0d-11ef-b973-08c0eb32008b,2.0
2025-11-17,48f6d47c-3d0d-11ef-b973-08c0eb32008b,2.0
2025-11-03,48f8c2fb-48f3-11ea-8a1c-0050560306e1,5.0
2025-11-10,48f8c2fb-48f3-11ea-8a1c-0050560306e1,2.0
2025-11-17,48f8c2fb-48f3-11ea-8a1c-0050560306e1,4.0
2025-11-03,49087fa1-099c-11ec-a0ee-ec0d9a21b021,0.0
2025-11-10,49087fa1-099c-11ec-a0ee-ec0d9a21b021,0.0
2025-11-17,49087fa1-099c-11ec-a0ee-ec0d9a21b021,0.0
2025-11-03,49256c39-fe27-11ee-ae7a-08c0eb320147,0.0
2025-11-10,49256c39-fe27-11ee-ae7a-08c0eb320147,1.0
2025-11-17,49256c39-fe27-11ee-ae7a-08c0eb320147,2.0
2025-11-03,4936d84b-47b3-11ec-85ad-1c34dae33151,4.0
2025-11-10,4936d84b-47b3-11ec-85ad-1c34dae33151,3.0
2025-11-17,4936d84b-47b3-11ec-85ad-1c34dae33151,3.0
2025-11-03,493c4690-6a32-11ed-b107-08c0eb31fffb,4.0
2025-11-10,493c4690-6a32-11ed-b107-08c0eb31fffb,5.0
2025-11-17,493c4690-6a32-11ed-b107-08c0eb31fffb,4.0
2025-11-03,493e56c6-70c3-11ed-b107-08c0eb31fffb,1.0
2025-11-10,493e56c6-70c3-11ed-b107-08c0eb31fffb,2.0
2025-11-17,493e56c6-70c3-11ed-b107-08c0eb31fffb,0.0
2025-11-03,4978c377-b74c-11ec-ae6e-08c0eb320147,0.0
2025-11-10,4978c377-b74c-11ec-ae6e-08c0eb320147,4.0
2025-11-17,4978c377-b74c-11ec-ae6e-08c0eb320147,3.0
2025-11-03,4983807f-71bb-11ed-b96e-08c0eb32008b,5.0
2025-11-10,4983807f-71bb-11ed-b96e-08c0eb32008b,0.0
2025-11-17,4983807f-71bb-11ed-b96e-08c0eb32008b,0.0
2025-11-03,49960cbd-c138-11ef-aa3a-be3af2b6059f,5.0
2025-11-10,49960cbd-c138-11ef-aa3a-be3af2b6059f,5.0
2025-11-17,49960cbd-c138-11ef-aa3a-be3af2b6059f,4.0
2025-11-03,49c07d86-f7fd-11ea-8599-1c34dae33151,3.0
2025-11-10,49c07d86-f7fd-11ea-8599-1c34dae33151,4.0
2025-11-17,49c07d86-f7fd-11ea-8599-1c34dae33151,4.0
2025-11-03,49c1a760-496f-11ed-885a-08c0eb32014b,0.0
2025-11-10,49c1a760-496f-11ed-885a-08c0eb32014b,0.0
2025-11-17,49c1a760-496f-11ed-885a-08c0eb32014b,0.0
2025-11-03,49c9c3a7-5a27-11ef-ae7a-08c0eb320147,9.0
2025-11-10,49c9c3a7-5a27-11ef-ae7a-08c0eb320147,8.0
2025-11-17,49c9c3a7-5a27-11ef-ae7a-08c0eb320147,7.0
2025-11-03,4a17360b-3137-11ee-885f-08c0eb32014b,2.0
2025-11-10,4a17360b-3137-11ee-885f-08c0eb32014b,4.0
2025-11-17,4a17360b-3137-11ee-885f-08c0eb32014b,2.0
2025-11-03,4a467df6-c4e4-11ea-b7de-0050560306e1,3.0
2025-11-10,4a467df6-c4e4-11ea-b7de-0050560306e1,2.0
2025-11-17,4a467df6-c4e4-11ea-b7de-0050560306e1,2.0
2025-11-03,4a7a7906-92b1-11ed-885d-08c0eb32014b,0.0
2025-11-10,4a7a7906-92b1-11ed-885d-08c0eb32014b,1.0
2025-11-17,4a7a7906-92b1-11ed-885d-08c0eb32014b,0.0
2025-11-03,4aaf8c97-92b4-11ee-8861-08c0eb32014b,3.0
2025-11-10,4aaf8c97-92b4-11ee-8861-08c0eb32014b,4.0
2025-11-17,4aaf8c97-92b4-11ee-8861-08c0eb32014b,3.0
2025-11-03,4ac6ce2f-0574-11f0-a97a-be3af2b6059f,0.0
2025-11-10,4ac6ce2f-0574-11f0-a97a-be3af2b6059f,0.0
2025-11-17,4ac6ce2f-0574-11f0-a97a-be3af2b6059f,1.0
2025-11-03,4ad8ecd8-c265-11ed-ae77-08c0eb320147,0.0
2025-11-10,4ad8ecd8-c265-11ed-ae77-08c0eb320147,2.0
2025-11-17,4ad8ecd8-c265-11ed-ae77-08c0eb320147,2.0
2025-11-03,4b06888d-53bd-11ee-b10a-08c0eb31fffb,4.0
2025-11-10,4b06888d-53bd-11ee-b10a-08c0eb31fffb,3.0
2025-11-17,4b06888d-53bd-11ee-b10a-08c0eb31fffb,5.0
2025-11-03,4b077183-e48d-11ef-a5c9-7cc255b74513,0.0
2025-11-10,4b077183-e48d-11ef-a5c9-7cc255b74513,0.0
2025-11-17,4b077183-e48d-11ef-a5c9-7cc255b74513,0.0
2025-11-03,4b0c1cfa-9c33-11ef-b10b-08c0eb31fffb,2.0
2025-11-10,4b0c1cfa-9c33-11ef-b10b-08c0eb31fffb,3.0
2025-11-17,4b0c1cfa-9c33-11ef-b10b-08c0eb31fffb,0.0
2025-11-03,4b384afd-da15-11ee-ae7a-08c0eb320147,2.0
2025-11-10,4b384afd-da15-11ee-ae7a-08c0eb320147,2.0
2025-11-17,4b384afd-da15-11ee-ae7a-08c0eb320147,2.0
2025-11-03,4b523ebc-9ddc-11ef-8861-08c0eb32014b,5.0
2025-11-10,4b523ebc-9ddc-11ef-8861-08c0eb32014b,5.0
2025-11-17,4b523ebc-9ddc-11ef-8861-08c0eb32014b,8.0
2025-11-03,4b6146e7-9d80-11ee-8861-08c0eb32014b,0.0
2025-11-10,4b6146e7-9d80-11ee-8861-08c0eb32014b,0.0
2025-11-17,4b6146e7-9d80-11ee-8861-08c0eb32014b,0.0
2025-11-03,4b7bf15c-7d5d-11ee-b973-08c0eb32008b,1.0
2025-11-10,4b7bf15c-7d5d-11ee-b973-08c0eb32008b,3.0
2025-11-17,4b7bf15c-7d5d-11ee-b973-08c0eb32008b,3.0
2025-11-03,4b894baf-eaa8-11ee-b973-08c0eb32008b,2.0
2025-11-10,4b894baf-eaa8-11ee-b973-08c0eb32008b,2.0
2025-11-17,4b894baf-eaa8-11ee-b973-08c0eb32008b,1.0
2025-11-03,4b958bcb-bc7b-11ef-a97a-be3af2b6059f,1.0
2025-11-10,4b958bcb-bc7b-11ef-a97a-be3af2b6059f,0.0
2025-11-17,4b958bcb-bc7b-11ef-a97a-be3af2b6059f,0.0
2025-11-03,4bab55b4-f310-11ee-ae7a-08c0eb320147,7.0
2025-11-10,4bab55b4-f310-11ee-ae7a-08c0eb320147,1.0
2025-11-17,4bab55b4-f310-11ee-ae7a-08c0eb320147,1.0
2025-11-03,4bad9e8c-a951-11ea-9e08-0050560306e1,2.0
2025-11-10,4bad9e8c-a951-11ea-9e08-0050560306e1,2.0
2025-11-17,4bad9e8c-a951-11ea-9e08-0050560306e1,0.0
2025-11-03,4bd0b227-50d4-11ef-b10b-08c0eb31fffb,0.0
2025-11-10,4bd0b227-50d4-11ef-b10b-08c0eb31fffb,0.0
2025-11-17,4bd0b227-50d4-11ef-b10b-08c0eb31fffb,0.0
2025-11-03,4bd7ea90-4edc-11eb-85a3-1c34dae33151,0.0
2025-11-10,4bd7ea90-4edc-11eb-85a3-1c34dae33151,3.0
2025-11-17,4bd7ea90-4edc-11eb-85a3-1c34dae33151,0.0
2025-11-03,4c049298-4095-11ed-b106-08c0eb31fffb,3.0
2025-11-10,4c049298-4095-11ed-b106-08c0eb31fffb,3.0
2025-11-17,4c049298-4095-11ed-b106-08c0eb31fffb,2.0
2025-11-03,4c227e20-5454-11ec-85ad-1c34dae33151,2.0
2025-11-10,4c227e20-5454-11ec-85ad-1c34dae33151,9.0
2025-11-17,4c227e20-5454-11ec-85ad-1c34dae33151,1.0
2025-11-03,4c23ad52-fdb9-11ef-a5c9-7cc255b74513,0.0
2025-11-10,4c23ad52-fdb9-11ef-a5c9-7cc255b74513,2.0
2025-11-17,4c23ad52-fdb9-11ef-a5c9-7cc255b74513,0.0
2025-11-03,4c244420-d7bc-11ed-b970-08c0eb32008b,2.0
2025-11-10,4c244420-d7bc-11ed-b970-08c0eb32008b,2.0
2025-11-17,4c244420-d7bc-11ed-b970-08c0eb32008b,3.0
2025-11-03,4c51f70b-42d8-11ec-a0ee-ec0d9a21b021,0.0
2025-11-10,4c51f70b-42d8-11ec-a0ee-ec0d9a21b021,2.0
2025-11-17,4c51f70b-42d8-11ec-a0ee-ec0d9a21b021,3.0
2025-11-03,4c53a9cc-299c-11ef-b10b-08c0eb31fffb,3.0
2025-11-10,4c53a9cc-299c-11ef-b10b-08c0eb31fffb,2.0
2025-11-17,4c53a9cc-299c-11ef-b10b-08c0eb31fffb,5.0
2024-03-04,4c5db80c-3fe0-11ed-885a-08c0eb32014b,0.0
2024-03-11,4c5db80c-3fe0-11ed-885a-08c0eb32014b,4.0
2024-03-18,4c5db80c-3fe0-11ed-885a-08c0eb32014b,3.0
2024-03-25,4c5db80c-3fe0-11ed-885a-08c0eb32014b,2.0
2024-04-01,4c5db80c-3fe0-11ed-885a-08c0eb32014b,0.0
2024-04-08,4c5db80c-3fe0-11ed-885a-08c0eb32014b,3.0
2024-04-15,4c5db80c-3fe0-11ed-885a-08c0eb32014b,4.0
2024-04-22,4c5db80c-3fe0-11ed-885a-08c0eb32014b,1.0
2024-04-29,4c5db80c-3fe0-11ed-885a-08c0eb32014b,0.0
2024-05-06,4c5db80c-3fe0-11ed-885a-08c0eb32014b,0.0
2024-05-13,4c5db80c-3fe0-11ed-885a-08c0eb32014b,0.0
2024-05-20,4c5db80c-3fe0-11ed-885a-08c0eb32014b,0.0
2024-05-27,4c5db80c-3fe0-11ed-885a-08c0eb32014b,2.0
2024-06-03,4c5db80c-3fe0-11ed-885a-08c0eb32014b,1.0
2024-06-10,4c5db80c-3fe0-11ed-885a-08c0eb32014b,5.0
2024-06-17,4c5db80c-3fe0-11ed-885a-08c0eb32014b,3.0
2024-06-24,4c5db80c-3fe0-11ed-885a-08c0eb32014b,2.0
2024-07-01,4c5db80c-3fe0-11ed-885a-08c0eb32014b,0.0
2024-07-08,4c5db80c-3fe0-11ed-885a-08c0eb32014b,4.0
2024-07-15,4c5db80c-3fe0-11ed-885a-08c0eb32014b,2.0
2024-07-22,4c5db80c-3fe0-11ed-885a-08c0eb32014b,0.0
2024-07-29,4c5db80c-3fe0-11ed-885a-08c0eb32014b,1.0
2024-08-05,4c5db80c-3fe0-11ed-885a-08c0eb32014b,2.0
2024-08-12,4c5db80c-3fe0-11ed-885a-08c0eb32014b,2.0
2024-08-19,4c5db80c-3fe0-11ed-885a-08c0eb32014b,0.0
2024-08-26,4c5db80c-3fe0-11ed-885a-08c0eb32014b,3.0
2024-09-02,4c5db80c-3fe0-11ed-885a-08c0eb32014b,0.0
2024-09-09,4c5db80c-3fe0-11ed-885a-08c0eb32014b,0.0
2024-09-16,4c5db80c-3fe0-11ed-885a-08c0eb32014b,2.0
2024-09-23,4c5db80c-3fe0-11ed-885a-08c0eb32014b,1.0
2024-09-30,4c5db80c-3fe0-11ed-885a-08c0eb32014b,0.0
2024-10-07,4c5db80c-3fe0-11ed-885a-08c0eb32014b,0.0
2024-10-14,4c5db80c-3fe0-11ed-885a-08c0eb32014b,2.0
2024-10-21,4c5db80c-3fe0-11ed-885a-08c0eb32014b,0.0
2024-10-28,4c5db80c-3fe0-11ed-885a-08c0eb32014b,0.0
2024-11-04,4c5db80c-3fe0-11ed-885a-08c0eb32014b,0.0
2024-11-11,4c5db80c-3fe0-11ed-885a-08c0eb32014b,3.0
2024-11-18,4c5db80c-3fe0-11ed-885a-08c0eb32014b,2.0
2024-11-25,4c5db80c-3fe0-11ed-885a-08c0eb32014b,0.0
2024-12-02,4c5db80c-3fe0-11ed-885a-08c0eb32014b,4.0
2024-12-09,4c5db80c-3fe0-11ed-885a-08c0eb32014b,3.0
2024-12-16,4c5db80c-3fe0-11ed-885a-08c0eb32014b,2.0
2024-12-23,4c5db80c-3fe0-11ed-885a-08c0eb32014b,3.0
2024-12-30,4c5db80c-3fe0-11ed-885a-08c0eb32014b,7.0
2025-01-06,4c5db80c-3fe0-11ed-885a-08c0eb32014b,5.0
2025-01-13,4c5db80c-3fe0-11ed-885a-08c0eb32014b,5.0
2025-01-20,4c5db80c-3fe0-11ed-885a-08c0eb32014b,0.0
2025-01-27,4c5db80c-3fe0-11ed-885a-08c0eb32014b,3.0
2025-02-03,4c5db80c-3fe0-11ed-885a-08c0eb32014b,0.0
2025-02-10,4c5db80c-3fe0-11ed-885a-08c0eb32014b,4.0
2025-02-17,4c5db80c-3fe0-11ed-885a-08c0eb32014b,8.0
2025-02-24,4c5db80c-3fe0-11ed-885a-08c0eb32014b,10.0
2025-03-03,4c5db80c-3fe0-11ed-885a-08c0eb32014b,3.0
2025-03-10,4c5db80c-3fe0-11ed-885a-08c0eb32014b,3.0
2025-03-17,4c5db80c-3fe0-11ed-885a-08c0eb32014b,0.0
2025-03-24,4c5db80c-3fe0-11ed-885a-08c0eb32014b,0.0
2025-03-31,4c5db80c-3fe0-11ed-885a-08c0eb32014b,4.0
2025-04-07,4c5db80c-3fe0-11ed-885a-08c0eb32014b,2.0
2025-04-14,4c5db80c-3fe0-11ed-885a-08c0eb32014b,0.0
2025-04-21,4c5db80c-3fe0-11ed-885a-08c0eb32014b,0.0
2025-04-28,4c5db80c-3fe0-11ed-885a-08c0eb32014b,2.0
2025-05-05,4c5db80c-3fe0-11ed-885a-08c0eb32014b,2.0
2025-05-12,4c5db80c-3fe0-11ed-885a-08c0eb32014b,0.0
2025-05-19,4c5db80c-3fe0-11ed-885a-08c0eb32014b,1.0
2025-05-26,4c5db80c-3fe0-11ed-885a-08c0eb32014b,2.0
2025-06-02,4c5db80c-3fe0-11ed-885a-08c0eb32014b,4.0
2025-06-09,4c5db80c-3fe0-11ed-885a-08c0eb32014b,3.0
2025-06-16,4c5db80c-3fe0-11ed-885a-08c0eb32014b,2.0
2025-06-23,4c5db80c-3fe0-11ed-885a-08c0eb32014b,1.0
2025-06-30,4c5db80c-3fe0-11ed-885a-08c0eb32014b,2.0
2025-07-07,4c5db80c-3fe0-11ed-885a-08c0eb32014b,1.0
2025-07-14,4c5db80c-3fe0-11ed-885a-08c0eb32014b,0.0
2025-07-21,4c5db80c-3fe0-11ed-885a-08c0eb32014b,2.0
2025-07-28,4c5db80c-3fe0-11ed-885a-08c0eb32014b,1.0
2025-08-04,4c5db80c-3fe0-11ed-885a-08c0eb32014b,1.0
2025-08-11,4c5db80c-3fe0-11ed-885a-08c0eb32014b,1.0
2025-08-18,4c5db80c-3fe0-11ed-885a-08c0eb32014b,0.0
2025-08-25,4c5db80c-3fe0-11ed-885a-08c0eb32014b,0.0
2025-09-01,4c5db80c-3fe0-11ed-885a-08c0eb32014b,0.0
2025-09-08,4c5db80c-3fe0-11ed-885a-08c0eb32014b,0.0
2025-09-15,4c5db80c-3fe0-11ed-885a-08c0eb32014b,0.0
2025-09-22,4c5db80c-3fe0-11ed-885a-08c0eb32014b,0.0
2025-09-29,4c5db80c-3fe0-11ed-885a-08c0eb32014b,0.0
2025-10-06,4c5db80c-3fe0-11ed-885a-08c0eb32014b,0.0
2025-10-13,4c5db80c-3fe0-11ed-885a-08c0eb32014b,0.0
2025-10-20,4c5db80c-3fe0-11ed-885a-08c0eb32014b,0.0
2025-10-27,4c5db80c-3fe0-11ed-885a-08c0eb32014b,0.0
2025-11-03,4ca29605-9e78-11ee-8861-08c0eb32014b,1.0
2025-11-10,4ca29605-9e78-11ee-8861-08c0eb32014b,2.0
2025-11-17,4ca29605-9e78-11ee-8861-08c0eb32014b,2.0
2025-11-03,4cb0e67f-1a9d-11ea-a231-0050560306e1,3.0
2025-11-10,4cb0e67f-1a9d-11ea-a231-0050560306e1,4.0
2025-11-17,4cb0e67f-1a9d-11ea-a231-0050560306e1,4.0
2025-11-03,4cba3098-3cf7-11ee-b10a-08c0eb31fffb,1.0
2025-11-10,4cba3098-3cf7-11ee-b10a-08c0eb31fffb,6.0
2025-11-17,4cba3098-3cf7-11ee-b10a-08c0eb31fffb,5.0
2025-11-03,4cc56210-75e7-11ea-95b9-0050560306e1,1.0
2025-11-10,4cc56210-75e7-11ea-95b9-0050560306e1,0.0
2025-11-17,4cc56210-75e7-11ea-95b9-0050560306e1,4.0
2025-11-03,4cc5ad8f-9058-11ef-b973-08c0eb32008b,0.0
2025-11-10,4cc5ad8f-9058-11ef-b973-08c0eb32008b,2.0
2025-11-17,4cc5ad8f-9058-11ef-b973-08c0eb32008b,0.0
2025-11-03,4ccf4fd7-7d3f-11ee-ae7a-08c0eb320147,0.0
2025-11-10,4ccf4fd7-7d3f-11ee-ae7a-08c0eb320147,1.0
2025-11-17,4ccf4fd7-7d3f-11ee-ae7a-08c0eb320147,3.0
2025-11-03,4d01e5ea-7d4f-11ee-ae7a-08c0eb320147,0.0
2025-11-10,4d01e5ea-7d4f-11ee-ae7a-08c0eb320147,0.0
2025-11-17,4d01e5ea-7d4f-11ee-ae7a-08c0eb320147,0.0
2025-11-03,4d364397-0b16-11ef-b10b-08c0eb31fffb,5.0
2025-11-10,4d364397-0b16-11ef-b10b-08c0eb31fffb,4.0
2025-11-17,4d364397-0b16-11ef-b10b-08c0eb31fffb,0.0
2025-11-03,4d3dbe5d-ee47-11ec-ae71-08c0eb320147,4.0
2025-11-10,4d3dbe5d-ee47-11ec-ae71-08c0eb320147,6.0
2025-11-17,4d3dbe5d-ee47-11ec-ae71-08c0eb320147,9.0
2025-11-03,4d9532ca-250e-11ec-a0ee-ec0d9a21b021,1.0
2025-11-10,4d9532ca-250e-11ec-a0ee-ec0d9a21b021,5.0
2025-11-17,4d9532ca-250e-11ec-a0ee-ec0d9a21b021,2.0
2025-11-03,4dcdb11b-135e-11ef-ae7a-08c0eb320147,0.0
2025-11-10,4dcdb11b-135e-11ef-ae7a-08c0eb320147,2.0
2025-11-17,4dcdb11b-135e-11ef-ae7a-08c0eb320147,0.0
2025-11-03,4dde0700-a0bf-11ee-b10b-08c0eb31fffb,1.0
2025-11-10,4dde0700-a0bf-11ee-b10b-08c0eb31fffb,4.0
2025-11-17,4dde0700-a0bf-11ee-b10b-08c0eb31fffb,2.0
2025-11-03,4de45e88-8454-11ee-ae7a-08c0eb320147,1.0
2025-11-10,4de45e88-8454-11ee-ae7a-08c0eb320147,5.0
2025-11-17,4de45e88-8454-11ee-ae7a-08c0eb320147,3.0
2025-11-03,4e2e9c10-acbe-11ef-b973-08c0eb32008b,2.0
2025-11-10,4e2e9c10-acbe-11ef-b973-08c0eb32008b,1.0
2025-11-17,4e2e9c10-acbe-11ef-b973-08c0eb32008b,1.0
2025-11-03,4e364bbf-49c3-11ea-8a1c-0050560306e1,3.0
2025-11-10,4e364bbf-49c3-11ea-8a1c-0050560306e1,3.0
2025-11-17,4e364bbf-49c3-11ea-8a1c-0050560306e1,4.0
2024-07-22,4e3ffefb-2957-11ef-b10b-08c0eb31fffb,5.0
2024-07-29,4e3ffefb-2957-11ef-b10b-08c0eb31fffb,0.0
2024-08-05,4e3ffefb-2957-11ef-b10b-08c0eb31fffb,0.0
2024-08-12,4e3ffefb-2957-11ef-b10b-08c0eb31fffb,1.0
2024-08-19,4e3ffefb-2957-11ef-b10b-08c0eb31fffb,0.0
2024-08-26,4e3ffefb-2957-11ef-b10b-08c0eb31fffb,5.0
2024-09-02,4e3ffefb-2957-11ef-b10b-08c0eb31fffb,2.0
2024-09-09,4e3ffefb-2957-11ef-b10b-08c0eb31fffb,0.0
2024-09-16,4e3ffefb-2957-11ef-b10b-08c0eb31fffb,1.0
2024-09-23,4e3ffefb-2957-11ef-b10b-08c0eb31fffb,0.0
2024-09-30,4e3ffefb-2957-11ef-b10b-08c0eb31fffb,0.0
2024-10-07,4e3ffefb-2957-11ef-b10b-08c0eb31fffb,0.0
2024-10-14,4e3ffefb-2957-11ef-b10b-08c0eb31fffb,0.0
2024-10-21,4e3ffefb-2957-11ef-b10b-08c0eb31fffb,0.0
2024-10-28,4e3ffefb-2957-11ef-b10b-08c0eb31fffb,0.0
2024-11-04,4e3ffefb-2957-11ef-b10b-08c0eb31fffb,1.0
2024-11-11,4e3ffefb-2957-11ef-b10b-08c0eb31fffb,4.0
2024-11-18,4e3ffefb-2957-11ef-b10b-08c0eb31fffb,3.0
2024-11-25,4e3ffefb-2957-11ef-b10b-08c0eb31fffb,0.0
2024-12-02,4e3ffefb-2957-11ef-b10b-08c0eb31fffb,3.0
2024-12-09,4e3ffefb-2957-11ef-b10b-08c0eb31fffb,1.0
2024-12-16,4e3ffefb-2957-11ef-b10b-08c0eb31fffb,2.0
2024-12-23,4e3ffefb-2957-11ef-b10b-08c0eb31fffb,0.0
2024-12-30,4e3ffefb-2957-11ef-b10b-08c0eb31fffb,3.0
2025-01-06,4e3ffefb-2957-11ef-b10b-08c0eb31fffb,4.0
2025-01-13,4e3ffefb-2957-11ef-b10b-08c0eb31fffb,0.0
2025-01-20,4e3ffefb-2957-11ef-b10b-08c0eb31fffb,2.0
2025-01-27,4e3ffefb-2957-11ef-b10b-08c0eb31fffb,1.0
2025-02-03,4e3ffefb-2957-11ef-b10b-08c0eb31fffb,0.0
2025-02-10,4e3ffefb-2957-11ef-b10b-08c0eb31fffb,0.0
2025-02-17,4e3ffefb-2957-11ef-b10b-08c0eb31fffb,0.0
2025-02-24,4e3ffefb-2957-11ef-b10b-08c0eb31fffb,0.0
2025-03-03,4e3ffefb-2957-11ef-b10b-08c0eb31fffb,0.0
2025-03-10,4e3ffefb-2957-11ef-b10b-08c0eb31fffb,2.0
2025-03-17,4e3ffefb-2957-11ef-b10b-08c0eb31fffb,0.0
2025-03-24,4e3ffefb-2957-11ef-b10b-08c0eb31fffb,0.0
2025-03-31,4e3ffefb-2957-11ef-b10b-08c0eb31fffb,0.0
2025-04-07,4e3ffefb-2957-11ef-b10b-08c0eb31fffb,0.0
2025-04-14,4e3ffefb-2957-11ef-b10b-08c0eb31fffb,0.0
2025-04-21,4e3ffefb-2957-11ef-b10b-08c0eb31fffb,0.0
2025-04-28,4e3ffefb-2957-11ef-b10b-08c0eb31fffb,0.0
2025-05-05,4e3ffefb-2957-11ef-b10b-08c0eb31fffb,1.0
2025-05-12,4e3ffefb-2957-11ef-b10b-08c0eb31fffb,0.0
2025-05-19,4e3ffefb-2957-11ef-b10b-08c0eb31fffb,0.0
2025-05-26,4e3ffefb-2957-11ef-b10b-08c0eb31fffb,0.0
2025-06-02,4e3ffefb-2957-11ef-b10b-08c0eb31fffb,0.0
2025-06-09,4e3ffefb-2957-11ef-b10b-08c0eb31fffb,0.0
2025-06-16,4e3ffefb-2957-11ef-b10b-08c0eb31fffb,0.0
2025-06-23,4e3ffefb-2957-11ef-b10b-08c0eb31fffb,3.0
2025-06-30,4e3ffefb-2957-11ef-b10b-08c0eb31fffb,2.0
2025-07-07,4e3ffefb-2957-11ef-b10b-08c0eb31fffb,0.0
2025-07-14,4e3ffefb-2957-11ef-b10b-08c0eb31fffb,0.0
2025-07-21,4e3ffefb-2957-11ef-b10b-08c0eb31fffb,0.0
2025-07-28,4e3ffefb-2957-11ef-b10b-08c0eb31fffb,0.0
2025-08-04,4e3ffefb-2957-11ef-b10b-08c0eb31fffb,0.0
2025-08-11,4e3ffefb-2957-11ef-b10b-08c0eb31fffb,0.0
2025-08-18,4e3ffefb-2957-11ef-b10b-08c0eb31fffb,3.0
2025-08-25,4e3ffefb-2957-11ef-b10b-08c0eb31fffb,1.0
2025-09-01,4e3ffefb-2957-11ef-b10b-08c0eb31fffb,2.0
2025-09-08,4e3ffefb-2957-11ef-b10b-08c0eb31fffb,5.0
2025-09-15,4e3ffefb-2957-11ef-b10b-08c0eb31fffb,4.0
2025-09-22,4e3ffefb-2957-11ef-b10b-08c0eb31fffb,1.0
2025-09-29,4e3ffefb-2957-11ef-b10b-08c0eb31fffb,2.0
2025-10-06,4e3ffefb-2957-11ef-b10b-08c0eb31fffb,2.0
2025-10-13,4e3ffefb-2957-11ef-b10b-08c0eb31fffb,4.0
2025-10-20,4e3ffefb-2957-11ef-b10b-08c0eb31fffb,2.0
2025-10-27,4e3ffefb-2957-11ef-b10b-08c0eb31fffb,2.0
2025-11-03,4e521043-9602-11eb-85a9-1c34dae33151,1.0
2025-11-10,4e521043-9602-11eb-85a9-1c34dae33151,2.0
2025-11-17,4e521043-9602-11eb-85a9-1c34dae33151,2.0
2025-11-03,4e64bd9b-58f5-11ed-885b-08c0eb32014b,1.0
2025-11-10,4e64bd9b-58f5-11ed-885b-08c0eb32014b,2.0
2025-11-17,4e64bd9b-58f5-11ed-885b-08c0eb32014b,1.0
2025-11-03,4e6c33f7-363e-11ec-85ad-1c34dae33151,2.0
2025-11-10,4e6c33f7-363e-11ec-85ad-1c34dae33151,0.0
2025-11-17,4e6c33f7-363e-11ec-85ad-1c34dae33151,2.0
2025-11-03,4e8048ee-ac5f-11ed-b970-08c0eb32008b,3.0
2025-11-10,4e8048ee-ac5f-11ed-b970-08c0eb32008b,3.0
2025-11-17,4e8048ee-ac5f-11ed-b970-08c0eb32008b,3.0
2025-11-03,4ec4952c-e99d-11ed-b971-08c0eb32008b,0.0
2025-11-10,4ec4952c-e99d-11ed-b971-08c0eb32008b,0.0
2025-11-17,4ec4952c-e99d-11ed-b971-08c0eb32008b,1.0
2025-11-03,4ec8e640-cf36-11ee-8861-08c0eb32014b,4.0
2025-11-10,4ec8e640-cf36-11ee-8861-08c0eb32014b,2.0
2025-11-17,4ec8e640-cf36-11ee-8861-08c0eb32014b,0.0
2025-11-03,4efccddf-9128-11eb-85a8-1c34dae33151,2.0
2025-11-10,4efccddf-9128-11eb-85a8-1c34dae33151,1.0
2025-11-17,4efccddf-9128-11eb-85a8-1c34dae33151,0.0
2025-11-03,4f0eb9f7-f816-11ef-aa23-be3af2b6059f,8.0
2025-11-10,4f0eb9f7-f816-11ef-aa23-be3af2b6059f,9.0
2025-11-17,4f0eb9f7-f816-11ef-aa23-be3af2b6059f,8.0
2025-11-03,4f30084e-114b-11ef-ae7a-08c0eb320147,0.0
2025-11-10,4f30084e-114b-11ef-ae7a-08c0eb320147,0.0
2025-11-17,4f30084e-114b-11ef-ae7a-08c0eb320147,0.0
2025-11-03,4f4d2f49-7d19-11ed-b970-08c0eb32008b,2.0
2025-11-10,4f4d2f49-7d19-11ed-b970-08c0eb32008b,2.0
2025-11-17,4f4d2f49-7d19-11ed-b970-08c0eb32008b,4.0
2025-11-03,4f7f65b9-f359-11ee-b973-08c0eb32008b,3.0
2025-11-10,4f7f65b9-f359-11ee-b973-08c0eb32008b,5.0
2025-11-17,4f7f65b9-f359-11ee-b973-08c0eb32008b,4.0
2025-11-03,4fa53f54-eb4c-11ed-b971-08c0eb32008b,1.0
2025-11-10,4fa53f54-eb4c-11ed-b971-08c0eb32008b,2.0
2025-11-17,4fa53f54-eb4c-11ed-b971-08c0eb32008b,0.0
2025-11-03,4fa8d3c4-2f8b-11ee-885f-08c0eb32014b,3.0
2025-11-10,4fa8d3c4-2f8b-11ee-885f-08c0eb32014b,6.0
2025-11-17,4fa8d3c4-2f8b-11ee-885f-08c0eb32014b,1.0
2025-11-03,4fdeeca7-1384-11eb-8599-1c34dae33151,0.0
2025-11-10,4fdeeca7-1384-11eb-8599-1c34dae33151,3.0
2025-11-17,4fdeeca7-1384-11eb-8599-1c34dae33151,1.0
2025-11-03,4fe5eca9-7540-11ed-ae75-08c0eb320147,0.0
2025-11-10,4fe5eca9-7540-11ed-ae75-08c0eb320147,0.0
2025-11-17,4fe5eca9-7540-11ed-ae75-08c0eb320147,0.0
2025-11-03,4fe5f41b-ec4d-11ee-b973-08c0eb32008b,0.0
2025-11-10,4fe5f41b-ec4d-11ee-b973-08c0eb32008b,3.0
2025-11-17,4fe5f41b-ec4d-11ee-b973-08c0eb32008b,9.0
2025-11-03,4ffe3b30-8508-11eb-85a3-1c34dae33151,7.0
2025-11-10,4ffe3b30-8508-11eb-85a3-1c34dae33151,6.0
2025-11-17,4ffe3b30-8508-11eb-85a3-1c34dae33151,2.0
2025-11-03,5007e0fe-e5e2-11ea-8599-1c34dae33151,0.0
2025-11-10,5007e0fe-e5e2-11ea-8599-1c34dae33151,0.0
2025-11-17,5007e0fe-e5e2-11ea-8599-1c34dae33151,1.0
2025-11-03,508a4027-49bc-11ea-8a1c-0050560306e1,4.0
2025-11-10,508a4027-49bc-11ea-8a1c-0050560306e1,2.0
2025-11-17,508a4027-49bc-11ea-8a1c-0050560306e1,2.0
2025-11-03,50b00491-4ec7-11ed-885a-08c0eb32014b,0.0
2025-11-10,50b00491-4ec7-11ed-885a-08c0eb32014b,0.0
2025-11-17,50b00491-4ec7-11ed-885a-08c0eb32014b,0.0
2025-11-03,50e52f79-ac5d-11ed-885d-08c0eb32014b,0.0
2025-11-10,50e52f79-ac5d-11ed-885d-08c0eb32014b,0.0
2025-11-17,50e52f79-ac5d-11ed-885d-08c0eb32014b,0.0
2025-11-03,512a9602-0a20-11eb-8599-1c34dae33151,3.0
2025-11-10,512a9602-0a20-11eb-8599-1c34dae33151,4.0
2025-11-17,512a9602-0a20-11eb-8599-1c34dae33151,4.0
2025-11-03,513bef0e-f4c1-11ed-885e-08c0eb32014b,2.0
2025-11-10,513bef0e-f4c1-11ed-885e-08c0eb32014b,4.0
2025-11-17,513bef0e-f4c1-11ed-885e-08c0eb32014b,2.0
2025-11-03,514e5d1c-611c-11ee-885f-08c0eb32014b,0.0
2025-11-10,514e5d1c-611c-11ee-885f-08c0eb32014b,2.0
2025-11-17,514e5d1c-611c-11ee-885f-08c0eb32014b,1.0
2025-11-03,516d674c-95b8-11ee-b973-08c0eb32008b,0.0
2025-11-10,516d674c-95b8-11ee-b973-08c0eb32008b,1.0
2025-11-17,516d674c-95b8-11ee-b973-08c0eb32008b,5.0
2025-11-03,517134cf-aeef-11ee-8861-08c0eb32014b,0.0
2025-11-10,517134cf-aeef-11ee-8861-08c0eb32014b,0.0
2025-11-17,517134cf-aeef-11ee-8861-08c0eb32014b,0.0
2025-11-03,51895630-e134-11ee-b10b-08c0eb31fffb,2.0
2025-11-10,51895630-e134-11ee-b10b-08c0eb31fffb,3.0
2025-11-17,51895630-e134-11ee-b10b-08c0eb31fffb,2.0
2025-11-03,51da1eb9-449a-11ed-b96c-08c0eb32008b,0.0
2025-11-10,51da1eb9-449a-11ed-b96c-08c0eb32008b,0.0
2025-11-17,51da1eb9-449a-11ed-b96c-08c0eb32008b,0.0
2025-11-03,51da2dbb-de43-11ea-8599-1c34dae33151,0.0
2025-11-10,51da2dbb-de43-11ea-8599-1c34dae33151,0.0
2025-11-17,51da2dbb-de43-11ea-8599-1c34dae33151,0.0
2025-11-03,5220b612-e3bb-11eb-a0ee-ec0d9a21b021,0.0
2025-11-10,5220b612-e3bb-11eb-a0ee-ec0d9a21b021,3.0
2025-11-17,5220b612-e3bb-11eb-a0ee-ec0d9a21b021,3.0
2025-11-03,522ec083-7107-11eb-85a3-1c34dae33151,2.0
2025-11-10,522ec083-7107-11eb-85a3-1c34dae33151,3.0
2025-11-17,522ec083-7107-11eb-85a3-1c34dae33151,1.0
2025-11-03,528be934-190c-11eb-8599-1c34dae33151,1.0
2025-11-10,528be934-190c-11eb-8599-1c34dae33151,2.0
2025-11-17,528be934-190c-11eb-8599-1c34dae33151,2.0
2025-11-03,52b6369b-63a3-11ef-b10b-08c0eb31fffb,3.0
2025-11-10,52b6369b-63a3-11ef-b10b-08c0eb31fffb,6.0
2025-11-17,52b6369b-63a3-11ef-b10b-08c0eb31fffb,4.0
2025-11-03,52c143e9-8ca0-11eb-85a8-1c34dae33151,4.0
2025-11-10,52c143e9-8ca0-11eb-85a8-1c34dae33151,5.0
2025-11-17,52c143e9-8ca0-11eb-85a8-1c34dae33151,8.0
2025-11-03,52d590a2-f5dc-11ef-aa23-be3af2b6059f,3.0
2025-11-10,52d590a2-f5dc-11ef-aa23-be3af2b6059f,6.0
2025-11-17,52d590a2-f5dc-11ef-aa23-be3af2b6059f,1.0
2025-11-03,532747ec-46ab-11f0-a97c-be3af2b6059f,0.0
2025-11-10,532747ec-46ab-11f0-a97c-be3af2b6059f,0.0
2025-11-17,532747ec-46ab-11f0-a97c-be3af2b6059f,0.0
2025-11-03,533c04e2-9b9c-11ec-b0fc-08c0eb31fffb,4.0
2025-11-10,533c04e2-9b9c-11ec-b0fc-08c0eb31fffb,3.0
2025-11-17,533c04e2-9b9c-11ec-b0fc-08c0eb31fffb,3.0
2025-11-03,5341887e-25b8-11eb-8599-1c34dae33151,2.0
2025-11-10,5341887e-25b8-11eb-8599-1c34dae33151,5.0
2025-11-17,5341887e-25b8-11eb-8599-1c34dae33151,2.0
2025-11-03,5353d994-364d-11ec-85ad-1c34dae33151,0.0
2025-11-10,5353d994-364d-11ec-85ad-1c34dae33151,2.0
2025-11-17,5353d994-364d-11ec-85ad-1c34dae33151,3.0
2025-11-03,536a801b-6cf1-11ee-b10a-08c0eb31fffb,3.0
2025-11-10,536a801b-6cf1-11ee-b10a-08c0eb31fffb,3.0
2025-11-17,536a801b-6cf1-11ee-b10a-08c0eb31fffb,5.0
2025-11-03,537b257c-eb8e-11ea-8599-1c34dae33151,3.0
2025-11-10,537b257c-eb8e-11ea-8599-1c34dae33151,13.0
2025-11-17,537b257c-eb8e-11ea-8599-1c34dae33151,3.0
2025-11-03,538a04c2-8a98-11ec-b967-08c0eb32008b,0.0
2025-11-10,538a04c2-8a98-11ec-b967-08c0eb32008b,0.0
2025-11-17,538a04c2-8a98-11ec-b967-08c0eb32008b,0.0
2025-11-03,538ae54f-3b1a-11ec-85ad-1c34dae33151,3.0
2025-11-10,538ae54f-3b1a-11ec-85ad-1c34dae33151,5.0
2025-11-17,538ae54f-3b1a-11ec-85ad-1c34dae33151,6.0
2025-11-03,53ca7301-763d-11ed-b107-08c0eb31fffb,1.0
2025-11-10,53ca7301-763d-11ed-b107-08c0eb31fffb,0.0
2025-11-17,53ca7301-763d-11ed-b107-08c0eb31fffb,0.0
2025-11-03,53d920e7-77b7-11ec-ae6d-08c0eb320147,2.0
2025-11-10,53d920e7-77b7-11ec-ae6d-08c0eb320147,3.0
2025-11-17,53d920e7-77b7-11ec-ae6d-08c0eb320147,5.0
2025-11-03,53d9e9c4-1fef-11ea-85cc-0050560306e1,0.0
2025-11-10,53d9e9c4-1fef-11ea-85cc-0050560306e1,0.0
2025-11-17,53d9e9c4-1fef-11ea-85cc-0050560306e1,2.0
2025-11-03,53e78f69-927e-11ee-ae7a-08c0eb320147,1.0
2025-11-10,53e78f69-927e-11ee-ae7a-08c0eb320147,0.0
2025-11-17,53e78f69-927e-11ee-ae7a-08c0eb320147,0.0
2025-11-03,53f85fb7-d56a-11ee-b973-08c0eb32008b,1.0
2025-11-10,53f85fb7-d56a-11ee-b973-08c0eb32008b,3.0
2025-11-17,53f85fb7-d56a-11ee-b973-08c0eb32008b,3.0
2025-11-03,54005539-dac1-11ee-ae7a-08c0eb320147,1.0
2025-11-10,54005539-dac1-11ee-ae7a-08c0eb320147,2.0
2025-11-17,54005539-dac1-11ee-ae7a-08c0eb320147,0.0
2025-11-03,54179d61-5f5b-11ed-ae75-08c0eb320147,3.0
2025-11-10,54179d61-5f5b-11ed-ae75-08c0eb320147,4.0
2025-11-17,54179d61-5f5b-11ed-ae75-08c0eb320147,1.0
2025-11-03,5431b5cb-97fa-11ee-b973-08c0eb32008b,0.0
2025-11-10,5431b5cb-97fa-11ee-b973-08c0eb32008b,0.0
2025-11-17,5431b5cb-97fa-11ee-b973-08c0eb32008b,0.0
2025-11-03,5478d1bf-1c14-11ef-8861-08c0eb32014b,2.0
2025-11-10,5478d1bf-1c14-11ef-8861-08c0eb32014b,2.0
2025-11-17,5478d1bf-1c14-11ef-8861-08c0eb32014b,3.0
2025-11-03,54d63643-ae1f-11ef-ae7a-08c0eb320147,0.0
2025-11-10,54d63643-ae1f-11ef-ae7a-08c0eb320147,0.0
2025-11-17,54d63643-ae1f-11ef-ae7a-08c0eb320147,1.0
2025-11-03,54d89415-4d42-11ec-a0ee-ec0d9a21b021,0.0
2025-11-10,54d89415-4d42-11ec-a0ee-ec0d9a21b021,0.0
2025-11-17,54d89415-4d42-11ec-a0ee-ec0d9a21b021,0.0
2025-11-03,55215cee-a818-11eb-85a9-1c34dae33151,2.0
2025-11-10,55215cee-a818-11eb-85a9-1c34dae33151,2.0
2025-11-17,55215cee-a818-11eb-85a9-1c34dae33151,3.0
2025-11-03,55333896-a29b-11eb-85a9-1c34dae33151,3.0
2025-11-10,55333896-a29b-11eb-85a9-1c34dae33151,2.0
2025-11-17,55333896-a29b-11eb-85a9-1c34dae33151,0.0
2025-11-03,5537332e-4753-11ee-ae78-08c0eb320147,3.0
2025-11-10,5537332e-4753-11ee-ae78-08c0eb320147,3.0
2025-11-17,5537332e-4753-11ee-ae78-08c0eb320147,4.0
2025-11-03,553b52b6-1974-11ee-ae78-08c0eb320147,3.0
2025-11-10,553b52b6-1974-11ee-ae78-08c0eb320147,3.0
2025-11-17,553b52b6-1974-11ee-ae78-08c0eb320147,3.0
2025-11-03,5542654c-b343-11eb-85ab-1c34dae33151,6.0
2025-11-10,5542654c-b343-11eb-85ab-1c34dae33151,3.0
2025-11-17,5542654c-b343-11eb-85ab-1c34dae33151,5.0
2025-11-03,55585b02-4d9d-11ef-b10b-08c0eb31fffb,0.0
2025-11-10,55585b02-4d9d-11ef-b10b-08c0eb31fffb,1.0
2025-11-17,55585b02-4d9d-11ef-b10b-08c0eb31fffb,0.0
2025-11-03,55843137-8fd9-11ec-ae6d-08c0eb320147,1.0
2025-11-10,55843137-8fd9-11ec-ae6d-08c0eb320147,4.0
2025-11-17,55843137-8fd9-11ec-ae6d-08c0eb320147,2.0
2025-11-03,55859089-5e3e-11ef-8861-08c0eb32014b,7.0
2025-11-10,55859089-5e3e-11ef-8861-08c0eb32014b,5.0
2025-11-17,55859089-5e3e-11ef-8861-08c0eb32014b,4.0
2025-11-03,55909245-7d18-11ed-ae77-08c0eb320147,1.0
2025-11-10,55909245-7d18-11ed-ae77-08c0eb320147,3.0
2025-11-17,55909245-7d18-11ed-ae77-08c0eb320147,3.0
2025-11-03,55a8191f-6760-11ee-b10a-08c0eb31fffb,0.0
2025-11-10,55a8191f-6760-11ee-b10a-08c0eb31fffb,3.0
2025-11-17,55a8191f-6760-11ee-b10a-08c0eb31fffb,3.0
2025-11-03,55aa1893-5b84-11ed-ae75-08c0eb320147,0.0
2025-11-10,55aa1893-5b84-11ed-ae75-08c0eb320147,0.0
2025-11-17,55aa1893-5b84-11ed-ae75-08c0eb320147,1.0
2025-11-03,55af09e5-24b9-11ef-8861-08c0eb32014b,0.0
2025-11-10,55af09e5-24b9-11ef-8861-08c0eb32014b,0.0
2025-11-17,55af09e5-24b9-11ef-8861-08c0eb32014b,0.0
2025-11-03,55c8d0de-30d6-11eb-859a-1c34dae33151,0.0
2025-11-10,55c8d0de-30d6-11eb-859a-1c34dae33151,0.0
2025-11-17,55c8d0de-30d6-11eb-859a-1c34dae33151,0.0
2025-11-03,55e56a40-7d1c-11ed-b970-08c0eb32008b,1.0
2025-11-10,55e56a40-7d1c-11ed-b970-08c0eb32008b,1.0
2025-11-17,55e56a40-7d1c-11ed-b970-08c0eb32008b,2.0
2025-11-03,5602d6f9-50e9-11ef-b10b-08c0eb31fffb,0.0
2025-11-10,5602d6f9-50e9-11ef-b10b-08c0eb31fffb,0.0
2025-11-17,5602d6f9-50e9-11ef-b10b-08c0eb31fffb,0.0
2025-11-03,5606f4d3-82c8-11ec-b0fc-08c0eb31fffb,1.0
2025-11-10,5606f4d3-82c8-11ec-b0fc-08c0eb31fffb,0.0
2025-11-17,5606f4d3-82c8-11ec-b0fc-08c0eb31fffb,0.0
2025-11-03,560c39d5-b6f3-11eb-85ab-1c34dae33151,0.0
2025-11-10,560c39d5-b6f3-11eb-85ab-1c34dae33151,0.0
2025-11-17,560c39d5-b6f3-11eb-85ab-1c34dae33151,0.0
2025-11-03,56210021-ec5e-11ee-b10b-08c0eb31fffb,0.0
2025-11-10,56210021-ec5e-11ee-b10b-08c0eb31fffb,0.0
2025-11-17,56210021-ec5e-11ee-b10b-08c0eb31fffb,0.0
2025-11-03,562c822f-31b0-11ec-a0ee-ec0d9a21b021,1.0
2025-11-10,562c822f-31b0-11ec-a0ee-ec0d9a21b021,3.0
2025-11-17,562c822f-31b0-11ec-a0ee-ec0d9a21b021,2.0
2025-11-03,563c9b88-78cc-11ee-8860-08c0eb32014b,2.0
2025-11-10,563c9b88-78cc-11ee-8860-08c0eb32014b,6.0
2025-11-17,563c9b88-78cc-11ee-8860-08c0eb32014b,4.0
2025-11-03,5668bd0a-5b9e-11ee-b10a-08c0eb31fffb,1.0
2025-11-10,5668bd0a-5b9e-11ee-b10a-08c0eb31fffb,1.0
2025-11-17,5668bd0a-5b9e-11ee-b10a-08c0eb31fffb,0.0
2025-11-03,567f351a-7c0d-11eb-85a3-1c34dae33151,1.0
2025-11-10,567f351a-7c0d-11eb-85a3-1c34dae33151,3.0
2025-11-17,567f351a-7c0d-11eb-85a3-1c34dae33151,3.0
2025-11-03,56b18943-5512-11ed-ae75-08c0eb320147,1.0
2025-11-10,56b18943-5512-11ed-ae75-08c0eb320147,3.0
2025-11-17,56b18943-5512-11ed-ae75-08c0eb320147,2.0
2025-11-03,56c4590d-2ff0-11ec-a0ee-ec0d9a21b021,5.0
2025-11-10,56c4590d-2ff0-11ec-a0ee-ec0d9a21b021,4.0
2025-11-17,56c4590d-2ff0-11ec-a0ee-ec0d9a21b021,2.0
2025-11-03,56d24ff1-c682-11ee-b10b-08c0eb31fffb,4.0
2025-11-10,56d24ff1-c682-11ee-b10b-08c0eb31fffb,2.0
2025-11-17,56d24ff1-c682-11ee-b10b-08c0eb31fffb,0.0
2025-11-03,56de1ba1-bf7a-11ee-b973-08c0eb32008b,0.0
2025-11-10,56de1ba1-bf7a-11ee-b973-08c0eb32008b,2.0
2025-11-17,56de1ba1-bf7a-11ee-b973-08c0eb32008b,0.0
2025-11-03,56e1860f-1761-11ef-b973-08c0eb32008b,5.0
2025-11-10,56e1860f-1761-11ef-b973-08c0eb32008b,6.0
2025-11-17,56e1860f-1761-11ef-b973-08c0eb32008b,4.0
2025-11-17,570cadce-8a43-11f0-a97c-be3af2b6059f,5.0
2025-11-03,5741b56a-661d-11f0-aa25-be3af2b6059f,2.0
2025-11-10,5741b56a-661d-11f0-aa25-be3af2b6059f,3.0
2025-11-17,5741b56a-661d-11f0-aa25-be3af2b6059f,4.0
2025-11-03,574c1bfd-d7b3-11ed-b970-08c0eb32008b,1.0
2025-11-10,574c1bfd-d7b3-11ed-b970-08c0eb32008b,3.0
2025-11-17,574c1bfd-d7b3-11ed-b970-08c0eb32008b,1.0
2025-11-03,5771bb5b-d305-11ea-8598-1c34dae33151,0.0
2025-11-10,5771bb5b-d305-11ea-8598-1c34dae33151,0.0
2025-11-17,5771bb5b-d305-11ea-8598-1c34dae33151,0.0
2025-11-03,5772e552-4611-11f0-aa3c-be3af2b6059f,3.0
2025-11-10,5772e552-4611-11f0-aa3c-be3af2b6059f,2.0
2025-11-17,5772e552-4611-11f0-aa3c-be3af2b6059f,5.0
2025-11-03,5773c32b-7f46-11ec-ae6d-08c0eb320147,1.0
2025-11-10,5773c32b-7f46-11ec-ae6d-08c0eb320147,1.0
2025-11-17,5773c32b-7f46-11ec-ae6d-08c0eb320147,2.0
2025-11-03,578ccf0b-d23c-11ed-885d-08c0eb32014b,0.0
2025-11-10,578ccf0b-d23c-11ed-885d-08c0eb32014b,2.0
2025-11-17,578ccf0b-d23c-11ed-885d-08c0eb32014b,2.0
2025-11-03,5791ede1-3c10-11ee-885f-08c0eb32014b,1.0
2025-11-10,5791ede1-3c10-11ee-885f-08c0eb32014b,4.0
2025-11-17,5791ede1-3c10-11ee-885f-08c0eb32014b,2.0
2025-11-03,57a87c73-822d-11ee-ae7a-08c0eb320147,0.0
2025-11-10,57a87c73-822d-11ee-ae7a-08c0eb320147,0.0
2025-11-17,57a87c73-822d-11ee-ae7a-08c0eb320147,1.0
2025-11-03,57aacc6a-31bf-11ec-a0ee-ec0d9a21b021,2.0
2025-11-10,57aacc6a-31bf-11ec-a0ee-ec0d9a21b021,5.0
2025-11-17,57aacc6a-31bf-11ec-a0ee-ec0d9a21b021,1.0
2025-11-03,57b5af2b-c91c-11eb-85ac-1c34dae33151,4.0
2025-11-10,57b5af2b-c91c-11eb-85ac-1c34dae33151,5.0
2025-11-17,57b5af2b-c91c-11eb-85ac-1c34dae33151,6.0
2025-11-03,57b868bd-d711-11ee-b10b-08c0eb31fffb,0.0
2025-11-10,57b868bd-d711-11ee-b10b-08c0eb31fffb,2.0
2025-11-17,57b868bd-d711-11ee-b10b-08c0eb31fffb,0.0
2025-11-03,57bb5c2d-8d02-11ee-ae7a-08c0eb320147,0.0
2025-11-10,57bb5c2d-8d02-11ee-ae7a-08c0eb320147,0.0
2025-11-17,57bb5c2d-8d02-11ee-ae7a-08c0eb320147,0.0
2025-11-03,57c16fc7-7ce5-11ec-8856-08c0eb32014b,3.0
2025-11-10,57c16fc7-7ce5-11ec-8856-08c0eb32014b,1.0
2025-11-17,57c16fc7-7ce5-11ec-8856-08c0eb32014b,4.0
2025-11-03,57c4006d-8e72-11ec-8856-08c0eb32014b,6.0
2025-11-10,57c4006d-8e72-11ec-8856-08c0eb32014b,5.0
2025-11-17,57c4006d-8e72-11ec-8856-08c0eb32014b,3.0
2025-11-03,57e02777-e21f-11ee-b10b-08c0eb31fffb,5.0
2025-11-10,57e02777-e21f-11ee-b10b-08c0eb31fffb,0.0
2025-11-17,57e02777-e21f-11ee-b10b-08c0eb31fffb,2.0
2025-11-03,583c813e-ac77-11ed-ae77-08c0eb320147,0.0
2025-11-10,583c813e-ac77-11ed-ae77-08c0eb320147,0.0
2025-11-17,583c813e-ac77-11ed-ae77-08c0eb320147,0.0
2025-11-03,5847279a-9070-11ef-8861-08c0eb32014b,0.0
2025-11-10,5847279a-9070-11ef-8861-08c0eb32014b,0.0
2025-11-17,5847279a-9070-11ef-8861-08c0eb32014b,0.0
2025-11-03,587b69e0-6ccc-11ee-8860-08c0eb32014b,4.0
2025-11-10,587b69e0-6ccc-11ee-8860-08c0eb32014b,4.0
2025-11-17,587b69e0-6ccc-11ee-8860-08c0eb32014b,4.0
2025-11-03,588ab320-3339-11ed-b96c-08c0eb32008b,1.0
2025-11-10,588ab320-3339-11ed-b96c-08c0eb32008b,8.0
2025-11-17,588ab320-3339-11ed-b96c-08c0eb32008b,9.0
2025-11-03,58983dc0-91fc-11ef-8861-08c0eb32014b,3.0
2025-11-10,58983dc0-91fc-11ef-8861-08c0eb32014b,3.0
2025-11-17,58983dc0-91fc-11ef-8861-08c0eb32014b,4.0
2025-11-03,589ea3c9-8822-11ec-ae6d-08c0eb320147,0.0
2025-11-10,589ea3c9-8822-11ec-ae6d-08c0eb320147,0.0
2025-11-17,589ea3c9-8822-11ec-ae6d-08c0eb320147,0.0
2025-11-03,58a6ced9-eeeb-11ef-aa23-be3af2b6059f,0.0
2025-11-10,58a6ced9-eeeb-11ef-aa23-be3af2b6059f,4.0
2025-11-17,58a6ced9-eeeb-11ef-aa23-be3af2b6059f,2.0
2025-11-03,58ac157d-6ab3-11ef-b10b-08c0eb31fffb,0.0
2025-11-10,58ac157d-6ab3-11ef-b10b-08c0eb31fffb,0.0
2025-11-17,58ac157d-6ab3-11ef-b10b-08c0eb31fffb,0.0
2025-11-03,58b18dd9-a0c0-11ee-b10b-08c0eb31fffb,3.0
2025-11-10,58b18dd9-a0c0-11ee-b10b-08c0eb31fffb,3.0
2025-11-17,58b18dd9-a0c0-11ee-b10b-08c0eb31fffb,7.0
2025-11-03,58b38c67-edb8-11ee-b973-08c0eb32008b,4.0
2025-11-10,58b38c67-edb8-11ee-b973-08c0eb32008b,6.0
2025-11-17,58b38c67-edb8-11ee-b973-08c0eb32008b,5.0
2025-11-03,58bffe0a-bc05-11ec-b96b-08c0eb32008b,4.0
2025-11-10,58bffe0a-bc05-11ec-b96b-08c0eb32008b,6.0
2025-11-17,58bffe0a-bc05-11ec-b96b-08c0eb32008b,3.0
2025-11-03,58cdd1f7-6ab2-11ef-b10b-08c0eb31fffb,6.0
2025-11-10,58cdd1f7-6ab2-11ef-b10b-08c0eb31fffb,6.0
2025-11-17,58cdd1f7-6ab2-11ef-b10b-08c0eb31fffb,6.0
2025-11-03,58d97fba-093b-11eb-8599-1c34dae33151,5.0
2025-11-10,58d97fba-093b-11eb-8599-1c34dae33151,0.0
2025-11-17,58d97fba-093b-11eb-8599-1c34dae33151,7.0
2025-11-03,58ee915e-71f4-11f0-aa25-be3af2b6059f,0.0
2025-11-10,58ee915e-71f4-11f0-aa25-be3af2b6059f,3.0
2025-11-17,58ee915e-71f4-11f0-aa25-be3af2b6059f,2.0
2025-11-03,58fac4ca-7d1f-11ed-b970-08c0eb32008b,0.0
2025-11-10,58fac4ca-7d1f-11ed-b970-08c0eb32008b,3.0
2025-11-17,58fac4ca-7d1f-11ed-b970-08c0eb32008b,0.0
2025-11-03,591f946e-a3f0-11ee-b973-08c0eb32008b,2.0
2025-11-10,591f946e-a3f0-11ee-b973-08c0eb32008b,7.0
2025-11-17,591f946e-a3f0-11ee-b973-08c0eb32008b,4.0
2025-11-03,594a6f4b-30d8-11eb-859a-1c34dae33151,5.0
2025-11-10,594a6f4b-30d8-11eb-859a-1c34dae33151,8.0
2025-11-17,594a6f4b-30d8-11eb-859a-1c34dae33151,5.0
2025-11-03,5978dd90-f3e4-11ed-ae78-08c0eb320147,3.0
2025-11-10,5978dd90-f3e4-11ed-ae78-08c0eb320147,3.0
2025-11-17,5978dd90-f3e4-11ed-ae78-08c0eb320147,4.0
2025-11-03,5989098b-a28f-11eb-85a9-1c34dae33151,1.0
2025-11-10,5989098b-a28f-11eb-85a9-1c34dae33151,1.0
2025-11-17,5989098b-a28f-11eb-85a9-1c34dae33151,4.0
2025-11-03,59c7835d-42d7-11ec-a0ee-ec0d9a21b021,0.0
2025-11-10,59c7835d-42d7-11ec-a0ee-ec0d9a21b021,0.0
2025-11-17,59c7835d-42d7-11ec-a0ee-ec0d9a21b021,0.0
2025-11-03,59dcbf0d-600c-11ed-885b-08c0eb32014b,2.0
2025-11-10,59dcbf0d-600c-11ed-885b-08c0eb32014b,0.0
2025-11-17,59dcbf0d-600c-11ed-885b-08c0eb32014b,0.0
2025-11-03,5a2d62c8-8ae4-11ee-8861-08c0eb32014b,4.0
2025-11-10,5a2d62c8-8ae4-11ee-8861-08c0eb32014b,2.0
2025-11-17,5a2d62c8-8ae4-11ee-8861-08c0eb32014b,1.0
2025-11-03,5a5d9f46-7cd6-11ef-ae7a-08c0eb320147,2.0
2025-11-10,5a5d9f46-7cd6-11ef-ae7a-08c0eb320147,2.0
2025-11-17,5a5d9f46-7cd6-11ef-ae7a-08c0eb320147,4.0
2025-11-03,5a707463-3b17-11ec-85ad-1c34dae33151,2.0
2025-11-10,5a707463-3b17-11ec-85ad-1c34dae33151,4.0
2025-11-17,5a707463-3b17-11ec-85ad-1c34dae33151,6.0
2025-11-03,5a7743e6-95f7-11eb-85a9-1c34dae33151,4.0
2025-11-10,5a7743e6-95f7-11eb-85a9-1c34dae33151,2.0
2025-11-17,5a7743e6-95f7-11eb-85a9-1c34dae33151,0.0
2025-11-03,5ac7dbb3-06e5-11ee-b10a-08c0eb31fffb,0.0
2025-11-10,5ac7dbb3-06e5-11ee-b10a-08c0eb31fffb,1.0
2025-11-17,5ac7dbb3-06e5-11ee-b10a-08c0eb31fffb,1.0
2025-11-03,5b0461c1-8544-11ee-b10b-08c0eb31fffb,0.0
2025-11-10,5b0461c1-8544-11ee-b10b-08c0eb31fffb,0.0
2025-11-17,5b0461c1-8544-11ee-b10b-08c0eb31fffb,0.0
2025-11-03,5b317a65-cf32-11ee-b973-08c0eb32008b,6.0
2025-11-10,5b317a65-cf32-11ee-b973-08c0eb32008b,7.0
2025-11-17,5b317a65-cf32-11ee-b973-08c0eb32008b,6.0
2025-11-03,5b4237ef-921d-11eb-85a8-1c34dae33151,3.0
2025-11-10,5b4237ef-921d-11eb-85a8-1c34dae33151,4.0
2025-11-17,5b4237ef-921d-11eb-85a8-1c34dae33151,0.0
2025-11-03,5b78e670-5c0e-11ec-a0ee-ec0d9a21b021,2.0
2025-11-10,5b78e670-5c0e-11ec-a0ee-ec0d9a21b021,6.0
2025-11-17,5b78e670-5c0e-11ec-a0ee-ec0d9a21b021,4.0
2025-11-03,5b820a1b-147a-11f0-aa3c-be3af2b6059f,3.0
2025-11-10,5b820a1b-147a-11f0-aa3c-be3af2b6059f,0.0
2025-11-17,5b820a1b-147a-11f0-aa3c-be3af2b6059f,0.0
2025-11-03,5b8ad594-b94f-11eb-85ab-1c34dae33151,2.0
2025-11-10,5b8ad594-b94f-11eb-85ab-1c34dae33151,2.0
2025-11-17,5b8ad594-b94f-11eb-85ab-1c34dae33151,1.0
2025-11-03,5b99869c-7d19-11ed-b970-08c0eb32008b,1.0
2025-11-10,5b99869c-7d19-11ed-b970-08c0eb32008b,1.0
2025-11-17,5b99869c-7d19-11ed-b970-08c0eb32008b,1.0
2025-11-03,5b9d784f-dc8b-11ee-ae7a-08c0eb320147,3.0
2025-11-10,5b9d784f-dc8b-11ee-ae7a-08c0eb320147,1.0
2025-11-17,5b9d784f-dc8b-11ee-ae7a-08c0eb320147,3.0
2025-11-03,5bb410e1-c110-11ef-9bb0-be3af2b6059f,8.0
2025-11-10,5bb410e1-c110-11ef-9bb0-be3af2b6059f,6.0
2025-11-17,5bb410e1-c110-11ef-9bb0-be3af2b6059f,7.0
2025-11-03,5c064369-71c1-11ed-ae75-08c0eb320147,5.0
2025-11-10,5c064369-71c1-11ed-ae75-08c0eb320147,6.0
2025-11-17,5c064369-71c1-11ed-ae75-08c0eb320147,4.0
2025-11-03,5c401c41-c179-11ec-b96b-08c0eb32008b,5.0
2025-11-10,5c401c41-c179-11ec-b96b-08c0eb32008b,3.0
2025-11-17,5c401c41-c179-11ec-b96b-08c0eb32008b,2.0
2025-11-03,5c416589-dbda-11ea-8599-1c34dae33151,2.0
2025-11-10,5c416589-dbda-11ea-8599-1c34dae33151,3.0
2025-11-17,5c416589-dbda-11ea-8599-1c34dae33151,5.0
2025-11-03,5c47583c-70c1-11ed-b107-08c0eb31fffb,4.0
2025-11-10,5c47583c-70c1-11ed-b107-08c0eb31fffb,0.0
2025-11-17,5c47583c-70c1-11ed-b107-08c0eb31fffb,1.0
2025-11-03,5c47752d-d5a3-11eb-85ac-1c34dae33151,4.0
2025-11-10,5c47752d-d5a3-11eb-85ac-1c34dae33151,5.0
2025-11-17,5c47752d-d5a3-11eb-85ac-1c34dae33151,4.0
2025-11-03,5c73bcf4-6daa-11ee-ae79-08c0eb320147,0.0
2025-11-10,5c73bcf4-6daa-11ee-ae79-08c0eb320147,0.0
2025-11-17,5c73bcf4-6daa-11ee-ae79-08c0eb320147,0.0
2025-11-03,5c9374fd-ac7a-11ed-885d-08c0eb32014b,0.0
2025-11-10,5c9374fd-ac7a-11ed-885d-08c0eb32014b,2.0
2025-11-17,5c9374fd-ac7a-11ed-885d-08c0eb32014b,3.0
2025-11-03,5cadd633-a671-11ef-b973-08c0eb32008b,3.0
2025-11-10,5cadd633-a671-11ef-b973-08c0eb32008b,3.0
2025-11-17,5cadd633-a671-11ef-b973-08c0eb32008b,2.0
2025-11-03,5cb5d187-25da-11ec-a0ee-ec0d9a21b021,1.0
2025-11-10,5cb5d187-25da-11ec-a0ee-ec0d9a21b021,4.0
2025-11-17,5cb5d187-25da-11ec-a0ee-ec0d9a21b021,4.0
2025-11-03,5cd4f2de-74e8-11ea-95b9-0050560306e1,1.0
2025-11-10,5cd4f2de-74e8-11ea-95b9-0050560306e1,3.0
2025-11-17,5cd4f2de-74e8-11ea-95b9-0050560306e1,4.0
2025-11-03,5ce8aa23-8d0e-11ee-8861-08c0eb32014b,0.0
2025-11-10,5ce8aa23-8d0e-11ee-8861-08c0eb32014b,0.0
2025-11-17,5ce8aa23-8d0e-11ee-8861-08c0eb32014b,0.0
2025-11-03,5cf8bf5f-2413-11ef-ae7a-08c0eb320147,2.0
2025-11-10,5cf8bf5f-2413-11ef-ae7a-08c0eb320147,7.0
2025-11-17,5cf8bf5f-2413-11ef-ae7a-08c0eb320147,7.0
2025-11-03,5cf93ebc-d814-11ea-8599-1c34dae33151,0.0
2025-11-10,5cf93ebc-d814-11ea-8599-1c34dae33151,0.0
2025-11-17,5cf93ebc-d814-11ea-8599-1c34dae33151,0.0
2025-11-03,5cfb3155-0b68-11ef-ae7a-08c0eb320147,4.0
2025-11-10,5cfb3155-0b68-11ef-ae7a-08c0eb320147,4.0
2025-11-17,5cfb3155-0b68-11ef-ae7a-08c0eb320147,6.0
2025-11-03,5d16104b-58f9-11ed-b96e-08c0eb32008b,2.0
2025-11-10,5d16104b-58f9-11ed-b96e-08c0eb32008b,2.0
2025-11-17,5d16104b-58f9-11ed-b96e-08c0eb32008b,2.0
2025-11-03,5d16a03b-38fc-11ed-885a-08c0eb32014b,2.0
2025-11-10,5d16a03b-38fc-11ed-885a-08c0eb32014b,1.0
2025-11-17,5d16a03b-38fc-11ed-885a-08c0eb32014b,0.0
2025-11-03,5d1b77fb-f585-11ee-ae7a-08c0eb320147,0.0
2025-11-10,5d1b77fb-f585-11ee-ae7a-08c0eb320147,3.0
2025-11-17,5d1b77fb-f585-11ee-ae7a-08c0eb320147,3.0
2025-11-03,5d52e4f7-75eb-11ea-a214-0050560307be,0.0
2025-11-10,5d52e4f7-75eb-11ea-a214-0050560307be,3.0
2025-11-17,5d52e4f7-75eb-11ea-a214-0050560307be,3.0
2025-11-03,5d625807-9c57-11eb-85a9-1c34dae33151,5.0
2025-11-10,5d625807-9c57-11eb-85a9-1c34dae33151,3.0
2025-11-17,5d625807-9c57-11eb-85a9-1c34dae33151,4.0
2025-11-03,5d721c5a-793e-11f0-9bb2-be3af2b6059f,4.0
2025-11-10,5d721c5a-793e-11f0-9bb2-be3af2b6059f,5.0
2025-11-17,5d721c5a-793e-11f0-9bb2-be3af2b6059f,3.0
2024-07-08,5d910dcc-234c-11ef-ae7a-08c0eb320147,9.0
2024-07-15,5d910dcc-234c-11ef-ae7a-08c0eb320147,7.0
2024-07-22,5d910dcc-234c-11ef-ae7a-08c0eb320147,1.0
2024-07-29,5d910dcc-234c-11ef-ae7a-08c0eb320147,1.0
2024-08-05,5d910dcc-234c-11ef-ae7a-08c0eb320147,1.0
2024-08-12,5d910dcc-234c-11ef-ae7a-08c0eb320147,1.0
2024-08-19,5d910dcc-234c-11ef-ae7a-08c0eb320147,2.0
2024-08-26,5d910dcc-234c-11ef-ae7a-08c0eb320147,3.0
2024-09-02,5d910dcc-234c-11ef-ae7a-08c0eb320147,2.0
2024-09-09,5d910dcc-234c-11ef-ae7a-08c0eb320147,2.0
2024-09-16,5d910dcc-234c-11ef-ae7a-08c0eb320147,5.0
2024-09-23,5d910dcc-234c-11ef-ae7a-08c0eb320147,3.0
2024-09-30,5d910dcc-234c-11ef-ae7a-08c0eb320147,4.0
2024-10-07,5d910dcc-234c-11ef-ae7a-08c0eb320147,6.0
2024-10-14,5d910dcc-234c-11ef-ae7a-08c0eb320147,2.0
2024-10-21,5d910dcc-234c-11ef-ae7a-08c0eb320147,3.0
2024-10-28,5d910dcc-234c-11ef-ae7a-08c0eb320147,8.0
2024-11-04,5d910dcc-234c-11ef-ae7a-08c0eb320147,4.0
2024-11-11,5d910dcc-234c-11ef-ae7a-08c0eb320147,4.0
2024-11-18,5d910dcc-234c-11ef-ae7a-08c0eb320147,7.0
2024-11-25,5d910dcc-234c-11ef-ae7a-08c0eb320147,6.0
2024-12-02,5d910dcc-234c-11ef-ae7a-08c0eb320147,4.0
2024-12-09,5d910dcc-234c-11ef-ae7a-08c0eb320147,13.0
2024-12-16,5d910dcc-234c-11ef-ae7a-08c0eb320147,7.0
2024-12-23,5d910dcc-234c-11ef-ae7a-08c0eb320147,7.0
2024-12-30,5d910dcc-234c-11ef-ae7a-08c0eb320147,8.0
2025-01-06,5d910dcc-234c-11ef-ae7a-08c0eb320147,13.0
2025-01-13,5d910dcc-234c-11ef-ae7a-08c0eb320147,7.0
2025-01-20,5d910dcc-234c-11ef-ae7a-08c0eb320147,6.0
2025-01-27,5d910dcc-234c-11ef-ae7a-08c0eb320147,0.0
2025-02-03,5d910dcc-234c-11ef-ae7a-08c0eb320147,4.0
2025-02-10,5d910dcc-234c-11ef-ae7a-08c0eb320147,1.0
2025-02-17,5d910dcc-234c-11ef-ae7a-08c0eb320147,3.0
2025-02-24,5d910dcc-234c-11ef-ae7a-08c0eb320147,1.0
2025-03-03,5d910dcc-234c-11ef-ae7a-08c0eb320147,2.0
2025-03-10,5d910dcc-234c-11ef-ae7a-08c0eb320147,2.0
2025-03-17,5d910dcc-234c-11ef-ae7a-08c0eb320147,3.0
2025-03-24,5d910dcc-234c-11ef-ae7a-08c0eb320147,3.0
2025-03-31,5d910dcc-234c-11ef-ae7a-08c0eb320147,1.0
2025-04-07,5d910dcc-234c-11ef-ae7a-08c0eb320147,4.0
2025-04-14,5d910dcc-234c-11ef-ae7a-08c0eb320147,5.0
2025-04-21,5d910dcc-234c-11ef-ae7a-08c0eb320147,2.0
2025-04-28,5d910dcc-234c-11ef-ae7a-08c0eb320147,2.0
2025-05-05,5d910dcc-234c-11ef-ae7a-08c0eb320147,3.0
2025-05-12,5d910dcc-234c-11ef-ae7a-08c0eb320147,2.0
2025-05-19,5d910dcc-234c-11ef-ae7a-08c0eb320147,3.0
2025-05-26,5d910dcc-234c-11ef-ae7a-08c0eb320147,7.0
2025-06-02,5d910dcc-234c-11ef-ae7a-08c0eb320147,6.0
2025-06-09,5d910dcc-234c-11ef-ae7a-08c0eb320147,5.0
2025-06-16,5d910dcc-234c-11ef-ae7a-08c0eb320147,5.0
2025-06-23,5d910dcc-234c-11ef-ae7a-08c0eb320147,3.0
2025-06-30,5d910dcc-234c-11ef-ae7a-08c0eb320147,4.0
2025-07-07,5d910dcc-234c-11ef-ae7a-08c0eb320147,0.0
2025-07-14,5d910dcc-234c-11ef-ae7a-08c0eb320147,0.0
2025-07-21,5d910dcc-234c-11ef-ae7a-08c0eb320147,4.0
2025-07-28,5d910dcc-234c-11ef-ae7a-08c0eb320147,2.0
2025-08-04,5d910dcc-234c-11ef-ae7a-08c0eb320147,1.0
2025-08-11,5d910dcc-234c-11ef-ae7a-08c0eb320147,0.0
2025-08-18,5d910dcc-234c-11ef-ae7a-08c0eb320147,4.0
2025-08-25,5d910dcc-234c-11ef-ae7a-08c0eb320147,10.0
2025-09-01,5d910dcc-234c-11ef-ae7a-08c0eb320147,3.0
2025-09-08,5d910dcc-234c-11ef-ae7a-08c0eb320147,6.0
2025-09-15,5d910dcc-234c-11ef-ae7a-08c0eb320147,9.0
2025-09-22,5d910dcc-234c-11ef-ae7a-08c0eb320147,3.0
2025-09-29,5d910dcc-234c-11ef-ae7a-08c0eb320147,7.0
2025-10-06,5d910dcc-234c-11ef-ae7a-08c0eb320147,0.0
2025-10-13,5d910dcc-234c-11ef-ae7a-08c0eb320147,0.0
2025-10-20,5d910dcc-234c-11ef-ae7a-08c0eb320147,3.0
2025-10-27,5d910dcc-234c-11ef-ae7a-08c0eb320147,1.0
2025-11-03,5ddba6ec-f35d-11ee-b10b-08c0eb31fffb,0.0
2025-11-10,5ddba6ec-f35d-11ee-b10b-08c0eb31fffb,1.0
2025-11-17,5ddba6ec-f35d-11ee-b10b-08c0eb31fffb,1.0
2025-11-03,5de97671-50db-11ef-b973-08c0eb32008b,0.0
2025-11-10,5de97671-50db-11ef-b973-08c0eb32008b,2.0
2025-11-17,5de97671-50db-11ef-b973-08c0eb32008b,6.0
2025-11-03,5df57c9e-2e3c-11eb-859a-1c34dae33151,0.0
2025-11-10,5df57c9e-2e3c-11eb-859a-1c34dae33151,0.0
2025-11-17,5df57c9e-2e3c-11eb-859a-1c34dae33151,0.0
2025-11-03,5df9ac80-c270-11ed-ae77-08c0eb320147,0.0
2025-11-10,5df9ac80-c270-11ed-ae77-08c0eb320147,0.0
2025-11-17,5df9ac80-c270-11ed-ae77-08c0eb320147,0.0
2025-11-03,5e0b1853-5374-11ec-a0ee-ec0d9a21b021,0.0
2025-11-10,5e0b1853-5374-11ec-a0ee-ec0d9a21b021,5.0
2025-11-17,5e0b1853-5374-11ec-a0ee-ec0d9a21b021,3.0
2025-11-03,5e0d9885-f64e-11ed-b971-08c0eb32008b,2.0
2025-11-10,5e0d9885-f64e-11ed-b971-08c0eb32008b,1.0
2025-11-17,5e0d9885-f64e-11ed-b971-08c0eb32008b,4.0
2025-11-03,5e182673-023e-11ef-b973-08c0eb32008b,2.0
2025-11-10,5e182673-023e-11ef-b973-08c0eb32008b,0.0
2025-11-17,5e182673-023e-11ef-b973-08c0eb32008b,3.0
2025-11-03,5e66197e-70c7-11ed-b107-08c0eb31fffb,0.0
2025-11-10,5e66197e-70c7-11ed-b107-08c0eb31fffb,0.0
2025-11-17,5e66197e-70c7-11ed-b107-08c0eb31fffb,0.0
2025-11-03,5e9996b2-f3df-11ed-ae78-08c0eb320147,5.0
2025-11-10,5e9996b2-f3df-11ed-ae78-08c0eb320147,12.0
2025-11-17,5e9996b2-f3df-11ed-ae78-08c0eb320147,4.0
2025-11-03,5ea5e72a-cfe4-11ea-b7de-0050560306e1,0.0
2025-11-10,5ea5e72a-cfe4-11ea-b7de-0050560306e1,0.0
2025-11-17,5ea5e72a-cfe4-11ea-b7de-0050560306e1,2.0
2025-11-03,5eead23a-74f5-11eb-85a3-1c34dae33151,2.0
2025-11-10,5eead23a-74f5-11eb-85a3-1c34dae33151,2.0
2025-11-17,5eead23a-74f5-11eb-85a3-1c34dae33151,7.0
2025-11-03,5eec5d61-7e6b-11ec-b967-08c0eb32008b,2.0
2025-11-10,5eec5d61-7e6b-11ec-b967-08c0eb32008b,3.0
2025-11-17,5eec5d61-7e6b-11ec-b967-08c0eb32008b,1.0
2025-11-03,5ef5fc49-0875-11ef-b973-08c0eb32008b,2.0
2025-11-10,5ef5fc49-0875-11ef-b973-08c0eb32008b,3.0
2025-11-17,5ef5fc49-0875-11ef-b973-08c0eb32008b,3.0
2025-11-03,5f34c135-f3f5-11ed-b971-08c0eb32008b,3.0
2025-11-10,5f34c135-f3f5-11ed-b971-08c0eb32008b,6.0
2025-11-17,5f34c135-f3f5-11ed-b971-08c0eb32008b,6.0
2025-11-03,5f4428c0-98c6-11ec-8856-08c0eb32014b,0.0
2025-11-10,5f4428c0-98c6-11ec-8856-08c0eb32014b,0.0
2025-11-17,5f4428c0-98c6-11ec-8856-08c0eb32014b,0.0
2025-11-03,5f797b2d-fdaf-11ee-b10b-08c0eb31fffb,2.0
2025-11-10,5f797b2d-fdaf-11ee-b10b-08c0eb31fffb,3.0
2025-11-17,5f797b2d-fdaf-11ee-b10b-08c0eb31fffb,8.0
2025-11-03,5f7985e2-db1e-11eb-85ad-1c34dae33151,0.0
2025-11-10,5f7985e2-db1e-11eb-85ad-1c34dae33151,0.0
2025-11-17,5f7985e2-db1e-11eb-85ad-1c34dae33151,1.0
2025-11-03,5faba5e8-0f42-11ed-885a-08c0eb32014b,0.0
2025-11-10,5faba5e8-0f42-11ed-885a-08c0eb32014b,5.0
2025-11-17,5faba5e8-0f42-11ed-885a-08c0eb32014b,2.0
2025-11-03,5fc3c440-92ad-11ed-885d-08c0eb32014b,2.0
2025-11-10,5fc3c440-92ad-11ed-885d-08c0eb32014b,3.0
2025-11-17,5fc3c440-92ad-11ed-885d-08c0eb32014b,3.0
2025-11-03,5fe9a11c-97a8-11ef-ae7a-08c0eb320147,0.0
2025-11-10,5fe9a11c-97a8-11ef-ae7a-08c0eb320147,2.0
2025-11-17,5fe9a11c-97a8-11ef-ae7a-08c0eb320147,2.0
2025-11-03,6006dd8e-0e1c-11f0-a5cb-7cc255b74513,3.0
2025-11-10,6006dd8e-0e1c-11f0-a5cb-7cc255b74513,4.0
2025-11-17,6006dd8e-0e1c-11f0-a5cb-7cc255b74513,3.0
2025-11-03,6041bf64-eba4-11ea-8599-1c34dae33151,0.0
2025-11-10,6041bf64-eba4-11ea-8599-1c34dae33151,1.0
2025-11-17,6041bf64-eba4-11ea-8599-1c34dae33151,0.0
2024-01-01,60548799-a410-11eb-85a9-1c34dae33151,14.0
2024-01-08,60548799-a410-11eb-85a9-1c34dae33151,17.0
2024-01-15,60548799-a410-11eb-85a9-1c34dae33151,18.0
2024-01-22,60548799-a410-11eb-85a9-1c34dae33151,16.0
2024-01-29,60548799-a410-11eb-85a9-1c34dae33151,17.0
2024-02-05,60548799-a410-11eb-85a9-1c34dae33151,17.0
2024-02-12,60548799-a410-11eb-85a9-1c34dae33151,18.0
2024-02-19,60548799-a410-11eb-85a9-1c34dae33151,13.0
2024-03-04,60548799-a410-11eb-85a9-1c34dae33151,7.0
2024-03-11,60548799-a410-11eb-85a9-1c34dae33151,8.0
2024-03-18,60548799-a410-11eb-85a9-1c34dae33151,9.0
2024-03-25,60548799-a410-11eb-85a9-1c34dae33151,1.0
2024-04-01,60548799-a410-11eb-85a9-1c34dae33151,1.0
2024-04-08,60548799-a410-11eb-85a9-1c34dae33151,2.0
2024-04-15,60548799-a410-11eb-85a9-1c34dae33151,3.0
2024-04-22,60548799-a410-11eb-85a9-1c34dae33151,2.0
2024-04-29,60548799-a410-11eb-85a9-1c34dae33151,3.0
2024-05-06,60548799-a410-11eb-85a9-1c34dae33151,3.0
2024-05-13,60548799-a410-11eb-85a9-1c34dae33151,4.0
2024-05-20,60548799-a410-11eb-85a9-1c34dae33151,5.0
2024-05-27,60548799-a410-11eb-85a9-1c34dae33151,6.0
2024-06-03,60548799-a410-11eb-85a9-1c34dae33151,3.0
2024-06-10,60548799-a410-11eb-85a9-1c34dae33151,5.0
2024-06-17,60548799-a410-11eb-85a9-1c34dae33151,0.0
2024-06-24,60548799-a410-11eb-85a9-1c34dae33151,4.0
2024-07-01,60548799-a410-11eb-85a9-1c34dae33151,0.0
2024-07-08,60548799-a410-11eb-85a9-1c34dae33151,0.0
2024-07-15,60548799-a410-11eb-85a9-1c34dae33151,2.0
2024-07-22,60548799-a410-11eb-85a9-1c34dae33151,2.0
2024-07-29,60548799-a410-11eb-85a9-1c34dae33151,0.0
2024-08-05,60548799-a410-11eb-85a9-1c34dae33151,0.0
2024-08-12,60548799-a410-11eb-85a9-1c34dae33151,3.0
2024-08-19,60548799-a410-11eb-85a9-1c34dae33151,0.0
2024-08-26,60548799-a410-11eb-85a9-1c34dae33151,0.0
2024-09-02,60548799-a410-11eb-85a9-1c34dae33151,0.0
2024-09-09,60548799-a410-11eb-85a9-1c34dae33151,1.0
2024-09-16,60548799-a410-11eb-85a9-1c34dae33151,0.0
2024-09-23,60548799-a410-11eb-85a9-1c34dae33151,6.0
2024-09-30,60548799-a410-11eb-85a9-1c34dae33151,2.0
2024-10-07,60548799-a410-11eb-85a9-1c34dae33151,3.0
2024-10-14,60548799-a410-11eb-85a9-1c34dae33151,4.0
2024-10-21,60548799-a410-11eb-85a9-1c34dae33151,0.0
2024-10-28,60548799-a410-11eb-85a9-1c34dae33151,0.0
2024-11-04,60548799-a410-11eb-85a9-1c34dae33151,0.0
2024-11-11,60548799-a410-11eb-85a9-1c34dae33151,6.0
2024-11-18,60548799-a410-11eb-85a9-1c34dae33151,6.0
2024-11-25,60548799-a410-11eb-85a9-1c34dae33151,8.0
2024-12-02,60548799-a410-11eb-85a9-1c34dae33151,0.0
2024-12-09,60548799-a410-11eb-85a9-1c34dae33151,6.0
2024-12-16,60548799-a410-11eb-85a9-1c34dae33151,8.0
2024-12-23,60548799-a410-11eb-85a9-1c34dae33151,0.0
2024-12-30,60548799-a410-11eb-85a9-1c34dae33151,0.0
2025-01-06,60548799-a410-11eb-85a9-1c34dae33151,2.0
2025-01-13,60548799-a410-11eb-85a9-1c34dae33151,6.0
2025-01-20,60548799-a410-11eb-85a9-1c34dae33151,3.0
2025-01-27,60548799-a410-11eb-85a9-1c34dae33151,0.0
2025-02-03,60548799-a410-11eb-85a9-1c34dae33151,0.0
2025-02-10,60548799-a410-11eb-85a9-1c34dae33151,0.0
2025-02-17,60548799-a410-11eb-85a9-1c34dae33151,0.0
2025-02-24,60548799-a410-11eb-85a9-1c34dae33151,0.0
2025-03-03,60548799-a410-11eb-85a9-1c34dae33151,0.0
2025-03-10,60548799-a410-11eb-85a9-1c34dae33151,0.0
2025-03-17,60548799-a410-11eb-85a9-1c34dae33151,0.0
2025-03-24,60548799-a410-11eb-85a9-1c34dae33151,0.0
2025-03-31,60548799-a410-11eb-85a9-1c34dae33151,0.0
2025-04-07,60548799-a410-11eb-85a9-1c34dae33151,0.0
2025-04-14,60548799-a410-11eb-85a9-1c34dae33151,1.0
2025-04-21,60548799-a410-11eb-85a9-1c34dae33151,0.0
2025-04-28,60548799-a410-11eb-85a9-1c34dae33151,0.0
2025-05-05,60548799-a410-11eb-85a9-1c34dae33151,10.0
2025-05-12,60548799-a410-11eb-85a9-1c34dae33151,0.0
2025-05-19,60548799-a410-11eb-85a9-1c34dae33151,0.0
2025-05-26,60548799-a410-11eb-85a9-1c34dae33151,0.0
2025-06-02,60548799-a410-11eb-85a9-1c34dae33151,5.0
2025-06-09,60548799-a410-11eb-85a9-1c34dae33151,0.0
2025-06-16,60548799-a410-11eb-85a9-1c34dae33151,2.0
2025-06-23,60548799-a410-11eb-85a9-1c34dae33151,0.0
2025-06-30,60548799-a410-11eb-85a9-1c34dae33151,0.0
2025-07-07,60548799-a410-11eb-85a9-1c34dae33151,0.0
2025-07-14,60548799-a410-11eb-85a9-1c34dae33151,0.0
2025-07-21,60548799-a410-11eb-85a9-1c34dae33151,1.0
2025-07-28,60548799-a410-11eb-85a9-1c34dae33151,0.0
2025-08-04,60548799-a410-11eb-85a9-1c34dae33151,0.0
2025-08-11,60548799-a410-11eb-85a9-1c34dae33151,0.0
2025-08-18,60548799-a410-11eb-85a9-1c34dae33151,0.0
2025-08-25,60548799-a410-11eb-85a9-1c34dae33151,0.0
2025-09-01,60548799-a410-11eb-85a9-1c34dae33151,0.0
2025-09-08,60548799-a410-11eb-85a9-1c34dae33151,0.0
2025-09-15,60548799-a410-11eb-85a9-1c34dae33151,0.0
2025-09-22,60548799-a410-11eb-85a9-1c34dae33151,0.0
2025-09-29,60548799-a410-11eb-85a9-1c34dae33151,1.0
2025-10-06,60548799-a410-11eb-85a9-1c34dae33151,0.0
2025-10-13,60548799-a410-11eb-85a9-1c34dae33151,0.0
2025-10-20,60548799-a410-11eb-85a9-1c34dae33151,3.0
2025-10-27,60548799-a410-11eb-85a9-1c34dae33151,2.0
2025-11-03,605f9db7-6a33-11ed-b107-08c0eb31fffb,1.0
2025-11-10,605f9db7-6a33-11ed-b107-08c0eb31fffb,1.0
2025-11-17,605f9db7-6a33-11ed-b107-08c0eb31fffb,0.0
2025-11-03,6067dc12-c1fc-11eb-85ab-1c34dae33151,3.0
2025-11-10,6067dc12-c1fc-11eb-85ab-1c34dae33151,4.0
2025-11-17,6067dc12-c1fc-11eb-85ab-1c34dae33151,2.0
2025-11-03,60704ee3-7888-11ee-ae79-08c0eb320147,5.0
2025-11-10,60704ee3-7888-11ee-ae79-08c0eb320147,4.0
2025-11-17,60704ee3-7888-11ee-ae79-08c0eb320147,6.0
2025-11-03,611248a1-cf10-11ee-8861-08c0eb32014b,4.0
2025-11-10,611248a1-cf10-11ee-8861-08c0eb32014b,4.0
2025-11-17,611248a1-cf10-11ee-8861-08c0eb32014b,3.0
2025-11-03,61289873-e3b5-11ef-a97a-be3af2b6059f,5.0
2025-11-10,61289873-e3b5-11ef-a97a-be3af2b6059f,3.0
2025-11-17,61289873-e3b5-11ef-a97a-be3af2b6059f,9.0
2025-11-03,61305b22-92b4-11ed-ae77-08c0eb320147,0.0
2025-11-10,61305b22-92b4-11ed-ae77-08c0eb320147,0.0
2025-11-17,61305b22-92b4-11ed-ae77-08c0eb320147,4.0
2025-11-03,6139ad95-c4ef-11ee-8861-08c0eb32014b,1.0
2025-11-10,6139ad95-c4ef-11ee-8861-08c0eb32014b,0.0
2025-11-17,6139ad95-c4ef-11ee-8861-08c0eb32014b,1.0
2025-11-03,614450a8-abb5-11ed-b109-08c0eb31fffb,5.0
2025-11-10,614450a8-abb5-11ed-b109-08c0eb31fffb,6.0
2025-11-17,614450a8-abb5-11ed-b109-08c0eb31fffb,3.0
2025-11-03,615cecd2-87bd-11eb-85a3-1c34dae33151,3.0
2025-11-10,615cecd2-87bd-11eb-85a3-1c34dae33151,2.0
2025-11-17,615cecd2-87bd-11eb-85a3-1c34dae33151,0.0
2025-11-03,6169af60-5513-11ed-ae75-08c0eb320147,4.0
2025-11-10,6169af60-5513-11ed-ae75-08c0eb320147,4.0
2025-11-17,6169af60-5513-11ed-ae75-08c0eb320147,2.0
2025-11-03,6184edeb-7d1b-11ed-b970-08c0eb32008b,1.0
2025-11-10,6184edeb-7d1b-11ed-b970-08c0eb32008b,3.0
2025-11-17,6184edeb-7d1b-11ed-b970-08c0eb32008b,1.0
2025-11-03,61b2588a-8e1a-11ea-aff3-0050560306e1,0.0
2025-11-10,61b2588a-8e1a-11ea-aff3-0050560306e1,0.0
2025-11-17,61b2588a-8e1a-11ea-aff3-0050560306e1,0.0
2025-11-03,61c7bc19-f3da-11ed-ae78-08c0eb320147,3.0
2025-11-10,61c7bc19-f3da-11ed-ae78-08c0eb320147,2.0
2025-11-17,61c7bc19-f3da-11ed-ae78-08c0eb320147,3.0
2025-11-03,61ca46b0-90e0-11ed-ae77-08c0eb320147,3.0
2025-11-10,61ca46b0-90e0-11ed-ae77-08c0eb320147,6.0
2025-11-17,61ca46b0-90e0-11ed-ae77-08c0eb320147,3.0
2025-11-03,61fbf4f1-1fa3-11ec-a0ee-ec0d9a21b021,2.0
2025-11-10,61fbf4f1-1fa3-11ec-a0ee-ec0d9a21b021,2.0
2025-11-17,61fbf4f1-1fa3-11ec-a0ee-ec0d9a21b021,3.0
2025-11-03,620af6f2-1c04-11ee-885e-08c0eb32014b,2.0
2025-11-10,620af6f2-1c04-11ee-885e-08c0eb32014b,3.0
2025-11-17,620af6f2-1c04-11ee-885e-08c0eb32014b,3.0
2025-11-03,62184a07-a02d-11ef-b10b-08c0eb31fffb,4.0
2025-11-10,62184a07-a02d-11ef-b10b-08c0eb31fffb,5.0
2025-11-17,62184a07-a02d-11ef-b10b-08c0eb31fffb,3.0
2025-11-03,62185b9d-2aa7-11ec-a0ee-ec0d9a21b021,0.0
2025-11-10,62185b9d-2aa7-11ec-a0ee-ec0d9a21b021,5.0
2025-11-17,62185b9d-2aa7-11ec-a0ee-ec0d9a21b021,3.0
2025-11-03,622d3e40-c1f5-11ef-a97a-be3af2b6059f,2.0
2025-11-10,622d3e40-c1f5-11ef-a97a-be3af2b6059f,3.0
2025-11-17,622d3e40-c1f5-11ef-a97a-be3af2b6059f,6.0
2025-11-03,6248bf12-7c01-11eb-85a3-1c34dae33151,9.0
2025-11-10,6248bf12-7c01-11eb-85a3-1c34dae33151,0.0
2025-11-17,6248bf12-7c01-11eb-85a3-1c34dae33151,0.0
2025-11-03,62e88704-d3c8-11ed-b109-08c0eb31fffb,6.0
2025-11-10,62e88704-d3c8-11ed-b109-08c0eb31fffb,3.0
2025-11-17,62e88704-d3c8-11ed-b109-08c0eb31fffb,4.0
2025-11-03,62f1ce48-9127-11eb-85a8-1c34dae33151,4.0
2025-11-10,62f1ce48-9127-11eb-85a8-1c34dae33151,9.0
2025-11-17,62f1ce48-9127-11eb-85a8-1c34dae33151,6.0
2025-11-03,63010dd0-ade2-11eb-85ab-1c34dae33151,0.0
2025-11-10,63010dd0-ade2-11eb-85ab-1c34dae33151,0.0
2025-11-17,63010dd0-ade2-11eb-85ab-1c34dae33151,3.0
2025-11-03,633303a8-ce87-11eb-85ac-1c34dae33151,6.0
2025-11-10,633303a8-ce87-11eb-85ac-1c34dae33151,8.0
2025-11-17,633303a8-ce87-11eb-85ac-1c34dae33151,7.0
2025-11-03,6356ea3d-75e6-11ea-95b9-0050560306e1,5.0
2025-11-10,6356ea3d-75e6-11ea-95b9-0050560306e1,2.0
2025-11-17,6356ea3d-75e6-11ea-95b9-0050560306e1,1.0
2025-11-03,635e1e37-8c07-11eb-85a8-1c34dae33151,0.0
2025-11-10,635e1e37-8c07-11eb-85a8-1c34dae33151,0.0
2025-11-17,635e1e37-8c07-11eb-85a8-1c34dae33151,0.0
2025-11-03,636d6871-37f2-11ec-85ad-1c34dae33151,0.0
2025-11-10,636d6871-37f2-11ec-85ad-1c34dae33151,6.0
2025-11-17,636d6871-37f2-11ec-85ad-1c34dae33151,4.0
2025-11-03,64089fad-b9e4-11ee-b973-08c0eb32008b,2.0
2025-11-10,64089fad-b9e4-11ee-b973-08c0eb32008b,8.0
2025-11-17,64089fad-b9e4-11ee-b973-08c0eb32008b,5.0
2025-11-03,64169298-3013-11eb-859a-1c34dae33151,3.0
2025-11-10,64169298-3013-11eb-859a-1c34dae33151,2.0
2025-11-17,64169298-3013-11eb-859a-1c34dae33151,1.0
2025-11-03,646e6645-eeb1-11ef-aa23-be3af2b6059f,2.0
2025-11-10,646e6645-eeb1-11ef-aa23-be3af2b6059f,4.0
2025-11-17,646e6645-eeb1-11ef-aa23-be3af2b6059f,0.0
2025-11-03,6475fde0-d83a-11ed-ae77-08c0eb320147,2.0
2025-11-10,6475fde0-d83a-11ed-ae77-08c0eb320147,3.0
2025-11-17,6475fde0-d83a-11ed-ae77-08c0eb320147,3.0
2025-11-03,647ef56a-d30b-11ea-8598-1c34dae33151,0.0
2025-11-10,647ef56a-d30b-11ea-8598-1c34dae33151,2.0
2025-11-17,647ef56a-d30b-11ea-8598-1c34dae33151,0.0
2025-11-03,647f3e74-8ae3-11ef-b973-08c0eb32008b,6.0
2025-11-10,647f3e74-8ae3-11ef-b973-08c0eb32008b,5.0
2025-11-17,647f3e74-8ae3-11ef-b973-08c0eb32008b,0.0
2025-11-03,64827e55-f7f4-11ee-b10b-08c0eb31fffb,2.0
2025-11-10,64827e55-f7f4-11ee-b10b-08c0eb31fffb,3.0
2025-11-17,64827e55-f7f4-11ee-b10b-08c0eb31fffb,2.0
2025-11-03,64a2738d-688e-11ec-ae6d-08c0eb320147,2.0
2025-11-10,64a2738d-688e-11ec-ae6d-08c0eb320147,0.0
2025-11-17,64a2738d-688e-11ec-ae6d-08c0eb320147,4.0
2025-11-03,64a98cf6-bd32-11eb-85ab-1c34dae33151,0.0
2025-11-10,64a98cf6-bd32-11eb-85ab-1c34dae33151,1.0
2025-11-17,64a98cf6-bd32-11eb-85ab-1c34dae33151,1.0
2025-11-03,64c37beb-8afe-11ea-aff3-0050560306e1,3.0
2025-11-10,64c37beb-8afe-11ea-aff3-0050560306e1,4.0
2025-11-17,64c37beb-8afe-11ea-aff3-0050560306e1,2.0
2025-11-03,64d4a669-20f2-11ec-a0ee-ec0d9a21b021,0.0
2025-11-10,64d4a669-20f2-11ec-a0ee-ec0d9a21b021,0.0
2025-11-17,64d4a669-20f2-11ec-a0ee-ec0d9a21b021,0.0
2025-11-03,64e754eb-37fe-11ec-85ad-1c34dae33151,7.0
2025-11-10,64e754eb-37fe-11ec-85ad-1c34dae33151,24.0
2025-11-17,64e754eb-37fe-11ec-85ad-1c34dae33151,10.0
2025-11-03,652966be-921f-11eb-85a8-1c34dae33151,0.0
2025-11-10,652966be-921f-11eb-85a8-1c34dae33151,0.0
2025-11-17,652966be-921f-11eb-85a8-1c34dae33151,0.0
2025-11-03,652a2244-13d0-11ed-ae72-08c0eb320147,1.0
2025-11-10,652a2244-13d0-11ed-ae72-08c0eb320147,3.0
2025-11-17,652a2244-13d0-11ed-ae72-08c0eb320147,3.0
2025-11-03,655c03ee-d0c7-11ee-8861-08c0eb32014b,0.0
2025-11-10,655c03ee-d0c7-11ee-8861-08c0eb32014b,3.0
2025-11-17,655c03ee-d0c7-11ee-8861-08c0eb32014b,2.0
2025-11-03,65800db2-0328-11f0-aa3a-be3af2b6059f,0.0
2025-11-10,65800db2-0328-11f0-aa3a-be3af2b6059f,0.0
2025-11-17,65800db2-0328-11f0-aa3a-be3af2b6059f,0.0
2025-11-03,65cf417d-2c91-11ef-ae7a-08c0eb320147,3.0
2025-11-10,65cf417d-2c91-11ef-ae7a-08c0eb320147,2.0
2025-11-17,65cf417d-2c91-11ef-ae7a-08c0eb320147,3.0
2025-11-03,65d37d60-06e6-11ee-885e-08c0eb32014b,4.0
2025-11-10,65d37d60-06e6-11ee-885e-08c0eb32014b,2.0
2025-11-17,65d37d60-06e6-11ee-885e-08c0eb32014b,5.0
2025-11-03,65e7fb07-1f31-11ef-b973-08c0eb32008b,0.0
2025-11-10,65e7fb07-1f31-11ef-b973-08c0eb32008b,3.0
2025-11-17,65e7fb07-1f31-11ef-b973-08c0eb32008b,4.0
2025-11-03,660ce415-5511-11ed-ae75-08c0eb320147,0.0
2025-11-10,660ce415-5511-11ed-ae75-08c0eb320147,0.0
2025-11-17,660ce415-5511-11ed-ae75-08c0eb320147,0.0
2025-11-03,6614bb0f-8dd3-11ee-b973-08c0eb32008b,2.0
2025-11-10,6614bb0f-8dd3-11ee-b973-08c0eb32008b,2.0
2025-11-17,6614bb0f-8dd3-11ee-b973-08c0eb32008b,3.0
2025-11-03,662aaf41-abbb-11ed-b970-08c0eb32008b,1.0
2025-11-10,662aaf41-abbb-11ed-b970-08c0eb32008b,3.0
2025-11-17,662aaf41-abbb-11ed-b970-08c0eb32008b,1.0
2025-11-03,66c31b4d-d571-11ee-b973-08c0eb32008b,2.0
2025-11-10,66c31b4d-d571-11ee-b973-08c0eb32008b,2.0
2025-11-17,66c31b4d-d571-11ee-b973-08c0eb32008b,4.0
2025-11-03,66dfa223-ac73-11ed-885d-08c0eb32014b,0.0
2025-11-10,66dfa223-ac73-11ed-885d-08c0eb32014b,0.0
2025-11-17,66dfa223-ac73-11ed-885d-08c0eb32014b,1.0
2025-11-03,6721424e-bd34-11ea-b7de-0050560306e1,0.0
2025-11-10,6721424e-bd34-11ea-b7de-0050560306e1,3.0
2025-11-17,6721424e-bd34-11ea-b7de-0050560306e1,2.0
2025-11-03,672cbc33-240c-11eb-8599-1c34dae33151,5.0
2025-11-10,672cbc33-240c-11eb-8599-1c34dae33151,11.0
2025-11-17,672cbc33-240c-11eb-8599-1c34dae33151,2.0
2025-11-03,67424a70-bd35-11ef-aa3a-be3af2b6059f,3.0
2025-11-10,67424a70-bd35-11ef-aa3a-be3af2b6059f,2.0
2025-11-17,67424a70-bd35-11ef-aa3a-be3af2b6059f,1.0
2025-11-03,67540719-e207-11ee-b10b-08c0eb31fffb,0.0
2025-11-10,67540719-e207-11ee-b10b-08c0eb31fffb,1.0
2025-11-17,67540719-e207-11ee-b10b-08c0eb31fffb,0.0
2025-11-03,676439bb-50e7-11ef-b10b-08c0eb31fffb,3.0
2025-11-10,676439bb-50e7-11ef-b10b-08c0eb31fffb,2.0
2025-11-17,676439bb-50e7-11ef-b10b-08c0eb31fffb,1.0
2025-11-03,67643cc9-709e-11ed-885b-08c0eb32014b,3.0
2025-11-10,67643cc9-709e-11ed-885b-08c0eb32014b,4.0
2025-11-17,67643cc9-709e-11ed-885b-08c0eb32014b,10.0
2025-11-03,676733d2-92a9-11ed-b109-08c0eb31fffb,1.0
2025-11-10,676733d2-92a9-11ed-b109-08c0eb31fffb,0.0
2025-11-17,676733d2-92a9-11ed-b109-08c0eb31fffb,0.0
2025-11-03,67d8c95d-2286-11ef-b10b-08c0eb31fffb,3.0
2025-11-10,67d8c95d-2286-11ef-b10b-08c0eb31fffb,3.0
2025-11-17,67d8c95d-2286-11ef-b10b-08c0eb31fffb,3.0
2025-11-03,67ddf402-9c39-11ef-b10b-08c0eb31fffb,4.0
2025-11-10,67ddf402-9c39-11ef-b10b-08c0eb31fffb,1.0
2025-11-17,67ddf402-9c39-11ef-b10b-08c0eb31fffb,2.0
2025-11-03,67eb053f-9927-11eb-85a9-1c34dae33151,0.0
2025-11-10,67eb053f-9927-11eb-85a9-1c34dae33151,2.0
2025-11-17,67eb053f-9927-11eb-85a9-1c34dae33151,0.0
2025-11-03,67fd260b-429d-11ee-885f-08c0eb32014b,9.0
2025-11-10,67fd260b-429d-11ee-885f-08c0eb32014b,7.0
2025-11-17,67fd260b-429d-11ee-885f-08c0eb32014b,16.0
2025-11-03,67ff6050-6194-11ec-8856-08c0eb32014b,2.0
2025-11-10,67ff6050-6194-11ec-8856-08c0eb32014b,2.0
2025-11-17,67ff6050-6194-11ec-8856-08c0eb32014b,0.0
2025-11-03,6807a05b-b6f4-11eb-85ab-1c34dae33151,0.0
2025-11-10,6807a05b-b6f4-11eb-85ab-1c34dae33151,6.0
2025-11-17,6807a05b-b6f4-11eb-85ab-1c34dae33151,0.0
2025-11-03,684378ac-5bde-11ef-8861-08c0eb32014b,2.0
2025-11-10,684378ac-5bde-11ef-8861-08c0eb32014b,4.0
2025-11-17,684378ac-5bde-11ef-8861-08c0eb32014b,7.0
2025-11-03,688696f9-a418-11eb-85a9-1c34dae33151,2.0
2025-11-10,688696f9-a418-11eb-85a9-1c34dae33151,3.0
2025-11-17,688696f9-a418-11eb-85a9-1c34dae33151,1.0
2025-11-03,68c1f482-c1fa-11eb-85ab-1c34dae33151,0.0
2025-11-10,68c1f482-c1fa-11eb-85ab-1c34dae33151,2.0
2025-11-17,68c1f482-c1fa-11eb-85ab-1c34dae33151,5.0
2025-11-03,68edee3c-3d34-11f0-aa25-be3af2b6059f,0.0
2025-11-10,68edee3c-3d34-11f0-aa25-be3af2b6059f,0.0
2025-11-17,68edee3c-3d34-11f0-aa25-be3af2b6059f,0.0
2025-11-03,68fff50b-2cbe-11ec-a0ee-ec0d9a21b021,2.0
2025-11-10,68fff50b-2cbe-11ec-a0ee-ec0d9a21b021,0.0
2025-11-17,68fff50b-2cbe-11ec-a0ee-ec0d9a21b021,1.0
2025-11-03,690569f3-4356-11ee-ae78-08c0eb320147,2.0
2025-11-10,690569f3-4356-11ee-ae78-08c0eb320147,5.0
2025-11-17,690569f3-4356-11ee-ae78-08c0eb320147,4.0
2025-11-03,69262bf4-826a-11eb-85a3-1c34dae33151,0.0
2025-11-10,69262bf4-826a-11eb-85a3-1c34dae33151,0.0
2025-11-17,69262bf4-826a-11eb-85a3-1c34dae33151,1.0
2025-11-03,69532d75-184e-11ef-ae7a-08c0eb320147,0.0
2025-11-10,69532d75-184e-11ef-ae7a-08c0eb320147,0.0
2025-11-17,69532d75-184e-11ef-ae7a-08c0eb320147,2.0
2025-11-03,69989c5c-435d-11ee-ae78-08c0eb320147,1.0
2025-11-10,69989c5c-435d-11ee-ae78-08c0eb320147,2.0
2025-11-17,69989c5c-435d-11ee-ae78-08c0eb320147,0.0
2025-11-03,6999fc3a-92b9-11ed-ae77-08c0eb320147,2.0
2025-11-10,6999fc3a-92b9-11ed-ae77-08c0eb320147,5.0
2025-11-17,6999fc3a-92b9-11ed-ae77-08c0eb320147,1.0
2025-11-03,69a04eec-f294-11ee-b10b-08c0eb31fffb,4.0
2025-11-10,69a04eec-f294-11ee-b10b-08c0eb31fffb,3.0
2025-11-17,69a04eec-f294-11ee-b10b-08c0eb31fffb,0.0
2025-11-03,69b095dc-6d2b-11f0-aa3c-be3af2b6059f,1.0
2025-11-10,69b095dc-6d2b-11f0-aa3c-be3af2b6059f,5.0
2025-11-17,69b095dc-6d2b-11f0-aa3c-be3af2b6059f,4.0
2025-11-03,69b1aaa2-21af-11ef-b973-08c0eb32008b,0.0
2025-11-10,69b1aaa2-21af-11ef-b973-08c0eb32008b,0.0
2025-11-17,69b1aaa2-21af-11ef-b973-08c0eb32008b,0.0
2025-11-03,69b60d5a-6c6b-11eb-85a3-1c34dae33151,0.0
2025-11-10,69b60d5a-6c6b-11eb-85a3-1c34dae33151,0.0
2025-11-17,69b60d5a-6c6b-11eb-85a3-1c34dae33151,0.0
2025-11-03,69cf477d-85df-11ec-b967-08c0eb32008b,1.0
2025-11-10,69cf477d-85df-11ec-b967-08c0eb32008b,3.0
2025-11-17,69cf477d-85df-11ec-b967-08c0eb32008b,2.0
2025-11-03,69dc5b08-b09b-11ef-b10b-08c0eb31fffb,0.0
2025-11-10,69dc5b08-b09b-11ef-b10b-08c0eb31fffb,1.0
2025-11-17,69dc5b08-b09b-11ef-b10b-08c0eb31fffb,0.0
2025-11-03,69f790d8-bd38-11eb-85ab-1c34dae33151,2.0
2025-11-10,69f790d8-bd38-11eb-85ab-1c34dae33151,4.0
2025-11-17,69f790d8-bd38-11eb-85ab-1c34dae33151,4.0
2025-11-03,6a07ee78-01aa-11ec-a0ee-ec0d9a21b021,2.0
2025-11-10,6a07ee78-01aa-11ec-a0ee-ec0d9a21b021,3.0
2025-11-17,6a07ee78-01aa-11ec-a0ee-ec0d9a21b021,1.0
2025-11-03,6a0ae336-52ef-11ee-b971-08c0eb32008b,5.0
2025-11-10,6a0ae336-52ef-11ee-b971-08c0eb32008b,5.0
2025-11-17,6a0ae336-52ef-11ee-b971-08c0eb32008b,2.0
2025-11-03,6a1723fe-5b16-11ef-8861-08c0eb32014b,0.0
2025-11-10,6a1723fe-5b16-11ef-8861-08c0eb32014b,3.0
2025-11-17,6a1723fe-5b16-11ef-8861-08c0eb32014b,0.0
2025-11-03,6a1c5bb1-b6cf-11ee-ae7a-08c0eb320147,0.0
2025-11-10,6a1c5bb1-b6cf-11ee-ae7a-08c0eb320147,0.0
2025-11-17,6a1c5bb1-b6cf-11ee-ae7a-08c0eb320147,0.0
2025-11-03,6a2823a8-ed08-11ee-8861-08c0eb32014b,6.0
2025-11-10,6a2823a8-ed08-11ee-8861-08c0eb32014b,2.0
2025-11-17,6a2823a8-ed08-11ee-8861-08c0eb32014b,8.0
2025-11-03,6a2d0493-0a21-11eb-8599-1c34dae33151,0.0
2025-11-10,6a2d0493-0a21-11eb-8599-1c34dae33151,0.0
2025-11-17,6a2d0493-0a21-11eb-8599-1c34dae33151,0.0
2025-11-03,6a482386-a598-11ef-ae7a-08c0eb320147,0.0
2025-11-10,6a482386-a598-11ef-ae7a-08c0eb320147,3.0
2025-11-17,6a482386-a598-11ef-ae7a-08c0eb320147,3.0
2025-11-03,6a53a2f1-f3e6-11ed-ae78-08c0eb320147,11.0
2025-11-10,6a53a2f1-f3e6-11ed-ae78-08c0eb320147,31.0
2025-11-17,6a53a2f1-f3e6-11ed-ae78-08c0eb320147,15.0
2025-11-03,6a78d831-effd-11ed-885e-08c0eb32014b,2.0
2025-11-10,6a78d831-effd-11ed-885e-08c0eb32014b,0.0
2025-11-17,6a78d831-effd-11ed-885e-08c0eb32014b,2.0
2025-11-03,6ac06982-3d77-11ed-885a-08c0eb32014b,0.0
2025-11-10,6ac06982-3d77-11ed-885a-08c0eb32014b,0.0
2025-11-17,6ac06982-3d77-11ed-885a-08c0eb32014b,0.0
2025-11-03,6ac6a429-abb1-11ed-b109-08c0eb31fffb,2.0
2025-11-10,6ac6a429-abb1-11ed-b109-08c0eb31fffb,4.0
2025-11-17,6ac6a429-abb1-11ed-b109-08c0eb31fffb,2.0
2025-11-03,6acbb93c-ab44-11ef-b973-08c0eb32008b,0.0
2025-11-10,6acbb93c-ab44-11ef-b973-08c0eb32008b,0.0
2025-11-17,6acbb93c-ab44-11ef-b973-08c0eb32008b,0.0
2025-11-03,6ae999ea-9450-11ee-b10b-08c0eb31fffb,2.0
2025-11-10,6ae999ea-9450-11ee-b10b-08c0eb31fffb,2.0
2025-11-17,6ae999ea-9450-11ee-b10b-08c0eb31fffb,2.0
2025-11-03,6b58065f-5e7d-11ed-b96e-08c0eb32008b,0.0
2025-11-10,6b58065f-5e7d-11ed-b96e-08c0eb32008b,6.0
2025-11-17,6b58065f-5e7d-11ed-b96e-08c0eb32008b,5.0
2025-11-03,6b613f0a-6bb8-11f0-a5cb-7cc255b74513,3.0
2025-11-10,6b613f0a-6bb8-11f0-a5cb-7cc255b74513,3.0
2025-11-17,6b613f0a-6bb8-11f0-a5cb-7cc255b74513,2.0
2025-11-03,6ba6faba-caae-11eb-85ac-1c34dae33151,0.0
2025-11-10,6ba6faba-caae-11eb-85ac-1c34dae33151,0.0
2025-11-17,6ba6faba-caae-11eb-85ac-1c34dae33151,0.0
2025-11-03,6ba92a46-2e3a-11eb-859a-1c34dae33151,2.0
2025-11-10,6ba92a46-2e3a-11eb-859a-1c34dae33151,1.0
2025-11-17,6ba92a46-2e3a-11eb-859a-1c34dae33151,0.0
2025-11-03,6bbe30f2-5c09-11ec-a0ee-ec0d9a21b021,1.0
2025-11-10,6bbe30f2-5c09-11ec-a0ee-ec0d9a21b021,3.0
2025-11-17,6bbe30f2-5c09-11ec-a0ee-ec0d9a21b021,2.0
2025-11-03,6bdbc011-1144-11f0-a5cb-7cc255b74513,1.0
2025-11-10,6bdbc011-1144-11f0-a5cb-7cc255b74513,3.0
2025-11-17,6bdbc011-1144-11f0-a5cb-7cc255b74513,1.0
2025-11-03,6bf04550-be04-11eb-85ab-1c34dae33151,2.0
2025-11-10,6bf04550-be04-11eb-85ab-1c34dae33151,4.0
2025-11-17,6bf04550-be04-11eb-85ab-1c34dae33151,3.0
2025-11-03,6c2eb130-75e4-11ea-95b9-0050560306e1,0.0
2025-11-10,6c2eb130-75e4-11ea-95b9-0050560306e1,0.0
2025-11-17,6c2eb130-75e4-11ea-95b9-0050560306e1,0.0
2025-11-03,6c4324d9-58f6-11ed-885b-08c0eb32014b,0.0
2025-11-10,6c4324d9-58f6-11ed-885b-08c0eb32014b,0.0
2025-11-17,6c4324d9-58f6-11ed-885b-08c0eb32014b,0.0
2025-11-03,6c43fe72-2fee-11ec-a0ee-ec0d9a21b021,0.0
2025-11-10,6c43fe72-2fee-11ec-a0ee-ec0d9a21b021,1.0
2025-11-17,6c43fe72-2fee-11ec-a0ee-ec0d9a21b021,4.0
2025-11-03,6c546afa-4d4a-11ec-a0ee-ec0d9a21b021,1.0
2025-11-10,6c546afa-4d4a-11ec-a0ee-ec0d9a21b021,2.0
2025-11-17,6c546afa-4d4a-11ec-a0ee-ec0d9a21b021,2.0
2025-11-03,6c6807b1-50ec-11ef-b973-08c0eb32008b,2.0
2025-11-10,6c6807b1-50ec-11ef-b973-08c0eb32008b,2.0
2025-11-17,6c6807b1-50ec-11ef-b973-08c0eb32008b,2.0
2025-11-03,6c683296-21d6-11f0-aa3c-be3af2b6059f,0.0
2025-11-10,6c683296-21d6-11f0-aa3c-be3af2b6059f,0.0
2025-11-17,6c683296-21d6-11f0-aa3c-be3af2b6059f,3.0
2025-11-03,6c9481dd-552a-11ed-b96e-08c0eb32008b,3.0
2025-11-10,6c9481dd-552a-11ed-b96e-08c0eb32008b,4.0
2025-11-17,6c9481dd-552a-11ed-b96e-08c0eb32008b,4.0
2025-11-03,6d01060a-6125-11ee-b10a-08c0eb31fffb,1.0
2025-11-10,6d01060a-6125-11ee-b10a-08c0eb31fffb,2.0
2025-11-17,6d01060a-6125-11ee-b10a-08c0eb31fffb,1.0
2025-11-03,6d318fd6-ea75-11e9-bca5-005056030656,1.0
2025-11-10,6d318fd6-ea75-11e9-bca5-005056030656,3.0
2025-11-17,6d318fd6-ea75-11e9-bca5-005056030656,4.0
2025-11-03,6d31f852-e3a3-11ef-a97a-be3af2b6059f,0.0
2025-11-10,6d31f852-e3a3-11ef-a97a-be3af2b6059f,2.0
2025-11-17,6d31f852-e3a3-11ef-a97a-be3af2b6059f,5.0
2025-11-03,6d40d6ef-6ec2-11ef-ae7a-08c0eb320147,10.0
2025-11-10,6d40d6ef-6ec2-11ef-ae7a-08c0eb320147,7.0
2025-11-17,6d40d6ef-6ec2-11ef-ae7a-08c0eb320147,2.0
2025-11-03,6d4b1227-8f52-11ee-b973-08c0eb32008b,0.0
2025-11-10,6d4b1227-8f52-11ee-b973-08c0eb32008b,4.0
2025-11-17,6d4b1227-8f52-11ee-b973-08c0eb32008b,0.0
2025-11-03,6d5ea37a-2b98-11ee-ae78-08c0eb320147,1.0
2025-11-10,6d5ea37a-2b98-11ee-ae78-08c0eb320147,10.0
2025-11-17,6d5ea37a-2b98-11ee-ae78-08c0eb320147,0.0
2025-11-03,6d8df5c1-fb58-11ee-8861-08c0eb32014b,3.0
2025-11-10,6d8df5c1-fb58-11ee-8861-08c0eb32014b,5.0
2025-11-17,6d8df5c1-fb58-11ee-8861-08c0eb32014b,4.0
2025-11-03,6d98b8fa-818e-11ef-b10b-08c0eb31fffb,3.0
2025-11-10,6d98b8fa-818e-11ef-b10b-08c0eb31fffb,3.0
2025-11-17,6d98b8fa-818e-11ef-b10b-08c0eb31fffb,3.0
2025-11-03,6dae6a04-7533-11ec-8856-08c0eb32014b,2.0
2025-11-10,6dae6a04-7533-11ec-8856-08c0eb32014b,0.0
2025-11-17,6dae6a04-7533-11ec-8856-08c0eb32014b,2.0
2025-11-03,6db2eb43-0c64-11eb-8599-1c34dae33151,3.0
2025-11-10,6db2eb43-0c64-11eb-8599-1c34dae33151,2.0
2025-11-17,6db2eb43-0c64-11eb-8599-1c34dae33151,1.0
2025-11-03,6dbab20e-7cbe-11ef-ae7a-08c0eb320147,5.0
2025-11-10,6dbab20e-7cbe-11ef-ae7a-08c0eb320147,4.0
2025-11-17,6dbab20e-7cbe-11ef-ae7a-08c0eb320147,6.0
2025-11-03,6dcecab8-d97c-11ef-aa23-be3af2b6059f,5.0
2025-11-10,6dcecab8-d97c-11ef-aa23-be3af2b6059f,9.0
2025-11-17,6dcecab8-d97c-11ef-aa23-be3af2b6059f,1.0
2025-11-03,6dd63ed7-8bd4-11ea-aff3-0050560306e1,2.0
2025-11-10,6dd63ed7-8bd4-11ea-aff3-0050560306e1,0.0
2025-11-17,6dd63ed7-8bd4-11ea-aff3-0050560306e1,0.0
2025-11-03,6df0ab0e-1123-11ef-ae7a-08c0eb320147,3.0
2025-11-10,6df0ab0e-1123-11ef-ae7a-08c0eb320147,5.0
2025-11-17,6df0ab0e-1123-11ef-ae7a-08c0eb320147,3.0
2025-11-03,6e0edee3-fc1e-11eb-a0ee-ec0d9a21b021,3.0
2025-11-10,6e0edee3-fc1e-11eb-a0ee-ec0d9a21b021,5.0
2025-11-17,6e0edee3-fc1e-11eb-a0ee-ec0d9a21b021,2.0
2025-11-03,6e1a9743-4607-11ec-85ad-1c34dae33151,2.0
2025-11-10,6e1a9743-4607-11ec-85ad-1c34dae33151,3.0
2025-11-17,6e1a9743-4607-11ec-85ad-1c34dae33151,2.0
2025-11-03,6e3cb955-8c9e-11eb-85a8-1c34dae33151,2.0
2025-11-10,6e3cb955-8c9e-11eb-85a8-1c34dae33151,3.0
2025-11-17,6e3cb955-8c9e-11eb-85a8-1c34dae33151,0.0
2025-11-03,6e536697-59b3-11ec-a0ee-ec0d9a21b021,4.0
2025-11-10,6e536697-59b3-11ec-a0ee-ec0d9a21b021,3.0
2025-11-17,6e536697-59b3-11ec-a0ee-ec0d9a21b021,6.0
2025-11-03,6e555205-92ac-11ed-885d-08c0eb32014b,3.0
2025-11-10,6e555205-92ac-11ed-885d-08c0eb32014b,3.0
2025-11-17,6e555205-92ac-11ed-885d-08c0eb32014b,2.0
2025-11-03,6e7211e6-9792-11eb-85a9-1c34dae33151,0.0
2025-11-10,6e7211e6-9792-11eb-85a9-1c34dae33151,2.0
2025-11-17,6e7211e6-9792-11eb-85a9-1c34dae33151,0.0
2025-11-03,6e7e3a9b-c412-11ee-b973-08c0eb32008b,5.0
2025-11-10,6e7e3a9b-c412-11ee-b973-08c0eb32008b,10.0
2025-11-17,6e7e3a9b-c412-11ee-b973-08c0eb32008b,4.0
2025-11-03,6e95f522-69c2-11ee-8860-08c0eb32014b,0.0
2025-11-10,6e95f522-69c2-11ee-8860-08c0eb32014b,2.0
2025-11-17,6e95f522-69c2-11ee-8860-08c0eb32014b,0.0
2025-11-03,6ebe6f03-9dd9-11ef-8861-08c0eb32014b,4.0
2025-11-10,6ebe6f03-9dd9-11ef-8861-08c0eb32014b,5.0
2025-11-17,6ebe6f03-9dd9-11ef-8861-08c0eb32014b,5.0
2025-11-03,6ee19ea1-4edd-11eb-85a3-1c34dae33151,0.0
2025-11-10,6ee19ea1-4edd-11eb-85a3-1c34dae33151,3.0
2025-11-17,6ee19ea1-4edd-11eb-85a3-1c34dae33151,0.0
2025-11-03,6ef4da7a-0b0c-11f0-a97c-be3af2b6059f,1.0
2025-11-10,6ef4da7a-0b0c-11f0-a97c-be3af2b6059f,0.0
2025-11-17,6ef4da7a-0b0c-11f0-a97c-be3af2b6059f,0.0
2025-11-03,6f0b8616-9d13-11eb-85a9-1c34dae33151,1.0
2025-11-10,6f0b8616-9d13-11eb-85a9-1c34dae33151,2.0
2025-11-17,6f0b8616-9d13-11eb-85a9-1c34dae33151,3.0
2025-11-03,6f2414a9-850c-11ed-885d-08c0eb32014b,2.0
2025-11-10,6f2414a9-850c-11ed-885d-08c0eb32014b,4.0
2025-11-17,6f2414a9-850c-11ed-885d-08c0eb32014b,3.0
2025-11-03,6f253ebe-be03-11eb-85ab-1c34dae33151,0.0
2025-11-10,6f253ebe-be03-11eb-85ab-1c34dae33151,0.0
2025-11-17,6f253ebe-be03-11eb-85ab-1c34dae33151,2.0
2025-11-03,6f4a672f-cf5d-11ee-8861-08c0eb32014b,0.0
2025-11-10,6f4a672f-cf5d-11ee-8861-08c0eb32014b,0.0
2025-11-17,6f4a672f-cf5d-11ee-8861-08c0eb32014b,0.0
2025-11-03,6f9be14b-fb48-11ef-9bb0-be3af2b6059f,2.0
2025-11-10,6f9be14b-fb48-11ef-9bb0-be3af2b6059f,5.0
2025-11-17,6f9be14b-fb48-11ef-9bb0-be3af2b6059f,2.0
2024-12-23,6fbdaa50-a8dc-11ef-b973-08c0eb32008b,1.0
2024-12-30,6fbdaa50-a8dc-11ef-b973-08c0eb32008b,4.0
2025-01-06,6fbdaa50-a8dc-11ef-b973-08c0eb32008b,7.0
2025-01-13,6fbdaa50-a8dc-11ef-b973-08c0eb32008b,1.0
2025-01-20,6fbdaa50-a8dc-11ef-b973-08c0eb32008b,0.0
2025-01-27,6fbdaa50-a8dc-11ef-b973-08c0eb32008b,0.0
2025-02-03,6fbdaa50-a8dc-11ef-b973-08c0eb32008b,0.0
2025-02-10,6fbdaa50-a8dc-11ef-b973-08c0eb32008b,0.0
2025-02-17,6fbdaa50-a8dc-11ef-b973-08c0eb32008b,0.0
2025-02-24,6fbdaa50-a8dc-11ef-b973-08c0eb32008b,0.0
2025-03-03,6fbdaa50-a8dc-11ef-b973-08c0eb32008b,0.0
2025-03-10,6fbdaa50-a8dc-11ef-b973-08c0eb32008b,0.0
2025-03-17,6fbdaa50-a8dc-11ef-b973-08c0eb32008b,0.0
2025-03-24,6fbdaa50-a8dc-11ef-b973-08c0eb32008b,0.0
2025-03-31,6fbdaa50-a8dc-11ef-b973-08c0eb32008b,1.0
2025-04-07,6fbdaa50-a8dc-11ef-b973-08c0eb32008b,0.0
2025-04-14,6fbdaa50-a8dc-11ef-b973-08c0eb32008b,2.0
2025-04-21,6fbdaa50-a8dc-11ef-b973-08c0eb32008b,1.0
2025-04-28,6fbdaa50-a8dc-11ef-b973-08c0eb32008b,0.0
2025-05-05,6fbdaa50-a8dc-11ef-b973-08c0eb32008b,0.0
2025-05-12,6fbdaa50-a8dc-11ef-b973-08c0eb32008b,0.0
2025-05-19,6fbdaa50-a8dc-11ef-b973-08c0eb32008b,0.0
2025-05-26,6fbdaa50-a8dc-11ef-b973-08c0eb32008b,1.0
2025-06-02,6fbdaa50-a8dc-11ef-b973-08c0eb32008b,0.0
2025-06-09,6fbdaa50-a8dc-11ef-b973-08c0eb32008b,0.0
2025-06-16,6fbdaa50-a8dc-11ef-b973-08c0eb32008b,0.0
2025-06-23,6fbdaa50-a8dc-11ef-b973-08c0eb32008b,0.0
2025-06-30,6fbdaa50-a8dc-11ef-b973-08c0eb32008b,2.0
2025-07-07,6fbdaa50-a8dc-11ef-b973-08c0eb32008b,1.0
2025-07-14,6fbdaa50-a8dc-11ef-b973-08c0eb32008b,0.0
2025-07-21,6fbdaa50-a8dc-11ef-b973-08c0eb32008b,0.0
2025-07-28,6fbdaa50-a8dc-11ef-b973-08c0eb32008b,1.0
2025-08-04,6fbdaa50-a8dc-11ef-b973-08c0eb32008b,0.0
2025-08-11,6fbdaa50-a8dc-11ef-b973-08c0eb32008b,0.0
2025-08-18,6fbdaa50-a8dc-11ef-b973-08c0eb32008b,0.0
2025-08-25,6fbdaa50-a8dc-11ef-b973-08c0eb32008b,0.0
2025-09-01,6fbdaa50-a8dc-11ef-b973-08c0eb32008b,0.0
2025-09-08,6fbdaa50-a8dc-11ef-b973-08c0eb32008b,1.0
2025-09-15,6fbdaa50-a8dc-11ef-b973-08c0eb32008b,1.0
2025-09-22,6fbdaa50-a8dc-11ef-b973-08c0eb32008b,1.0
2025-09-29,6fbdaa50-a8dc-11ef-b973-08c0eb32008b,5.0
2025-10-06,6fbdaa50-a8dc-11ef-b973-08c0eb32008b,3.0
2025-10-13,6fbdaa50-a8dc-11ef-b973-08c0eb32008b,1.0
2025-10-20,6fbdaa50-a8dc-11ef-b973-08c0eb32008b,1.0
2025-10-27,6fbdaa50-a8dc-11ef-b973-08c0eb32008b,0.0
2025-11-03,6fc49158-1e99-11ef-8861-08c0eb32014b,0.0
2025-11-10,6fc49158-1e99-11ef-8861-08c0eb32014b,2.0
2025-11-17,6fc49158-1e99-11ef-8861-08c0eb32014b,1.0
2025-11-03,6fc90933-4636-11ec-85ad-1c34dae33151,2.0
2025-11-10,6fc90933-4636-11ec-85ad-1c34dae33151,0.0
2025-11-17,6fc90933-4636-11ec-85ad-1c34dae33151,3.0
2025-11-03,6fe1478a-7098-11ed-b107-08c0eb31fffb,1.0
2025-11-10,6fe1478a-7098-11ed-b107-08c0eb31fffb,1.0
2025-11-17,6fe1478a-7098-11ed-b107-08c0eb31fffb,1.0
2025-11-03,7000d6ea-ec54-11ee-b10b-08c0eb31fffb,5.0
2025-11-10,7000d6ea-ec54-11ee-b10b-08c0eb31fffb,7.0
2025-11-17,7000d6ea-ec54-11ee-b10b-08c0eb31fffb,8.0
2025-11-03,700ac988-50e1-11ef-b973-08c0eb32008b,3.0
2025-11-10,700ac988-50e1-11ef-b973-08c0eb32008b,3.0
2025-11-17,700ac988-50e1-11ef-b973-08c0eb32008b,1.0
2025-11-03,7024d527-51c3-11ec-a0ee-ec0d9a21b021,6.0
2025-11-10,7024d527-51c3-11ec-a0ee-ec0d9a21b021,1.0
2025-11-17,7024d527-51c3-11ec-a0ee-ec0d9a21b021,1.0
2025-11-03,70279657-4629-11ec-a0ee-ec0d9a21b021,13.0
2025-11-10,70279657-4629-11ec-a0ee-ec0d9a21b021,11.0
2025-11-17,70279657-4629-11ec-a0ee-ec0d9a21b021,3.0
2025-11-03,703ab2eb-c269-11ed-b970-08c0eb32008b,4.0
2025-11-10,703ab2eb-c269-11ed-b970-08c0eb32008b,5.0
2025-11-17,703ab2eb-c269-11ed-b970-08c0eb32008b,5.0
2025-11-03,70456a6c-edb5-11ee-b10b-08c0eb31fffb,3.0
2025-11-10,70456a6c-edb5-11ee-b10b-08c0eb31fffb,3.0
2025-11-17,70456a6c-edb5-11ee-b10b-08c0eb31fffb,1.0
2025-11-03,707d2253-eab6-11ee-b973-08c0eb32008b,0.0
2025-11-10,707d2253-eab6-11ee-b973-08c0eb32008b,3.0
2025-11-17,707d2253-eab6-11ee-b973-08c0eb32008b,2.0
2025-11-03,708b888b-624f-11ec-b967-08c0eb32008b,2.0
2025-11-10,708b888b-624f-11ec-b967-08c0eb32008b,2.0
2025-11-17,708b888b-624f-11ec-b967-08c0eb32008b,0.0
2025-11-03,708e1769-33be-11ea-a07d-0050560306e1,14.0
2025-11-10,708e1769-33be-11ea-a07d-0050560306e1,15.0
2025-11-17,708e1769-33be-11ea-a07d-0050560306e1,18.0
2025-11-03,70a9e208-3202-11ee-b10a-08c0eb31fffb,0.0
2025-11-10,70a9e208-3202-11ee-b10a-08c0eb31fffb,1.0
2025-11-17,70a9e208-3202-11ee-b10a-08c0eb31fffb,2.0
2025-11-03,70cdaebd-abb9-11ed-b970-08c0eb32008b,0.0
2025-11-10,70cdaebd-abb9-11ed-b970-08c0eb32008b,0.0
2025-11-17,70cdaebd-abb9-11ed-b970-08c0eb32008b,0.0
2025-11-03,71115d75-71bd-11ed-b96e-08c0eb32008b,2.0
2025-11-10,71115d75-71bd-11ed-b96e-08c0eb32008b,2.0
2025-11-17,71115d75-71bd-11ed-b96e-08c0eb32008b,1.0
2025-11-03,7112b433-7195-11ed-885b-08c0eb32014b,2.0
2025-11-10,7112b433-7195-11ed-885b-08c0eb32014b,7.0
2025-11-17,7112b433-7195-11ed-885b-08c0eb32014b,5.0
2025-11-03,71190984-4b9f-11ec-85ad-1c34dae33151,1.0
2025-11-10,71190984-4b9f-11ec-85ad-1c34dae33151,0.0
2025-11-17,71190984-4b9f-11ec-85ad-1c34dae33151,0.0
2025-11-03,713bf651-80bc-11ef-b973-08c0eb32008b,0.0
2025-11-10,713bf651-80bc-11ef-b973-08c0eb32008b,1.0
2025-11-17,713bf651-80bc-11ef-b973-08c0eb32008b,0.0
2025-11-03,717cb914-c263-11ed-ae77-08c0eb320147,0.0
2025-11-10,717cb914-c263-11ed-ae77-08c0eb320147,1.0
2025-11-17,717cb914-c263-11ed-ae77-08c0eb320147,1.0
2025-11-03,7188c8ca-8f72-11ee-ae7a-08c0eb320147,2.0
2025-11-10,7188c8ca-8f72-11ee-ae7a-08c0eb320147,3.0
2025-11-17,7188c8ca-8f72-11ee-ae7a-08c0eb320147,0.0
2025-11-03,718b50ba-e979-11ed-885e-08c0eb32014b,2.0
2025-11-10,718b50ba-e979-11ed-885e-08c0eb32014b,0.0
2025-11-17,718b50ba-e979-11ed-885e-08c0eb32014b,2.0
2025-11-03,7190404c-f25d-11ee-b973-08c0eb32008b,2.0
2025-11-10,7190404c-f25d-11ee-b973-08c0eb32008b,1.0
2025-11-17,7190404c-f25d-11ee-b973-08c0eb32008b,2.0
2025-11-03,71a3c6ee-1120-11ef-ae7a-08c0eb320147,6.0
2025-11-10,71a3c6ee-1120-11ef-ae7a-08c0eb320147,2.0
2025-11-17,71a3c6ee-1120-11ef-ae7a-08c0eb320147,0.0
2025-11-03,71a72c94-b458-11ee-b10b-08c0eb31fffb,0.0
2025-11-10,71a72c94-b458-11ee-b10b-08c0eb31fffb,2.0
2025-11-17,71a72c94-b458-11ee-b10b-08c0eb31fffb,0.0
2025-11-03,71ad29ca-7114-11f0-9bb2-be3af2b6059f,10.0
2025-11-10,71ad29ca-7114-11f0-9bb2-be3af2b6059f,14.0
2025-11-17,71ad29ca-7114-11f0-9bb2-be3af2b6059f,1.0
2025-11-03,71c8f2df-f3de-11ed-ae78-08c0eb320147,6.0
2025-11-10,71c8f2df-f3de-11ed-ae78-08c0eb320147,3.0
2025-11-17,71c8f2df-f3de-11ed-ae78-08c0eb320147,3.0
2025-11-03,71d11a91-6400-11ed-b96e-08c0eb32008b,0.0
2025-11-10,71d11a91-6400-11ed-b96e-08c0eb32008b,1.0
2025-11-17,71d11a91-6400-11ed-b96e-08c0eb32008b,0.0
2025-11-03,7214ea6e-f1ca-11ea-8599-1c34dae33151,0.0
2025-11-10,7214ea6e-f1ca-11ea-8599-1c34dae33151,0.0
2025-11-17,7214ea6e-f1ca-11ea-8599-1c34dae33151,0.0
2025-11-03,7248dddf-0f7a-11ee-ae78-08c0eb320147,0.0
2025-11-10,7248dddf-0f7a-11ee-ae78-08c0eb320147,3.0
2025-11-17,7248dddf-0f7a-11ee-ae78-08c0eb320147,2.0
2025-11-03,726d0456-9d03-11ef-b973-08c0eb32008b,3.0
2025-11-10,726d0456-9d03-11ef-b973-08c0eb32008b,2.0
2025-11-17,726d0456-9d03-11ef-b973-08c0eb32008b,4.0
2025-11-03,7273f6f3-bb6d-11ee-b973-08c0eb32008b,0.0
2025-11-10,7273f6f3-bb6d-11ee-b973-08c0eb32008b,0.0
2025-11-17,7273f6f3-bb6d-11ee-b973-08c0eb32008b,0.0
2025-11-03,7282a7ab-50d3-11ef-b10b-08c0eb31fffb,0.0
2025-11-10,7282a7ab-50d3-11ef-b10b-08c0eb31fffb,0.0
2025-11-17,7282a7ab-50d3-11ef-b10b-08c0eb31fffb,0.0
2025-11-03,72a66eef-98f0-11ea-bc7d-0050560306e1,0.0
2025-11-10,72a66eef-98f0-11ea-bc7d-0050560306e1,0.0
2025-11-17,72a66eef-98f0-11ea-bc7d-0050560306e1,0.0
2025-11-03,72e26d2e-7fe1-11ef-b973-08c0eb32008b,0.0
2025-11-10,72e26d2e-7fe1-11ef-b973-08c0eb32008b,0.0
2025-11-17,72e26d2e-7fe1-11ef-b973-08c0eb32008b,5.0
2025-11-03,72e5e321-50d2-11ef-b10b-08c0eb31fffb,3.0
2025-11-10,72e5e321-50d2-11ef-b10b-08c0eb31fffb,3.0
2025-11-17,72e5e321-50d2-11ef-b10b-08c0eb31fffb,0.0
2025-11-03,72e787b6-a0d6-11ef-ae7a-08c0eb320147,1.0
2025-11-10,72e787b6-a0d6-11ef-ae7a-08c0eb320147,0.0
2025-11-17,72e787b6-a0d6-11ef-ae7a-08c0eb320147,4.0
2025-11-03,73647393-4edb-11eb-85a3-1c34dae33151,0.0
2025-11-10,73647393-4edb-11eb-85a3-1c34dae33151,0.0
2025-11-17,73647393-4edb-11eb-85a3-1c34dae33151,2.0
2025-11-03,73768788-f3ee-11ed-b971-08c0eb32008b,0.0
2025-11-10,73768788-f3ee-11ed-b971-08c0eb32008b,0.0
2025-11-17,73768788-f3ee-11ed-b971-08c0eb32008b,0.0
2025-11-03,7384ab19-a7c1-11ed-b970-08c0eb32008b,0.0
2025-11-10,7384ab19-a7c1-11ed-b970-08c0eb32008b,0.0
2025-11-17,7384ab19-a7c1-11ed-b970-08c0eb32008b,0.0
2025-11-03,7389cb2b-a946-11ea-9e08-0050560306e1,0.0
2025-11-10,7389cb2b-a946-11ea-9e08-0050560306e1,0.0
2025-11-17,7389cb2b-a946-11ea-9e08-0050560306e1,0.0
2025-11-03,73954175-9a59-11ee-b973-08c0eb32008b,0.0
2025-11-10,73954175-9a59-11ee-b973-08c0eb32008b,0.0
2025-11-17,73954175-9a59-11ee-b973-08c0eb32008b,1.0
2025-11-03,739ce1d2-3828-11ee-885f-08c0eb32014b,0.0
2025-11-10,739ce1d2-3828-11ee-885f-08c0eb32014b,0.0
2025-11-17,739ce1d2-3828-11ee-885f-08c0eb32014b,0.0
2025-11-03,73a1677f-539c-11ed-ae75-08c0eb320147,0.0
2025-11-10,73a1677f-539c-11ed-ae75-08c0eb320147,6.0
2025-11-17,73a1677f-539c-11ed-ae75-08c0eb320147,5.0
2025-11-03,73c95b0a-333a-11ed-b96c-08c0eb32008b,4.0
2025-11-10,73c95b0a-333a-11ed-b96c-08c0eb32008b,1.0
2025-11-17,73c95b0a-333a-11ed-b96c-08c0eb32008b,3.0
2025-11-03,73e7a8b0-9520-11ef-b973-08c0eb32008b,0.0
2025-11-10,73e7a8b0-9520-11ef-b973-08c0eb32008b,0.0
2025-11-17,73e7a8b0-9520-11ef-b973-08c0eb32008b,0.0
2025-11-03,73eb03c3-d839-11ed-ae77-08c0eb320147,2.0
2025-11-10,73eb03c3-d839-11ed-ae77-08c0eb320147,1.0
2025-11-17,73eb03c3-d839-11ed-ae77-08c0eb320147,2.0
2025-11-03,73f50131-82f9-11ee-b10b-08c0eb31fffb,1.0
2025-11-10,73f50131-82f9-11ee-b10b-08c0eb31fffb,6.0
2025-11-17,73f50131-82f9-11ee-b10b-08c0eb31fffb,7.0
2025-11-03,73fe44e4-ac76-11ed-ae77-08c0eb320147,4.0
2025-11-10,73fe44e4-ac76-11ed-ae77-08c0eb320147,1.0
2025-11-17,73fe44e4-ac76-11ed-ae77-08c0eb320147,2.0
2025-11-03,7410a1b0-f3f4-11ed-b971-08c0eb32008b,4.0
2025-11-10,7410a1b0-f3f4-11ed-b971-08c0eb32008b,3.0
2025-11-17,7410a1b0-f3f4-11ed-b971-08c0eb32008b,4.0
2025-11-03,742423db-fc1c-11eb-a0ee-ec0d9a21b021,0.0
2025-11-10,742423db-fc1c-11eb-a0ee-ec0d9a21b021,2.0
2025-11-17,742423db-fc1c-11eb-a0ee-ec0d9a21b021,1.0
2025-11-03,742729aa-ec79-11ec-8859-08c0eb32014b,5.0
2025-11-10,742729aa-ec79-11ec-8859-08c0eb32014b,6.0
2025-11-17,742729aa-ec79-11ec-8859-08c0eb32014b,4.0
2025-11-03,74442929-594e-11ee-b971-08c0eb32008b,5.0
2025-11-10,74442929-594e-11ee-b971-08c0eb32008b,3.0
2025-11-17,74442929-594e-11ee-b971-08c0eb32008b,5.0
2025-11-03,744aac39-58f6-11ec-a0ee-ec0d9a21b021,3.0
2025-11-10,744aac39-58f6-11ec-a0ee-ec0d9a21b021,3.0
2025-11-17,744aac39-58f6-11ec-a0ee-ec0d9a21b021,1.0
2025-11-03,7465be4c-788a-11ee-ae79-08c0eb320147,1.0
2025-11-10,7465be4c-788a-11ee-ae79-08c0eb320147,2.0
2025-11-17,7465be4c-788a-11ee-ae79-08c0eb320147,2.0
2025-11-03,74c81173-3acf-11f0-aa25-be3af2b6059f,2.0
2025-11-10,74c81173-3acf-11f0-aa25-be3af2b6059f,0.0
2025-11-17,74c81173-3acf-11f0-aa25-be3af2b6059f,0.0
2025-11-03,74cf76ce-33d1-11eb-859a-1c34dae33151,0.0
2025-11-10,74cf76ce-33d1-11eb-859a-1c34dae33151,0.0
2025-11-17,74cf76ce-33d1-11eb-859a-1c34dae33151,0.0
2025-11-03,74dcfb4a-d7bb-11ed-b970-08c0eb32008b,0.0
2025-11-10,74dcfb4a-d7bb-11ed-b970-08c0eb32008b,2.0
2025-11-17,74dcfb4a-d7bb-11ed-b970-08c0eb32008b,2.0
2025-11-03,74e9c8e1-862f-11ef-b10b-08c0eb31fffb,3.0
2025-11-10,74e9c8e1-862f-11ef-b10b-08c0eb31fffb,4.0
2025-11-17,74e9c8e1-862f-11ef-b10b-08c0eb31fffb,3.0
2025-11-03,75456f54-2ec0-11ed-ae72-08c0eb320147,4.0
2025-11-10,75456f54-2ec0-11ed-ae72-08c0eb320147,3.0
2025-11-17,75456f54-2ec0-11ed-ae72-08c0eb320147,4.0
2025-11-03,7547e9aa-5984-11eb-85a3-1c34dae33151,4.0
2025-11-10,7547e9aa-5984-11eb-85a3-1c34dae33151,2.0
2025-11-17,7547e9aa-5984-11eb-85a3-1c34dae33151,3.0
2025-11-03,7549304e-92af-11ed-b970-08c0eb32008b,0.0
2025-11-10,7549304e-92af-11ed-b970-08c0eb32008b,2.0
2025-11-17,7549304e-92af-11ed-b970-08c0eb32008b,3.0
2025-11-03,7570517d-c26f-11ed-ae77-08c0eb320147,3.0
2025-11-10,7570517d-c26f-11ed-ae77-08c0eb320147,6.0
2025-11-17,7570517d-c26f-11ed-ae77-08c0eb320147,3.0
2025-11-03,75746ac9-3894-11eb-859a-1c34dae33151,0.0
2025-11-10,75746ac9-3894-11eb-859a-1c34dae33151,4.0
2025-11-17,75746ac9-3894-11eb-859a-1c34dae33151,5.0
2025-11-03,75843b61-71bc-11ed-b96e-08c0eb32008b,10.0
2025-11-10,75843b61-71bc-11ed-b96e-08c0eb32008b,11.0
2025-11-03,75ac6c81-8bd6-11ea-aff3-0050560306e1,1.0
2025-11-10,75ac6c81-8bd6-11ea-aff3-0050560306e1,0.0
2025-11-17,75ac6c81-8bd6-11ea-aff3-0050560306e1,0.0
2025-11-03,75b9920d-4086-11ec-a0ee-ec0d9a21b021,0.0
2025-11-10,75b9920d-4086-11ec-a0ee-ec0d9a21b021,3.0
2025-11-17,75b9920d-4086-11ec-a0ee-ec0d9a21b021,1.0
2025-11-03,75ba30bf-0f6f-11ee-885e-08c0eb32014b,1.0
2025-11-10,75ba30bf-0f6f-11ee-885e-08c0eb32014b,1.0
2025-11-17,75ba30bf-0f6f-11ee-885e-08c0eb32014b,0.0
2025-11-03,75c3b21e-7ed9-11ee-ae7a-08c0eb320147,0.0
2025-11-10,75c3b21e-7ed9-11ee-ae7a-08c0eb320147,2.0
2025-11-17,75c3b21e-7ed9-11ee-ae7a-08c0eb320147,2.0
2025-11-03,75caa9fa-63c6-11f0-aa25-be3af2b6059f,3.0
2025-11-10,75caa9fa-63c6-11f0-aa25-be3af2b6059f,3.0
2025-11-17,75caa9fa-63c6-11f0-aa25-be3af2b6059f,5.0
2025-11-03,75ffa80a-50e5-11ef-b10b-08c0eb31fffb,0.0
2025-11-10,75ffa80a-50e5-11ef-b10b-08c0eb31fffb,5.0
2025-11-17,75ffa80a-50e5-11ef-b10b-08c0eb31fffb,0.0
2025-11-03,76072818-3fff-11ee-885f-08c0eb32014b,3.0
2025-11-10,76072818-3fff-11ee-885f-08c0eb32014b,1.0
2025-11-17,76072818-3fff-11ee-885f-08c0eb32014b,0.0
2025-11-03,760dab76-1068-11f0-aa25-be3af2b6059f,2.0
2025-11-10,760dab76-1068-11f0-aa25-be3af2b6059f,1.0
2025-11-17,760dab76-1068-11f0-aa25-be3af2b6059f,2.0
2025-11-03,7645eb60-f3e0-11ed-885e-08c0eb32014b,0.0
2025-11-10,7645eb60-f3e0-11ed-885e-08c0eb32014b,0.0
2025-11-17,7645eb60-f3e0-11ed-885e-08c0eb32014b,0.0
2025-11-03,7649422b-eba5-11ea-8599-1c34dae33151,0.0
2025-11-10,7649422b-eba5-11ea-8599-1c34dae33151,0.0
2025-11-17,7649422b-eba5-11ea-8599-1c34dae33151,0.0
2025-11-03,7659bad0-7d51-11ee-ae7a-08c0eb320147,0.0
2025-11-10,7659bad0-7d51-11ee-ae7a-08c0eb320147,0.0
2025-11-17,7659bad0-7d51-11ee-ae7a-08c0eb320147,0.0
2025-11-03,767a23ae-7a13-11ec-b0fc-08c0eb31fffb,0.0
2025-11-10,767a23ae-7a13-11ec-b0fc-08c0eb31fffb,3.0
2025-11-17,767a23ae-7a13-11ec-b0fc-08c0eb31fffb,4.0
2025-11-03,7685373c-7d20-11ed-b970-08c0eb32008b,1.0
2025-11-10,7685373c-7d20-11ed-b970-08c0eb32008b,1.0
2025-11-17,7685373c-7d20-11ed-b970-08c0eb32008b,1.0
2025-11-03,76944a5f-4e86-11ef-8861-08c0eb32014b,1.0
2025-11-10,76944a5f-4e86-11ef-8861-08c0eb32014b,1.0
2025-11-17,76944a5f-4e86-11ef-8861-08c0eb32014b,0.0
2025-11-03,76a9e08f-6176-11ec-b0fc-08c0eb31fffb,8.0
2025-11-10,76a9e08f-6176-11ec-b0fc-08c0eb31fffb,7.0
2025-11-17,76a9e08f-6176-11ec-b0fc-08c0eb31fffb,7.0
2025-11-03,76dcf7bd-645e-11ee-8860-08c0eb32014b,0.0
2025-11-10,76dcf7bd-645e-11ee-8860-08c0eb32014b,0.0
2025-11-17,76dcf7bd-645e-11ee-8860-08c0eb32014b,0.0
2025-11-03,76f54f0c-c236-11ec-ae71-08c0eb320147,3.0
2025-11-10,76f54f0c-c236-11ec-ae71-08c0eb320147,3.0
2025-11-17,76f54f0c-c236-11ec-ae71-08c0eb320147,5.0
2025-11-03,7723c86e-d7b1-11ed-b970-08c0eb32008b,5.0
2025-11-10,7723c86e-d7b1-11ed-b970-08c0eb32008b,5.0
2025-11-17,7723c86e-d7b1-11ed-b970-08c0eb32008b,4.0
2025-11-03,77369d1a-31bd-11ec-a0ee-ec0d9a21b021,6.0
2025-11-10,77369d1a-31bd-11ec-a0ee-ec0d9a21b021,1.0
2025-11-17,77369d1a-31bd-11ec-a0ee-ec0d9a21b021,0.0
2025-11-03,7748900d-92b5-11ed-ae77-08c0eb320147,0.0
2025-11-10,7748900d-92b5-11ed-ae77-08c0eb320147,0.0
2025-11-17,7748900d-92b5-11ed-ae77-08c0eb320147,3.0
2025-11-03,7781f81f-7c00-11eb-85a3-1c34dae33151,2.0
2025-11-10,7781f81f-7c00-11eb-85a3-1c34dae33151,3.0
2025-11-17,7781f81f-7c00-11eb-85a3-1c34dae33151,4.0
2025-11-03,77b62a0a-d3f3-11ef-a97a-be3af2b6059f,0.0
2025-11-10,77b62a0a-d3f3-11ef-a97a-be3af2b6059f,0.0
2025-11-17,77b62a0a-d3f3-11ef-a97a-be3af2b6059f,0.0
2025-11-03,77bfa9b8-1b18-11ee-b10a-08c0eb31fffb,0.0
2025-11-10,77bfa9b8-1b18-11ee-b10a-08c0eb31fffb,0.0
2025-11-17,77bfa9b8-1b18-11ee-b10a-08c0eb31fffb,0.0
2025-11-03,77c8c6bf-5b8f-11ed-885b-08c0eb32014b,2.0
2025-11-10,77c8c6bf-5b8f-11ed-885b-08c0eb32014b,2.0
2025-11-17,77c8c6bf-5b8f-11ed-885b-08c0eb32014b,3.0
2025-11-03,78280bf4-8c10-11eb-85a8-1c34dae33151,0.0
2025-11-10,78280bf4-8c10-11eb-85a8-1c34dae33151,0.0
2025-11-17,78280bf4-8c10-11eb-85a8-1c34dae33151,0.0
2025-11-03,782f6a24-d0ca-11ee-8861-08c0eb32014b,0.0
2025-11-10,782f6a24-d0ca-11ee-8861-08c0eb32014b,1.0
2025-11-17,782f6a24-d0ca-11ee-8861-08c0eb32014b,0.0
2025-11-03,7860d9c7-175d-11ef-b973-08c0eb32008b,5.0
2025-11-10,7860d9c7-175d-11ef-b973-08c0eb32008b,5.0
2025-11-17,7860d9c7-175d-11ef-b973-08c0eb32008b,5.0
2025-11-03,78962b62-569b-11ec-a0ee-ec0d9a21b021,0.0
2025-11-10,78962b62-569b-11ec-a0ee-ec0d9a21b021,5.0
2025-11-17,78962b62-569b-11ec-a0ee-ec0d9a21b021,4.0
2025-11-03,78f8935e-3759-11ee-b10a-08c0eb31fffb,1.0
2025-11-10,78f8935e-3759-11ee-b10a-08c0eb31fffb,2.0
2025-11-17,78f8935e-3759-11ee-b10a-08c0eb31fffb,6.0
2025-11-03,78fad88a-04a2-11ef-8861-08c0eb32014b,2.0
2025-11-10,78fad88a-04a2-11ef-8861-08c0eb32014b,5.0
2025-11-17,78fad88a-04a2-11ef-8861-08c0eb32014b,4.0
2025-11-03,790dc5e7-92b8-11ed-ae77-08c0eb320147,1.0
2025-11-10,790dc5e7-92b8-11ed-ae77-08c0eb320147,1.0
2025-11-17,790dc5e7-92b8-11ed-ae77-08c0eb320147,1.0
2025-11-03,791e7379-50ee-11ef-b973-08c0eb32008b,6.0
2025-11-10,791e7379-50ee-11ef-b973-08c0eb32008b,7.0
2025-11-17,791e7379-50ee-11ef-b973-08c0eb32008b,4.0
2025-11-03,793a851b-8722-11f0-aa25-be3af2b6059f,12.0
2025-11-10,793a851b-8722-11f0-aa25-be3af2b6059f,4.0
2025-11-17,793a851b-8722-11f0-aa25-be3af2b6059f,2.0
2025-11-03,795bb6dc-77b1-11ed-b107-08c0eb31fffb,5.0
2025-11-10,795bb6dc-77b1-11ed-b107-08c0eb31fffb,3.0
2025-11-17,795bb6dc-77b1-11ed-b107-08c0eb31fffb,5.0
2025-11-03,7964549c-ef77-11ef-a5c9-7cc255b74513,2.0
2025-11-10,7964549c-ef77-11ef-a5c9-7cc255b74513,2.0
2025-11-17,7964549c-ef77-11ef-a5c9-7cc255b74513,0.0
2025-11-03,79809f05-e867-11ef-aa3a-be3af2b6059f,2.0
2025-11-10,79809f05-e867-11ef-aa3a-be3af2b6059f,3.0
2025-11-17,79809f05-e867-11ef-aa3a-be3af2b6059f,1.0
2025-11-03,79934ae3-e082-11ee-b973-08c0eb32008b,2.0
2025-11-10,79934ae3-e082-11ee-b973-08c0eb32008b,2.0
2025-11-17,79934ae3-e082-11ee-b973-08c0eb32008b,3.0
2025-11-03,79a4628a-92b7-11ed-ae77-08c0eb320147,0.0
2025-11-10,79a4628a-92b7-11ed-ae77-08c0eb320147,0.0
2025-11-17,79a4628a-92b7-11ed-ae77-08c0eb320147,0.0
2025-11-03,79a78a71-39af-11ed-b96c-08c0eb32008b,6.0
2025-11-10,79a78a71-39af-11ed-b96c-08c0eb32008b,7.0
2025-11-17,79a78a71-39af-11ed-b96c-08c0eb32008b,6.0
2024-12-16,79b89c46-9cff-11ef-b973-08c0eb32008b,2.0
2024-12-23,79b89c46-9cff-11ef-b973-08c0eb32008b,6.0
2024-12-30,79b89c46-9cff-11ef-b973-08c0eb32008b,8.0
2025-01-06,79b89c46-9cff-11ef-b973-08c0eb32008b,5.0
2025-01-13,79b89c46-9cff-11ef-b973-08c0eb32008b,7.0
2025-01-20,79b89c46-9cff-11ef-b973-08c0eb32008b,2.0
2025-01-27,79b89c46-9cff-11ef-b973-08c0eb32008b,3.0
2025-02-03,79b89c46-9cff-11ef-b973-08c0eb32008b,2.0
2025-02-10,79b89c46-9cff-11ef-b973-08c0eb32008b,10.0
2025-02-17,79b89c46-9cff-11ef-b973-08c0eb32008b,7.0
2025-02-24,79b89c46-9cff-11ef-b973-08c0eb32008b,3.0
2025-03-03,79b89c46-9cff-11ef-b973-08c0eb32008b,1.0
2025-03-10,79b89c46-9cff-11ef-b973-08c0eb32008b,5.0
2025-03-17,79b89c46-9cff-11ef-b973-08c0eb32008b,0.0
2025-03-24,79b89c46-9cff-11ef-b973-08c0eb32008b,3.0
2025-03-31,79b89c46-9cff-11ef-b973-08c0eb32008b,3.0
2025-04-07,79b89c46-9cff-11ef-b973-08c0eb32008b,5.0
2025-04-14,79b89c46-9cff-11ef-b973-08c0eb32008b,4.0
2025-04-21,79b89c46-9cff-11ef-b973-08c0eb32008b,3.0
2025-04-28,79b89c46-9cff-11ef-b973-08c0eb32008b,1.0
2025-05-05,79b89c46-9cff-11ef-b973-08c0eb32008b,1.0
2025-05-12,79b89c46-9cff-11ef-b973-08c0eb32008b,3.0
2025-05-19,79b89c46-9cff-11ef-b973-08c0eb32008b,5.0
2025-05-26,79b89c46-9cff-11ef-b973-08c0eb32008b,3.0
2025-06-02,79b89c46-9cff-11ef-b973-08c0eb32008b,2.0
2025-06-09,79b89c46-9cff-11ef-b973-08c0eb32008b,5.0
2025-06-16,79b89c46-9cff-11ef-b973-08c0eb32008b,1.0
2025-06-23,79b89c46-9cff-11ef-b973-08c0eb32008b,2.0
2025-06-30,79b89c46-9cff-11ef-b973-08c0eb32008b,1.0
2025-07-07,79b89c46-9cff-11ef-b973-08c0eb32008b,3.0
2025-07-14,79b89c46-9cff-11ef-b973-08c0eb32008b,0.0
2025-07-21,79b89c46-9cff-11ef-b973-08c0eb32008b,1.0
2025-07-28,79b89c46-9cff-11ef-b973-08c0eb32008b,0.0
2025-08-04,79b89c46-9cff-11ef-b973-08c0eb32008b,2.0
2025-08-11,79b89c46-9cff-11ef-b973-08c0eb32008b,4.0
2025-08-18,79b89c46-9cff-11ef-b973-08c0eb32008b,5.0
2025-08-25,79b89c46-9cff-11ef-b973-08c0eb32008b,5.0
2025-09-01,79b89c46-9cff-11ef-b973-08c0eb32008b,2.0
2025-09-08,79b89c46-9cff-11ef-b973-08c0eb32008b,3.0
2025-09-15,79b89c46-9cff-11ef-b973-08c0eb32008b,15.0
2025-09-22,79b89c46-9cff-11ef-b973-08c0eb32008b,4.0
2025-09-29,79b89c46-9cff-11ef-b973-08c0eb32008b,7.0
2025-10-06,79b89c46-9cff-11ef-b973-08c0eb32008b,5.0
2025-10-13,79b89c46-9cff-11ef-b973-08c0eb32008b,0.0
2025-10-20,79b89c46-9cff-11ef-b973-08c0eb32008b,8.0
2025-10-27,79b89c46-9cff-11ef-b973-08c0eb32008b,3.0
2025-11-03,79bdee9d-acc9-11eb-85ab-1c34dae33151,2.0
2025-11-10,79bdee9d-acc9-11eb-85ab-1c34dae33151,0.0
2025-11-17,79bdee9d-acc9-11eb-85ab-1c34dae33151,3.0
2025-11-03,79cbaccb-820b-11ed-885d-08c0eb32014b,1.0
2025-11-10,79cbaccb-820b-11ed-885d-08c0eb32014b,0.0
2025-11-17,79cbaccb-820b-11ed-885d-08c0eb32014b,2.0
2025-11-03,79e54552-e09e-11ea-8599-1c34dae33151,9.0
2025-11-10,79e54552-e09e-11ea-8599-1c34dae33151,4.0
2025-11-17,79e54552-e09e-11ea-8599-1c34dae33151,0.0
2025-11-03,7a04fe35-21b4-11ef-8861-08c0eb32014b,3.0
2025-11-10,7a04fe35-21b4-11ef-8861-08c0eb32014b,1.0
2025-11-17,7a04fe35-21b4-11ef-8861-08c0eb32014b,2.0
2025-11-03,7a1b5a15-ed25-11ee-b10b-08c0eb31fffb,0.0
2025-11-10,7a1b5a15-ed25-11ee-b10b-08c0eb31fffb,0.0
2025-11-17,7a1b5a15-ed25-11ee-b10b-08c0eb31fffb,0.0
2025-11-03,7a4d534b-5983-11eb-85a3-1c34dae33151,2.0
2025-11-10,7a4d534b-5983-11eb-85a3-1c34dae33151,2.0
2025-11-17,7a4d534b-5983-11eb-85a3-1c34dae33151,1.0
2025-11-03,7a57f358-d7b6-11ed-b970-08c0eb32008b,2.0
2025-11-10,7a57f358-d7b6-11ed-b970-08c0eb32008b,2.0
2025-11-17,7a57f358-d7b6-11ed-b970-08c0eb32008b,2.0
2025-11-03,7a67c05b-f389-11eb-a0ee-ec0d9a21b021,3.0
2025-11-10,7a67c05b-f389-11eb-a0ee-ec0d9a21b021,3.0
2025-11-17,7a67c05b-f389-11eb-a0ee-ec0d9a21b021,5.0
2025-11-03,7a891b05-7307-11ee-ae79-08c0eb320147,0.0
2025-11-10,7a891b05-7307-11ee-ae79-08c0eb320147,0.0
2025-11-17,7a891b05-7307-11ee-ae79-08c0eb320147,1.0
2025-11-03,7a903f1e-cb39-11ee-b973-08c0eb32008b,0.0
2025-11-10,7a903f1e-cb39-11ee-b973-08c0eb32008b,1.0
2025-11-17,7a903f1e-cb39-11ee-b973-08c0eb32008b,3.0
2025-11-03,7ac063c4-3cac-11ec-85ad-1c34dae33151,2.0
2025-11-10,7ac063c4-3cac-11ec-85ad-1c34dae33151,1.0
2025-11-17,7ac063c4-3cac-11ec-85ad-1c34dae33151,5.0
2025-11-03,7ad50d37-03db-11f0-a97a-be3af2b6059f,0.0
2025-11-10,7ad50d37-03db-11f0-a97a-be3af2b6059f,1.0
2025-11-17,7ad50d37-03db-11f0-a97a-be3af2b6059f,0.0
2025-11-03,7aea150f-e789-11ee-b973-08c0eb32008b,3.0
2025-11-10,7aea150f-e789-11ee-b973-08c0eb32008b,3.0
2025-11-17,7aea150f-e789-11ee-b973-08c0eb32008b,2.0
2025-11-03,7aed17fe-bab2-11ee-b973-08c0eb32008b,1.0
2025-11-10,7aed17fe-bab2-11ee-b973-08c0eb32008b,7.0
2025-11-17,7aed17fe-bab2-11ee-b973-08c0eb32008b,0.0
2025-11-03,7afba4e2-43b0-11ec-a0ee-ec0d9a21b021,4.0
2025-11-10,7afba4e2-43b0-11ec-a0ee-ec0d9a21b021,5.0
2025-11-17,7afba4e2-43b0-11ec-a0ee-ec0d9a21b021,6.0
2025-11-03,7b02b186-1cf6-11ea-8d70-0050560306e1,1.0
2025-11-10,7b02b186-1cf6-11ea-8d70-0050560306e1,0.0
2025-11-17,7b02b186-1cf6-11ea-8d70-0050560306e1,1.0
2025-11-03,7b0e093e-7535-11ed-885b-08c0eb32014b,1.0
2025-11-10,7b0e093e-7535-11ed-885b-08c0eb32014b,2.0
2025-11-17,7b0e093e-7535-11ed-885b-08c0eb32014b,0.0
2025-11-03,7b0ec95f-2e38-11ef-b973-08c0eb32008b,3.0
2025-11-10,7b0ec95f-2e38-11ef-b973-08c0eb32008b,1.0
2025-11-17,7b0ec95f-2e38-11ef-b973-08c0eb32008b,3.0
2025-11-03,7b7a708c-772d-11ee-8860-08c0eb32014b,1.0
2025-11-10,7b7a708c-772d-11ee-8860-08c0eb32014b,0.0
2025-11-17,7b7a708c-772d-11ee-8860-08c0eb32014b,0.0
2025-11-03,7b88ffdf-066a-11ed-885a-08c0eb32014b,2.0
2025-11-10,7b88ffdf-066a-11ed-885a-08c0eb32014b,5.0
2025-11-17,7b88ffdf-066a-11ed-885a-08c0eb32014b,2.0
2025-11-03,7bcb392e-5be7-11ef-b10b-08c0eb31fffb,0.0
2025-11-10,7bcb392e-5be7-11ef-b10b-08c0eb31fffb,0.0
2025-11-17,7bcb392e-5be7-11ef-b10b-08c0eb31fffb,1.0
2025-11-03,7be1753e-b686-11ed-ae77-08c0eb320147,2.0
2025-11-10,7be1753e-b686-11ed-ae77-08c0eb320147,3.0
2025-11-17,7be1753e-b686-11ed-ae77-08c0eb320147,6.0
2025-11-03,7bf245fa-585d-11ee-b971-08c0eb32008b,0.0
2025-11-10,7bf245fa-585d-11ee-b971-08c0eb32008b,1.0
2025-11-17,7bf245fa-585d-11ee-b971-08c0eb32008b,0.0
2025-11-03,7c158188-0c48-11ef-b973-08c0eb32008b,1.0
2025-11-10,7c158188-0c48-11ef-b973-08c0eb32008b,2.0
2025-11-17,7c158188-0c48-11ef-b973-08c0eb32008b,0.0
2025-11-03,7c285447-9a53-11ec-ae6d-08c0eb320147,4.0
2025-11-10,7c285447-9a53-11ec-ae6d-08c0eb320147,2.0
2025-11-17,7c285447-9a53-11ec-ae6d-08c0eb320147,4.0
2025-11-03,7c3b2812-05f3-11ee-ae78-08c0eb320147,2.0
2025-11-10,7c3b2812-05f3-11ee-ae78-08c0eb320147,6.0
2025-11-17,7c3b2812-05f3-11ee-ae78-08c0eb320147,5.0
2025-11-03,7c593170-8261-11ec-b0fc-08c0eb31fffb,0.0
2025-11-10,7c593170-8261-11ec-b0fc-08c0eb31fffb,0.0
2025-11-17,7c593170-8261-11ec-b0fc-08c0eb31fffb,0.0
2025-11-03,7c6bc06a-f819-11ee-ae7a-08c0eb320147,5.0
2025-11-10,7c6bc06a-f819-11ee-ae7a-08c0eb320147,5.0
2025-11-17,7c6bc06a-f819-11ee-ae7a-08c0eb320147,6.0
2025-11-03,7c75245a-66f8-11ec-b967-08c0eb32008b,0.0
2025-11-10,7c75245a-66f8-11ec-b967-08c0eb32008b,0.0
2025-11-17,7c75245a-66f8-11ec-b967-08c0eb32008b,0.0
2025-11-03,7c82f491-70c3-11ed-885b-08c0eb32014b,0.0
2025-11-10,7c82f491-70c3-11ed-885b-08c0eb32014b,1.0
2025-11-17,7c82f491-70c3-11ed-885b-08c0eb32014b,0.0
2025-11-03,7c92da73-af2d-11ea-b969-0050560306e1,5.0
2025-11-10,7c92da73-af2d-11ea-b969-0050560306e1,2.0
2025-11-17,7c92da73-af2d-11ea-b969-0050560306e1,4.0
2025-11-03,7ca3e95c-52a4-11ec-85ad-1c34dae33151,2.0
2025-11-10,7ca3e95c-52a4-11ec-85ad-1c34dae33151,3.0
2025-11-17,7ca3e95c-52a4-11ec-85ad-1c34dae33151,1.0
2025-11-03,7cb35637-6cb8-11ed-b107-08c0eb31fffb,3.0
2025-11-10,7cb35637-6cb8-11ed-b107-08c0eb31fffb,2.0
2025-11-17,7cb35637-6cb8-11ed-b107-08c0eb31fffb,1.0
2025-11-03,7cba79fd-a281-11ef-8861-08c0eb32014b,1.0
2025-11-10,7cba79fd-a281-11ef-8861-08c0eb32014b,0.0
2025-11-17,7cba79fd-a281-11ef-8861-08c0eb32014b,2.0
2025-11-03,7cc79422-462a-11ec-a0ee-ec0d9a21b021,1.0
2025-11-10,7cc79422-462a-11ec-a0ee-ec0d9a21b021,0.0
2025-11-17,7cc79422-462a-11ec-a0ee-ec0d9a21b021,0.0
2025-11-03,7cdc3bfc-5f2b-11ec-ae6d-08c0eb320147,0.0
2025-11-10,7cdc3bfc-5f2b-11ec-ae6d-08c0eb320147,2.0
2025-11-17,7cdc3bfc-5f2b-11ec-ae6d-08c0eb320147,0.0
2025-11-03,7ce10e91-ec33-11ea-8599-1c34dae33151,0.0
2025-11-10,7ce10e91-ec33-11ea-8599-1c34dae33151,2.0
2025-11-17,7ce10e91-ec33-11ea-8599-1c34dae33151,0.0
2025-11-03,7cf371e4-2204-11ed-b96c-08c0eb32008b,2.0
2025-11-10,7cf371e4-2204-11ed-b96c-08c0eb32008b,5.0
2025-11-17,7cf371e4-2204-11ed-b96c-08c0eb32008b,2.0
2025-11-03,7d001600-1ac4-11ec-85ad-1c34dae33151,1.0
2025-11-10,7d001600-1ac4-11ec-85ad-1c34dae33151,1.0
2025-11-17,7d001600-1ac4-11ec-85ad-1c34dae33151,5.0
2025-11-03,7d163c3e-df7e-11ee-b10b-08c0eb31fffb,1.0
2025-11-10,7d163c3e-df7e-11ee-b10b-08c0eb31fffb,4.0
2025-11-17,7d163c3e-df7e-11ee-b10b-08c0eb31fffb,5.0
2025-11-03,7d1effab-7d34-11ec-ae6d-08c0eb320147,0.0
2025-11-10,7d1effab-7d34-11ec-ae6d-08c0eb320147,1.0
2025-11-17,7d1effab-7d34-11ec-ae6d-08c0eb320147,0.0
2025-11-03,7d5640e7-b173-11ea-b969-0050560306e1,4.0
2025-11-10,7d5640e7-b173-11ea-b969-0050560306e1,5.0
2025-11-17,7d5640e7-b173-11ea-b969-0050560306e1,4.0
2025-11-03,7d5ca842-7ad2-11eb-85a3-1c34dae33151,2.0
2025-11-10,7d5ca842-7ad2-11eb-85a3-1c34dae33151,1.0
2025-11-17,7d5ca842-7ad2-11eb-85a3-1c34dae33151,0.0
2025-11-03,7d5ed627-92a8-11ed-b109-08c0eb31fffb,1.0
2025-11-10,7d5ed627-92a8-11ed-b109-08c0eb31fffb,3.0
2025-11-17,7d5ed627-92a8-11ed-b109-08c0eb31fffb,1.0
2025-11-03,7d6a2d8b-7777-11eb-85a3-1c34dae33151,3.0
2025-11-10,7d6a2d8b-7777-11eb-85a3-1c34dae33151,2.0
2025-11-17,7d6a2d8b-7777-11eb-85a3-1c34dae33151,1.0
2025-11-03,7d6aafad-b7d1-11eb-85ab-1c34dae33151,3.0
2025-11-10,7d6aafad-b7d1-11eb-85ab-1c34dae33151,8.0
2025-11-17,7d6aafad-b7d1-11eb-85ab-1c34dae33151,8.0
2025-11-03,7d9e1bf1-e541-11ef-a97a-be3af2b6059f,0.0
2025-11-10,7d9e1bf1-e541-11ef-a97a-be3af2b6059f,3.0
2025-11-17,7d9e1bf1-e541-11ef-a97a-be3af2b6059f,0.0
2025-11-03,7db3a732-d7a0-11ee-b973-08c0eb32008b,1.0
2025-11-10,7db3a732-d7a0-11ee-b973-08c0eb32008b,1.0
2025-11-17,7db3a732-d7a0-11ee-b973-08c0eb32008b,4.0
2025-11-03,7e44e7d4-ecc3-11ec-ae71-08c0eb320147,0.0
2025-11-10,7e44e7d4-ecc3-11ec-ae71-08c0eb320147,0.0
2025-11-17,7e44e7d4-ecc3-11ec-ae71-08c0eb320147,0.0
2025-11-03,7e9e5231-a1cd-11ef-b973-08c0eb32008b,0.0
2025-11-10,7e9e5231-a1cd-11ef-b973-08c0eb32008b,0.0
2025-11-17,7e9e5231-a1cd-11ef-b973-08c0eb32008b,0.0
2025-11-03,7ec60027-e084-11ee-b973-08c0eb32008b,1.0
2025-11-10,7ec60027-e084-11ee-b973-08c0eb32008b,0.0
2025-11-17,7ec60027-e084-11ee-b973-08c0eb32008b,4.0
2025-11-03,7ecdeb48-71be-11ed-b96e-08c0eb32008b,1.0
2025-11-10,7ecdeb48-71be-11ed-b96e-08c0eb32008b,0.0
2025-11-17,7ecdeb48-71be-11ed-b96e-08c0eb32008b,0.0
2025-11-03,7ed4cef2-1f32-11ef-b973-08c0eb32008b,6.0
2025-11-10,7ed4cef2-1f32-11ef-b973-08c0eb32008b,6.0
2025-11-17,7ed4cef2-1f32-11ef-b973-08c0eb32008b,5.0
2025-11-03,7f13af88-4ac7-11ed-885a-08c0eb32014b,0.0
2025-11-10,7f13af88-4ac7-11ed-885a-08c0eb32014b,0.0
2025-11-17,7f13af88-4ac7-11ed-885a-08c0eb32014b,0.0
2025-11-03,7f60f288-3a0d-11f0-9bb2-be3af2b6059f,0.0
2025-11-10,7f60f288-3a0d-11f0-9bb2-be3af2b6059f,0.0
2025-11-17,7f60f288-3a0d-11f0-9bb2-be3af2b6059f,0.0
2025-11-03,7f74a07c-124f-11ec-a0ee-ec0d9a21b021,3.0
2025-11-10,7f74a07c-124f-11ec-a0ee-ec0d9a21b021,4.0
2025-11-17,7f74a07c-124f-11ec-a0ee-ec0d9a21b021,7.0
2025-11-03,7f8d8b8d-4ccd-11ee-885f-08c0eb32014b,1.0
2025-11-10,7f8d8b8d-4ccd-11ee-885f-08c0eb32014b,3.0
2025-11-17,7f8d8b8d-4ccd-11ee-885f-08c0eb32014b,0.0
2025-11-03,7f9c2e4a-6e84-11ee-8860-08c0eb32014b,3.0
2025-11-10,7f9c2e4a-6e84-11ee-8860-08c0eb32014b,3.0
2025-11-17,7f9c2e4a-6e84-11ee-8860-08c0eb32014b,5.0
2025-11-03,7fde31f7-ac70-11ed-885d-08c0eb32014b,1.0
2025-11-10,7fde31f7-ac70-11ed-885d-08c0eb32014b,1.0
2025-11-17,7fde31f7-ac70-11ed-885d-08c0eb32014b,3.0
2025-11-03,7fef0122-f597-11ee-8861-08c0eb32014b,4.0
2025-11-10,7fef0122-f597-11ee-8861-08c0eb32014b,3.0
2025-11-17,7fef0122-f597-11ee-8861-08c0eb32014b,0.0
2025-11-03,800ca8e8-009b-11ef-ae7a-08c0eb320147,6.0
2025-11-10,800ca8e8-009b-11ef-ae7a-08c0eb320147,4.0
2025-11-17,800ca8e8-009b-11ef-ae7a-08c0eb320147,5.0
2025-11-03,80b8e136-5e41-11ef-b973-08c0eb32008b,0.0
2025-11-10,80b8e136-5e41-11ef-b973-08c0eb32008b,2.0
2025-11-17,80b8e136-5e41-11ef-b973-08c0eb32008b,0.0
2025-11-03,80e50326-4f83-11ed-ae72-08c0eb320147,0.0
2025-11-10,80e50326-4f83-11ed-ae72-08c0eb320147,0.0
2025-11-17,80e50326-4f83-11ed-ae72-08c0eb320147,0.0
2025-11-03,80e58b0c-5e3d-11ef-ae7a-08c0eb320147,0.0
2025-11-10,80e58b0c-5e3d-11ef-ae7a-08c0eb320147,4.0
2025-11-17,80e58b0c-5e3d-11ef-ae7a-08c0eb320147,6.0
2025-11-03,8116201a-7e75-11f0-9bb2-be3af2b6059f,6.0
2025-11-10,8116201a-7e75-11f0-9bb2-be3af2b6059f,8.0
2025-11-17,8116201a-7e75-11f0-9bb2-be3af2b6059f,7.0
2025-11-10,81432626-4dc1-11f0-9bb2-be3af2b6059f,10.0
2025-11-17,81432626-4dc1-11f0-9bb2-be3af2b6059f,11.0
2025-11-03,8168f0e4-ca3f-11ee-b10b-08c0eb31fffb,4.0
2025-11-10,8168f0e4-ca3f-11ee-b10b-08c0eb31fffb,0.0
2025-11-17,8168f0e4-ca3f-11ee-b10b-08c0eb31fffb,2.0
2025-11-03,8175952b-e1e7-11ee-b10b-08c0eb31fffb,0.0
2025-11-10,8175952b-e1e7-11ee-b10b-08c0eb31fffb,0.0
2025-11-17,8175952b-e1e7-11ee-b10b-08c0eb31fffb,0.0
2025-11-03,819263e0-9615-11eb-85a9-1c34dae33151,7.0
2025-11-10,819263e0-9615-11eb-85a9-1c34dae33151,6.0
2025-11-17,819263e0-9615-11eb-85a9-1c34dae33151,7.0
2025-11-03,81a47980-87c3-11eb-85a3-1c34dae33151,3.0
2025-11-10,81a47980-87c3-11eb-85a3-1c34dae33151,6.0
2025-11-17,81a47980-87c3-11eb-85a3-1c34dae33151,5.0
2025-11-03,81a8affd-b95e-11ef-9bb0-be3af2b6059f,4.0
2025-11-10,81a8affd-b95e-11ef-9bb0-be3af2b6059f,8.0
2025-11-17,81a8affd-b95e-11ef-9bb0-be3af2b6059f,4.0
2025-11-03,81be7c6b-1ab4-11eb-8599-1c34dae33151,0.0
2025-11-10,81be7c6b-1ab4-11eb-8599-1c34dae33151,4.0
2025-11-17,81be7c6b-1ab4-11eb-8599-1c34dae33151,0.0
2025-11-03,81fc23f8-c1fb-11eb-85ab-1c34dae33151,5.0
2025-11-10,81fc23f8-c1fb-11eb-85ab-1c34dae33151,0.0
2025-11-17,81fc23f8-c1fb-11eb-85ab-1c34dae33151,3.0
2025-11-03,820e3b6c-3276-11ec-a0ee-ec0d9a21b021,0.0
2025-11-10,820e3b6c-3276-11ec-a0ee-ec0d9a21b021,2.0
2025-11-17,820e3b6c-3276-11ec-a0ee-ec0d9a21b021,1.0
2025-11-03,821e870a-51c2-11ec-a0ee-ec0d9a21b021,0.0
2025-11-10,821e870a-51c2-11ec-a0ee-ec0d9a21b021,2.0
2025-11-17,821e870a-51c2-11ec-a0ee-ec0d9a21b021,2.0
2025-11-03,824a2f6c-50d1-11ef-b10b-08c0eb31fffb,17.0
2025-11-10,824a2f6c-50d1-11ef-b10b-08c0eb31fffb,2.0
2025-11-17,824a2f6c-50d1-11ef-b10b-08c0eb31fffb,0.0
2025-11-03,827cbc75-ae26-11ef-ae7a-08c0eb320147,2.0
2025-11-10,827cbc75-ae26-11ef-ae7a-08c0eb320147,2.0
2025-11-17,827cbc75-ae26-11ef-ae7a-08c0eb320147,4.0
2025-11-03,82e5a86f-ca9a-11eb-85ac-1c34dae33151,0.0
2025-11-10,82e5a86f-ca9a-11eb-85ac-1c34dae33151,1.0
2025-11-17,82e5a86f-ca9a-11eb-85ac-1c34dae33151,1.0
2025-11-03,83442695-1ca5-11ed-885a-08c0eb32014b,1.0
2025-11-10,83442695-1ca5-11ed-885a-08c0eb32014b,0.0
2025-11-17,83442695-1ca5-11ed-885a-08c0eb32014b,1.0
2025-11-03,83672575-4907-11eb-85a3-1c34dae33151,0.0
2025-11-10,83672575-4907-11eb-85a3-1c34dae33151,0.0
2025-11-17,83672575-4907-11eb-85a3-1c34dae33151,2.0
2025-11-03,8389c83f-fccc-11ee-b973-08c0eb32008b,0.0
2025-11-10,8389c83f-fccc-11ee-b973-08c0eb32008b,2.0
2025-11-17,8389c83f-fccc-11ee-b973-08c0eb32008b,1.0
2025-11-03,839057c8-8aff-11ef-b973-08c0eb32008b,0.0
2025-11-10,839057c8-8aff-11ef-b973-08c0eb32008b,3.0
2025-11-17,839057c8-8aff-11ef-b973-08c0eb32008b,4.0
2025-11-03,8405b496-abb4-11ed-b109-08c0eb31fffb,2.0
2025-11-10,8405b496-abb4-11ed-b109-08c0eb31fffb,1.0
2025-11-17,8405b496-abb4-11ed-b109-08c0eb31fffb,0.0
2025-11-03,843c9841-4a5e-11ef-8861-08c0eb32014b,4.0
2025-11-10,843c9841-4a5e-11ef-8861-08c0eb32014b,10.0
2025-11-17,843c9841-4a5e-11ef-8861-08c0eb32014b,6.0
2025-11-03,843e9322-372e-11ec-a0ee-ec0d9a21b021,5.0
2025-11-10,843e9322-372e-11ec-a0ee-ec0d9a21b021,6.0
2025-11-17,843e9322-372e-11ec-a0ee-ec0d9a21b021,4.0
2025-11-03,844d3745-8b2b-11ea-aff3-0050560306e1,0.0
2025-11-10,844d3745-8b2b-11ea-aff3-0050560306e1,1.0
2025-11-17,844d3745-8b2b-11ea-aff3-0050560306e1,2.0
2025-11-03,845b9ca6-a40a-11eb-85a9-1c34dae33151,1.0
2025-11-10,845b9ca6-a40a-11eb-85a9-1c34dae33151,3.0
2025-11-17,845b9ca6-a40a-11eb-85a9-1c34dae33151,1.0
2025-11-03,847d6a3e-ebfc-11ec-8859-08c0eb32014b,0.0
2025-11-10,847d6a3e-ebfc-11ec-8859-08c0eb32014b,0.0
2025-11-17,847d6a3e-ebfc-11ec-8859-08c0eb32014b,0.0
2025-11-03,84a46a7d-da82-11ec-8859-08c0eb32014b,0.0
2025-11-10,84a46a7d-da82-11ec-8859-08c0eb32014b,3.0
2025-11-17,84a46a7d-da82-11ec-8859-08c0eb32014b,2.0
2025-11-03,84afb9b5-4d35-11ec-a0ee-ec0d9a21b021,0.0
2025-11-10,84afb9b5-4d35-11ec-a0ee-ec0d9a21b021,0.0
2025-11-17,84afb9b5-4d35-11ec-a0ee-ec0d9a21b021,0.0
2025-11-03,84d71a2b-dbc4-11ee-b973-08c0eb32008b,0.0
2025-11-10,84d71a2b-dbc4-11ee-b973-08c0eb32008b,1.0
2025-11-17,84d71a2b-dbc4-11ee-b973-08c0eb32008b,3.0
2025-11-03,84e38b90-43b9-11ed-b96c-08c0eb32008b,2.0
2025-11-10,84e38b90-43b9-11ed-b96c-08c0eb32008b,5.0
2025-11-17,84e38b90-43b9-11ed-b96c-08c0eb32008b,3.0
2025-11-03,84e4698a-50cf-11ef-b10b-08c0eb31fffb,0.0
2025-11-10,84e4698a-50cf-11ef-b10b-08c0eb31fffb,0.0
2025-11-17,84e4698a-50cf-11ef-b10b-08c0eb31fffb,1.0
2025-11-03,84f53a9b-311c-11ee-885f-08c0eb32014b,1.0
2025-11-10,84f53a9b-311c-11ee-885f-08c0eb32014b,7.0
2025-11-17,84f53a9b-311c-11ee-885f-08c0eb32014b,5.0
2025-11-03,84fda6e6-c424-11ee-b10b-08c0eb31fffb,2.0
2025-11-10,84fda6e6-c424-11ee-b10b-08c0eb31fffb,2.0
2025-11-17,84fda6e6-c424-11ee-b10b-08c0eb31fffb,1.0
2025-11-03,852f4564-fdb0-11ee-b10b-08c0eb31fffb,0.0
2025-11-10,852f4564-fdb0-11ee-b10b-08c0eb31fffb,0.0
2025-11-17,852f4564-fdb0-11ee-b10b-08c0eb31fffb,4.0
2025-11-03,8554a271-e0c9-11ec-8859-08c0eb32014b,4.0
2025-11-10,8554a271-e0c9-11ec-8859-08c0eb32014b,4.0
2025-11-17,8554a271-e0c9-11ec-8859-08c0eb32014b,1.0
2025-11-03,859fd01d-9dbc-11ef-8861-08c0eb32014b,0.0
2025-11-10,859fd01d-9dbc-11ef-8861-08c0eb32014b,2.0
2025-11-17,859fd01d-9dbc-11ef-8861-08c0eb32014b,2.0
2025-11-03,85c1c293-b944-11ef-9bb0-be3af2b6059f,1.0
2025-11-10,85c1c293-b944-11ef-9bb0-be3af2b6059f,0.0
2025-11-17,85c1c293-b944-11ef-9bb0-be3af2b6059f,1.0
2025-11-03,85eff3a5-905d-11ee-b973-08c0eb32008b,6.0
2025-11-10,85eff3a5-905d-11ee-b973-08c0eb32008b,8.0
2025-11-17,85eff3a5-905d-11ee-b973-08c0eb32008b,8.0
2025-11-03,860b07e7-898b-11ec-b967-08c0eb32008b,0.0
2025-11-10,860b07e7-898b-11ec-b967-08c0eb32008b,0.0
2025-11-17,860b07e7-898b-11ec-b967-08c0eb32008b,0.0
2025-11-03,8615ff19-dad4-11ed-b971-08c0eb32008b,1.0
2025-11-10,8615ff19-dad4-11ed-b971-08c0eb32008b,1.0
2025-11-17,8615ff19-dad4-11ed-b971-08c0eb32008b,3.0
2025-11-03,862cde8e-054f-11ee-885e-08c0eb32014b,1.0
2025-11-10,862cde8e-054f-11ee-885e-08c0eb32014b,0.0
2025-11-17,862cde8e-054f-11ee-885e-08c0eb32014b,0.0
2025-11-03,866225f1-8a19-11ef-b10b-08c0eb31fffb,2.0
2025-11-10,866225f1-8a19-11ef-b10b-08c0eb31fffb,3.0
2025-11-17,866225f1-8a19-11ef-b10b-08c0eb31fffb,0.0
2025-11-03,8689f2a6-a75d-11ef-ae7a-08c0eb320147,0.0
2025-11-10,8689f2a6-a75d-11ef-ae7a-08c0eb320147,2.0
2025-11-17,8689f2a6-a75d-11ef-ae7a-08c0eb320147,1.0
2025-11-03,86e510b2-c83e-11eb-85ac-1c34dae33151,1.0
2025-11-10,86e510b2-c83e-11eb-85ac-1c34dae33151,2.0
2025-11-17,86e510b2-c83e-11eb-85ac-1c34dae33151,0.0
2025-11-03,8736bfd9-f286-11ea-8599-1c34dae33151,1.0
2025-11-10,8736bfd9-f286-11ea-8599-1c34dae33151,4.0
2025-11-17,8736bfd9-f286-11ea-8599-1c34dae33151,4.0
2025-11-03,875765ae-33d2-11ef-b973-08c0eb32008b,0.0
2025-11-10,875765ae-33d2-11ef-b973-08c0eb32008b,0.0
2025-11-17,875765ae-33d2-11ef-b973-08c0eb32008b,0.0
2025-11-03,875aa43e-740f-11ef-b973-08c0eb32008b,0.0
2025-11-10,875aa43e-740f-11ef-b973-08c0eb32008b,2.0
2025-11-17,875aa43e-740f-11ef-b973-08c0eb32008b,0.0
2025-11-03,8772a625-31b7-11ec-a0ee-ec0d9a21b021,3.0
2025-11-10,8772a625-31b7-11ec-a0ee-ec0d9a21b021,3.0
2025-11-17,8772a625-31b7-11ec-a0ee-ec0d9a21b021,4.0
2025-11-03,877b3a82-70c4-11ed-b107-08c0eb31fffb,0.0
2025-11-10,877b3a82-70c4-11ed-b107-08c0eb31fffb,2.0
2025-11-17,877b3a82-70c4-11ed-b107-08c0eb31fffb,0.0
2025-11-03,87ee8a36-f035-11ef-aa3a-be3af2b6059f,1.0
2025-11-10,87ee8a36-f035-11ef-aa3a-be3af2b6059f,2.0
2025-11-17,87ee8a36-f035-11ef-aa3a-be3af2b6059f,1.0
2025-11-03,8831187a-a1ba-11ef-b10b-08c0eb31fffb,0.0
2025-11-10,8831187a-a1ba-11ef-b10b-08c0eb31fffb,0.0
2025-11-17,8831187a-a1ba-11ef-b10b-08c0eb31fffb,1.0
2025-11-03,8831aa8e-aab6-11ec-b0fc-08c0eb31fffb,0.0
2025-11-10,8831aa8e-aab6-11ec-b0fc-08c0eb31fffb,2.0
2025-11-17,8831aa8e-aab6-11ec-b0fc-08c0eb31fffb,0.0
2025-11-03,883df6c5-01a7-11ec-a0ee-ec0d9a21b021,0.0
2025-11-10,883df6c5-01a7-11ec-a0ee-ec0d9a21b021,2.0
2025-11-17,883df6c5-01a7-11ec-a0ee-ec0d9a21b021,0.0
2025-11-03,88422774-b07c-11ee-ae7a-08c0eb320147,1.0
2025-11-10,88422774-b07c-11ee-ae7a-08c0eb320147,3.0
2025-11-17,88422774-b07c-11ee-ae7a-08c0eb320147,4.0
2025-11-03,8842ab9f-40c0-11ee-b10a-08c0eb31fffb,1.0
2025-11-10,8842ab9f-40c0-11ee-b10a-08c0eb31fffb,5.0
2025-11-17,8842ab9f-40c0-11ee-b10a-08c0eb31fffb,1.0
2025-11-03,88dabfd3-17c9-11ed-b106-08c0eb31fffb,0.0
2025-11-10,88dabfd3-17c9-11ed-b106-08c0eb31fffb,0.0
2025-11-17,88dabfd3-17c9-11ed-b106-08c0eb31fffb,0.0
2025-11-03,89618399-4d3e-11ec-a0ee-ec0d9a21b021,0.0
2025-11-10,89618399-4d3e-11ec-a0ee-ec0d9a21b021,2.0
2025-11-17,89618399-4d3e-11ec-a0ee-ec0d9a21b021,4.0
2025-11-03,896d81b5-6788-11eb-85a3-1c34dae33151,2.0
2025-11-10,896d81b5-6788-11eb-85a3-1c34dae33151,4.0
2025-11-17,896d81b5-6788-11eb-85a3-1c34dae33151,2.0
2025-11-03,89ab2f2a-e860-11ee-b10b-08c0eb31fffb,0.0
2025-11-10,89ab2f2a-e860-11ee-b10b-08c0eb31fffb,1.0
2025-11-17,89ab2f2a-e860-11ee-b10b-08c0eb31fffb,4.0
2025-11-03,89b4be1f-50e8-11ef-b10b-08c0eb31fffb,1.0
2025-11-10,89b4be1f-50e8-11ef-b10b-08c0eb31fffb,1.0
2025-11-17,89b4be1f-50e8-11ef-b10b-08c0eb31fffb,4.0
2025-11-03,89bb1041-99d1-11ee-8861-08c0eb32014b,0.0
2025-11-10,89bb1041-99d1-11ee-8861-08c0eb32014b,0.0
2025-11-17,89bb1041-99d1-11ee-8861-08c0eb32014b,0.0
2025-11-03,89be3efc-cfc2-11ee-ae7a-08c0eb320147,0.0
2025-11-10,89be3efc-cfc2-11ee-ae7a-08c0eb320147,1.0
2025-11-17,89be3efc-cfc2-11ee-ae7a-08c0eb320147,0.0
2025-11-03,89d185d7-2dbd-11ec-a0ee-ec0d9a21b021,5.0
2025-11-10,89d185d7-2dbd-11ec-a0ee-ec0d9a21b021,7.0
2025-11-17,89d185d7-2dbd-11ec-a0ee-ec0d9a21b021,2.0
2025-11-03,89d27a7a-c422-11ee-b10b-08c0eb31fffb,5.0
2025-11-10,89d27a7a-c422-11ee-b10b-08c0eb31fffb,8.0
2025-11-17,89d27a7a-c422-11ee-b10b-08c0eb31fffb,4.0
2025-11-03,89de70d1-bd20-11ea-b7de-0050560306e1,2.0
2025-11-10,89de70d1-bd20-11ea-b7de-0050560306e1,5.0
2025-11-17,89de70d1-bd20-11ea-b7de-0050560306e1,4.0
2025-11-03,8a01750d-0f6e-11ee-ae78-08c0eb320147,0.0
2025-11-10,8a01750d-0f6e-11ee-ae78-08c0eb320147,0.0
2025-11-17,8a01750d-0f6e-11ee-ae78-08c0eb320147,0.0
2025-11-03,8a01787b-cfff-11ee-8861-08c0eb32014b,0.0
2025-11-10,8a01787b-cfff-11ee-8861-08c0eb32014b,0.0
2025-11-17,8a01787b-cfff-11ee-8861-08c0eb32014b,3.0
2025-11-03,8a0742e6-4b61-11ef-b973-08c0eb32008b,5.0
2025-11-10,8a0742e6-4b61-11ef-b973-08c0eb32008b,2.0
2025-11-17,8a0742e6-4b61-11ef-b973-08c0eb32008b,1.0
2025-11-03,8a39b113-138e-11ef-ae7a-08c0eb320147,0.0
2025-11-10,8a39b113-138e-11ef-ae7a-08c0eb320147,2.0
2025-11-17,8a39b113-138e-11ef-ae7a-08c0eb320147,1.0
2025-11-03,8a5eaaf9-7c0a-11eb-85a3-1c34dae33151,3.0
2025-11-10,8a5eaaf9-7c0a-11eb-85a3-1c34dae33151,3.0
2025-11-17,8a5eaaf9-7c0a-11eb-85a3-1c34dae33151,7.0
2025-11-03,8a61746b-d5a2-11eb-85ac-1c34dae33151,0.0
2025-11-10,8a61746b-d5a2-11eb-85ac-1c34dae33151,0.0
2025-11-17,8a61746b-d5a2-11eb-85ac-1c34dae33151,0.0
2025-11-03,8a67b6b6-74e5-11ea-95b9-0050560306e1,2.0
2025-11-10,8a67b6b6-74e5-11ea-95b9-0050560306e1,4.0
2025-11-17,8a67b6b6-74e5-11ea-95b9-0050560306e1,3.0
2025-11-03,8aafb4b3-8ac7-11ea-aff3-0050560306e1,3.0
2025-11-10,8aafb4b3-8ac7-11ea-aff3-0050560306e1,7.0
2025-11-17,8aafb4b3-8ac7-11ea-aff3-0050560306e1,3.0
2025-11-03,8ae16a43-e862-11eb-a0ee-ec0d9a21b021,0.0
2025-11-10,8ae16a43-e862-11eb-a0ee-ec0d9a21b021,2.0
2025-11-17,8ae16a43-e862-11eb-a0ee-ec0d9a21b021,0.0
2025-11-03,8ae93265-025d-11eb-8599-1c34dae33151,0.0
2025-11-10,8ae93265-025d-11eb-8599-1c34dae33151,0.0
2025-11-17,8ae93265-025d-11eb-8599-1c34dae33151,0.0
2025-11-03,8b1c2c64-f34f-11ef-aa3a-be3af2b6059f,5.0
2025-11-10,8b1c2c64-f34f-11ef-aa3a-be3af2b6059f,3.0
2025-11-17,8b1c2c64-f34f-11ef-aa3a-be3af2b6059f,1.0
2025-11-03,8b623f54-7d23-11ed-b970-08c0eb32008b,0.0
2025-11-10,8b623f54-7d23-11ed-b970-08c0eb32008b,0.0
2025-11-17,8b623f54-7d23-11ed-b970-08c0eb32008b,0.0
2025-11-03,8b7dd89b-edee-11eb-a0ee-ec0d9a21b021,0.0
2025-11-10,8b7dd89b-edee-11eb-a0ee-ec0d9a21b021,0.0
2025-11-17,8b7dd89b-edee-11eb-a0ee-ec0d9a21b021,2.0
2025-11-03,8b90d41d-9601-11eb-85a9-1c34dae33151,0.0
2025-11-10,8b90d41d-9601-11eb-85a9-1c34dae33151,1.0
2025-11-17,8b90d41d-9601-11eb-85a9-1c34dae33151,0.0
2025-11-03,8b92790b-9d10-11eb-85a9-1c34dae33151,2.0
2025-11-10,8b92790b-9d10-11eb-85a9-1c34dae33151,3.0
2025-11-17,8b92790b-9d10-11eb-85a9-1c34dae33151,3.0
2025-11-03,8b9359f3-ca6f-11ee-8861-08c0eb32014b,0.0
2025-11-10,8b9359f3-ca6f-11ee-8861-08c0eb32014b,0.0
2025-11-17,8b9359f3-ca6f-11ee-8861-08c0eb32014b,0.0
2025-11-03,8bd95c63-50ea-11f0-a5cb-7cc255b74513,7.0
2025-11-10,8bd95c63-50ea-11f0-a5cb-7cc255b74513,3.0
2025-11-17,8bd95c63-50ea-11f0-a5cb-7cc255b74513,6.0
2025-11-03,8be40751-a8d6-11eb-85a9-1c34dae33151,0.0
2025-11-10,8be40751-a8d6-11eb-85a9-1c34dae33151,0.0
2025-11-17,8be40751-a8d6-11eb-85a9-1c34dae33151,0.0
2025-11-03,8c41afce-5f5c-11ed-ae75-08c0eb320147,0.0
2025-11-10,8c41afce-5f5c-11ed-ae75-08c0eb320147,4.0
2025-11-17,8c41afce-5f5c-11ed-ae75-08c0eb320147,5.0
2025-11-03,8c59e49c-0fbd-11eb-8599-1c34dae33151,4.0
2025-11-10,8c59e49c-0fbd-11eb-8599-1c34dae33151,7.0
2025-11-17,8c59e49c-0fbd-11eb-8599-1c34dae33151,0.0
2025-11-03,8c5d5ba7-ac78-11ed-ae77-08c0eb320147,3.0
2025-11-10,8c5d5ba7-ac78-11ed-ae77-08c0eb320147,4.0
2025-11-17,8c5d5ba7-ac78-11ed-ae77-08c0eb320147,6.0
2025-11-03,8c7bdc6f-17c8-11ed-b106-08c0eb31fffb,0.0
2025-11-10,8c7bdc6f-17c8-11ed-b106-08c0eb31fffb,3.0
2025-11-17,8c7bdc6f-17c8-11ed-b106-08c0eb31fffb,0.0
2025-11-03,8c8e53cb-f824-11ef-aa23-be3af2b6059f,0.0
2025-11-10,8c8e53cb-f824-11ef-aa23-be3af2b6059f,1.0
2025-11-17,8c8e53cb-f824-11ef-aa23-be3af2b6059f,1.0
2025-11-03,8c96647c-d591-11ea-8598-1c34dae33151,3.0
2025-11-10,8c96647c-d591-11ea-8598-1c34dae33151,4.0
2025-11-17,8c96647c-d591-11ea-8598-1c34dae33151,1.0
2025-11-03,8d14287d-d6e6-11ee-b973-08c0eb32008b,1.0
2025-11-10,8d14287d-d6e6-11ee-b973-08c0eb32008b,2.0
2025-11-17,8d14287d-d6e6-11ee-b973-08c0eb32008b,3.0
2025-11-03,8d521495-dc85-11ef-a97a-be3af2b6059f,0.0
2025-11-10,8d521495-dc85-11ef-a97a-be3af2b6059f,0.0
2025-11-17,8d521495-dc85-11ef-a97a-be3af2b6059f,0.0
2025-11-03,8d7891c5-7196-11ed-885b-08c0eb32014b,0.0
2025-11-10,8d7891c5-7196-11ed-885b-08c0eb32014b,0.0
2025-11-17,8d7891c5-7196-11ed-885b-08c0eb32014b,0.0
2025-11-03,8dcee369-49c0-11ea-8a1c-0050560306e1,5.0
2025-11-10,8dcee369-49c0-11ea-8a1c-0050560306e1,7.0
2025-11-17,8dcee369-49c0-11ea-8a1c-0050560306e1,4.0
2025-11-03,8ded21a0-d595-11eb-85ac-1c34dae33151,2.0
2025-11-10,8ded21a0-d595-11eb-85ac-1c34dae33151,3.0
2025-11-17,8ded21a0-d595-11eb-85ac-1c34dae33151,2.0
2025-11-03,8e073b18-75e9-11ea-a214-0050560307be,3.0
2025-11-10,8e073b18-75e9-11ea-a214-0050560307be,3.0
2025-11-17,8e073b18-75e9-11ea-a214-0050560307be,1.0
2025-11-03,8e19d76f-7115-11f0-9bb2-be3af2b6059f,0.0
2025-11-10,8e19d76f-7115-11f0-9bb2-be3af2b6059f,4.0
2025-11-17,8e19d76f-7115-11f0-9bb2-be3af2b6059f,5.0
2025-11-03,8e470f23-473e-11ee-b971-08c0eb32008b,1.0
2025-11-10,8e470f23-473e-11ee-b971-08c0eb32008b,7.0
2025-11-17,8e470f23-473e-11ee-b971-08c0eb32008b,5.0
2025-11-03,8e494f93-ea82-11ee-b973-08c0eb32008b,0.0
2025-11-10,8e494f93-ea82-11ee-b973-08c0eb32008b,2.0
2025-11-17,8e494f93-ea82-11ee-b973-08c0eb32008b,3.0
2025-11-03,8eb1c506-0f46-11ed-885a-08c0eb32014b,0.0
2025-11-10,8eb1c506-0f46-11ed-885a-08c0eb32014b,0.0
2025-11-17,8eb1c506-0f46-11ed-885a-08c0eb32014b,0.0
2025-11-03,8f3633af-d7b9-11ed-b970-08c0eb32008b,0.0
2025-11-10,8f3633af-d7b9-11ed-b970-08c0eb32008b,1.0
2025-11-17,8f3633af-d7b9-11ed-b970-08c0eb32008b,1.0
2025-11-03,8f364505-30d5-11eb-859a-1c34dae33151,0.0
2025-11-10,8f364505-30d5-11eb-859a-1c34dae33151,0.0
2025-11-17,8f364505-30d5-11eb-859a-1c34dae33151,0.0
2025-11-03,8f71065d-a8d8-11eb-85a9-1c34dae33151,3.0
2025-11-10,8f71065d-a8d8-11eb-85a9-1c34dae33151,0.0
2025-11-17,8f71065d-a8d8-11eb-85a9-1c34dae33151,2.0
2025-11-03,8f825a70-e864-11ef-a97a-be3af2b6059f,2.0
2025-11-10,8f825a70-e864-11ef-a97a-be3af2b6059f,3.0
2025-11-17,8f825a70-e864-11ef-a97a-be3af2b6059f,4.0
2025-11-03,8f92d91e-7eff-11ee-b10b-08c0eb31fffb,0.0
2025-11-10,8f92d91e-7eff-11ee-b10b-08c0eb31fffb,0.0
2025-11-17,8f92d91e-7eff-11ee-b10b-08c0eb31fffb,0.0
2025-11-03,8f9d672d-acaa-11ef-ae7a-08c0eb320147,4.0
2025-11-10,8f9d672d-acaa-11ef-ae7a-08c0eb320147,4.0
2025-11-17,8f9d672d-acaa-11ef-ae7a-08c0eb320147,6.0
2025-11-03,8fa1a420-818d-11ef-b10b-08c0eb31fffb,1.0
2025-11-10,8fa1a420-818d-11ef-b10b-08c0eb31fffb,0.0
2025-11-17,8fa1a420-818d-11ef-b10b-08c0eb31fffb,2.0
2025-11-03,8fa319ec-6aad-11ef-b10b-08c0eb31fffb,2.0
2025-11-10,8fa319ec-6aad-11ef-b10b-08c0eb31fffb,2.0
2025-11-17,8fa319ec-6aad-11ef-b10b-08c0eb31fffb,1.0
2025-11-03,8fa8a795-87c2-11eb-85a3-1c34dae33151,2.0
2025-11-10,8fa8a795-87c2-11eb-85a3-1c34dae33151,2.0
2025-11-17,8fa8a795-87c2-11eb-85a3-1c34dae33151,1.0
2025-11-03,8fe2bd08-f35b-11ee-b973-08c0eb32008b,1.0
2025-11-10,8fe2bd08-f35b-11ee-b973-08c0eb32008b,3.0
2025-11-17,8fe2bd08-f35b-11ee-b973-08c0eb32008b,3.0
2025-11-03,8fe2ca69-b33d-11eb-85ab-1c34dae33151,4.0
2025-11-10,8fe2ca69-b33d-11eb-85ab-1c34dae33151,3.0
2025-11-17,8fe2ca69-b33d-11eb-85ab-1c34dae33151,2.0
2025-11-03,8ff1f8c6-093c-11eb-8599-1c34dae33151,0.0
2025-11-10,8ff1f8c6-093c-11eb-8599-1c34dae33151,0.0
2025-11-17,8ff1f8c6-093c-11eb-8599-1c34dae33151,0.0
2025-11-03,900bf164-7f4c-11ec-ae6d-08c0eb320147,0.0
2025-11-10,900bf164-7f4c-11ec-ae6d-08c0eb320147,0.0
2025-11-17,900bf164-7f4c-11ec-ae6d-08c0eb320147,2.0
2025-11-03,901f5d3a-71d3-11eb-85a3-1c34dae33151,3.0
2025-11-10,901f5d3a-71d3-11eb-85a3-1c34dae33151,9.0
2025-11-17,901f5d3a-71d3-11eb-85a3-1c34dae33151,4.0
2025-11-03,902700e7-eabe-11ef-aa23-be3af2b6059f,2.0
2025-11-10,902700e7-eabe-11ef-aa23-be3af2b6059f,3.0
2025-11-17,902700e7-eabe-11ef-aa23-be3af2b6059f,3.0
2025-11-03,902ed593-7763-11eb-85a3-1c34dae33151,3.0
2025-11-10,902ed593-7763-11eb-85a3-1c34dae33151,3.0
2025-11-17,902ed593-7763-11eb-85a3-1c34dae33151,4.0
2025-11-03,90473792-de2d-11eb-85ad-1c34dae33151,0.0
2025-11-10,90473792-de2d-11eb-85ad-1c34dae33151,4.0
2025-11-17,90473792-de2d-11eb-85ad-1c34dae33151,2.0
2025-11-03,907e6a90-1a9c-11ea-a231-0050560306e1,1.0
2025-11-10,907e6a90-1a9c-11ea-a231-0050560306e1,3.0
2025-11-17,907e6a90-1a9c-11ea-a231-0050560306e1,2.0
2025-11-03,90914e51-d83a-11ed-ae77-08c0eb320147,2.0
2025-11-10,90914e51-d83a-11ed-ae77-08c0eb320147,2.0
2025-11-17,90914e51-d83a-11ed-ae77-08c0eb320147,0.0
2025-11-03,90a1562f-354e-11f0-a5cb-7cc255b74513,2.0
2025-11-10,90a1562f-354e-11f0-a5cb-7cc255b74513,2.0
2025-11-17,90a1562f-354e-11f0-a5cb-7cc255b74513,5.0
2025-11-03,90ba0321-3895-11eb-859a-1c34dae33151,0.0
2025-11-10,90ba0321-3895-11eb-859a-1c34dae33151,0.0
2025-11-17,90ba0321-3895-11eb-859a-1c34dae33151,0.0
2025-11-03,90f27d9b-2dbe-11ec-a0ee-ec0d9a21b021,0.0
2025-11-10,90f27d9b-2dbe-11ec-a0ee-ec0d9a21b021,0.0
2025-11-17,90f27d9b-2dbe-11ec-a0ee-ec0d9a21b021,1.0
2025-11-03,913cf69b-681c-11ee-b972-08c0eb32008b,0.0
2025-11-10,913cf69b-681c-11ee-b972-08c0eb32008b,3.0
2025-11-17,913cf69b-681c-11ee-b972-08c0eb32008b,1.0
2025-11-03,918d3c11-6d35-11eb-85a3-1c34dae33151,0.0
2025-11-10,918d3c11-6d35-11eb-85a3-1c34dae33151,4.0
2025-11-17,918d3c11-6d35-11eb-85a3-1c34dae33151,0.0
2025-11-03,91dc11bb-bd3c-11eb-85ab-1c34dae33151,3.0
2025-11-10,91dc11bb-bd3c-11eb-85ab-1c34dae33151,4.0
2025-11-17,91dc11bb-bd3c-11eb-85ab-1c34dae33151,3.0
2025-11-03,928245c1-a71f-11ef-ae7a-08c0eb320147,0.0
2025-11-10,928245c1-a71f-11ef-ae7a-08c0eb320147,1.0
2025-11-17,928245c1-a71f-11ef-ae7a-08c0eb320147,0.0
2025-11-03,92ec1c18-c26e-11ed-b970-08c0eb32008b,0.0
2025-11-10,92ec1c18-c26e-11ed-b970-08c0eb32008b,0.0
2025-11-17,92ec1c18-c26e-11ed-b970-08c0eb32008b,0.0
2025-11-03,92f58d7b-bf82-11ee-ae7a-08c0eb320147,3.0
2025-11-10,92f58d7b-bf82-11ee-ae7a-08c0eb320147,2.0
2025-11-17,92f58d7b-bf82-11ee-ae7a-08c0eb320147,1.0
2025-11-03,930ab6ea-68ac-11f0-aa3c-be3af2b6059f,0.0
2025-11-10,930ab6ea-68ac-11f0-aa3c-be3af2b6059f,1.0
2025-11-17,930ab6ea-68ac-11f0-aa3c-be3af2b6059f,3.0
2025-11-03,9312ae6b-3133-11ee-b971-08c0eb32008b,4.0
2025-11-10,9312ae6b-3133-11ee-b971-08c0eb32008b,5.0
2025-11-17,9312ae6b-3133-11ee-b971-08c0eb32008b,6.0
2025-11-03,9347b7c4-abcd-11ef-b10b-08c0eb31fffb,4.0
2025-11-10,9347b7c4-abcd-11ef-b10b-08c0eb31fffb,3.0
2025-11-17,9347b7c4-abcd-11ef-b10b-08c0eb31fffb,8.0
2025-11-03,936f3987-87bc-11eb-85a3-1c34dae33151,0.0
2025-11-10,936f3987-87bc-11eb-85a3-1c34dae33151,4.0
2025-11-17,936f3987-87bc-11eb-85a3-1c34dae33151,3.0
2025-11-03,93a5545b-9838-11ee-ae7a-08c0eb320147,1.0
2025-11-10,93a5545b-9838-11ee-ae7a-08c0eb320147,6.0
2025-11-17,93a5545b-9838-11ee-ae7a-08c0eb320147,3.0
2025-11-03,93a6b67c-02f7-11ef-b10b-08c0eb31fffb,4.0
2025-11-10,93a6b67c-02f7-11ef-b10b-08c0eb31fffb,5.0
2025-11-17,93a6b67c-02f7-11ef-b10b-08c0eb31fffb,5.0
2025-11-03,93b9e9e0-6a1d-11eb-85a3-1c34dae33151,1.0
2025-11-10,93b9e9e0-6a1d-11eb-85a3-1c34dae33151,6.0
2025-11-17,93b9e9e0-6a1d-11eb-85a3-1c34dae33151,4.0
2025-11-03,93de7031-3789-11ee-885f-08c0eb32014b,9.0
2025-11-10,93de7031-3789-11ee-885f-08c0eb32014b,4.0
2025-11-17,93de7031-3789-11ee-885f-08c0eb32014b,2.0
2025-11-03,94267033-acd7-11eb-85ab-1c34dae33151,0.0
2025-11-10,94267033-acd7-11eb-85ab-1c34dae33151,0.0
2025-11-17,94267033-acd7-11eb-85ab-1c34dae33151,0.0
2025-11-03,943cb174-a4a9-11ee-b10b-08c0eb31fffb,0.0
2025-11-10,943cb174-a4a9-11ee-b10b-08c0eb31fffb,0.0
2025-11-17,943cb174-a4a9-11ee-b10b-08c0eb31fffb,0.0
2025-11-03,9467aba9-cab1-11eb-85ac-1c34dae33151,0.0
2025-11-10,9467aba9-cab1-11eb-85ac-1c34dae33151,2.0
2025-11-17,9467aba9-cab1-11eb-85ac-1c34dae33151,3.0
2025-11-03,946de3dd-63b9-11ef-b973-08c0eb32008b,0.0
2025-11-10,946de3dd-63b9-11ef-b973-08c0eb32008b,3.0
2025-11-17,946de3dd-63b9-11ef-b973-08c0eb32008b,2.0
2025-11-03,94bab540-50da-11ef-b973-08c0eb32008b,0.0
2025-11-10,94bab540-50da-11ef-b973-08c0eb32008b,0.0
2025-11-17,94bab540-50da-11ef-b973-08c0eb32008b,0.0
2025-11-03,94c79d23-34d8-11ed-b106-08c0eb31fffb,1.0
2025-11-10,94c79d23-34d8-11ed-b106-08c0eb31fffb,0.0
2025-11-17,94c79d23-34d8-11ed-b106-08c0eb31fffb,2.0
2025-11-03,94ea6071-b6f7-11eb-85ab-1c34dae33151,6.0
2025-11-10,94ea6071-b6f7-11eb-85ab-1c34dae33151,6.0
2025-11-17,94ea6071-b6f7-11eb-85ab-1c34dae33151,3.0
2025-11-03,94eed9f9-19b9-11ef-8861-08c0eb32014b,0.0
2025-11-10,94eed9f9-19b9-11ef-8861-08c0eb32014b,0.0
2025-11-17,94eed9f9-19b9-11ef-8861-08c0eb32014b,0.0
2025-11-03,94f621ce-37f3-11ec-85ad-1c34dae33151,7.0
2025-11-10,94f621ce-37f3-11ec-85ad-1c34dae33151,5.0
2025-11-17,94f621ce-37f3-11ec-85ad-1c34dae33151,11.0
2025-11-03,95188e79-723e-11ee-ae79-08c0eb320147,0.0
2025-11-10,95188e79-723e-11ee-ae79-08c0eb320147,0.0
2025-11-17,95188e79-723e-11ee-ae79-08c0eb320147,1.0
2025-11-03,95352b84-a36b-11ef-8861-08c0eb32014b,4.0
2025-11-10,95352b84-a36b-11ef-8861-08c0eb32014b,4.0
2025-11-17,95352b84-a36b-11ef-8861-08c0eb32014b,9.0
2025-11-03,95425f60-70c6-11ed-b107-08c0eb31fffb,3.0
2025-11-10,95425f60-70c6-11ed-b107-08c0eb31fffb,0.0
2025-11-17,95425f60-70c6-11ed-b107-08c0eb31fffb,2.0
2025-11-03,957f0ec9-9061-11ee-8861-08c0eb32014b,0.0
2025-11-10,957f0ec9-9061-11ee-8861-08c0eb32014b,3.0
2025-11-17,957f0ec9-9061-11ee-8861-08c0eb32014b,1.0
2025-11-03,95b13aa5-2209-11ed-ae72-08c0eb320147,0.0
2025-11-10,95b13aa5-2209-11ed-ae72-08c0eb320147,3.0
2025-11-17,95b13aa5-2209-11ed-ae72-08c0eb320147,0.0
2025-11-03,95ba614f-adb6-11ef-b973-08c0eb32008b,2.0
2025-11-10,95ba614f-adb6-11ef-b973-08c0eb32008b,3.0
2025-11-17,95ba614f-adb6-11ef-b973-08c0eb32008b,0.0
2025-11-03,95c263cc-21a9-11f0-aa25-be3af2b6059f,0.0
2025-11-10,95c263cc-21a9-11f0-aa25-be3af2b6059f,2.0
2025-11-17,95c263cc-21a9-11f0-aa25-be3af2b6059f,0.0
2025-11-03,95eb138b-118a-11ec-a0ee-ec0d9a21b021,4.0
2025-11-10,95eb138b-118a-11ec-a0ee-ec0d9a21b021,0.0
2025-11-17,95eb138b-118a-11ec-a0ee-ec0d9a21b021,4.0
2025-11-03,95ee950e-2016-11eb-8599-1c34dae33151,3.0
2025-11-10,95ee950e-2016-11eb-8599-1c34dae33151,0.0
2025-11-17,95ee950e-2016-11eb-8599-1c34dae33151,3.0
2025-11-03,95fa4063-3234-11f0-9bb2-be3af2b6059f,5.0
2025-11-10,95fa4063-3234-11f0-9bb2-be3af2b6059f,4.0
2025-11-17,95fa4063-3234-11f0-9bb2-be3af2b6059f,6.0
2025-11-03,9611e0e6-1385-11eb-8599-1c34dae33151,5.0
2025-11-10,9611e0e6-1385-11eb-8599-1c34dae33151,5.0
2025-11-17,9611e0e6-1385-11eb-8599-1c34dae33151,3.0
2025-11-03,9616d42f-0344-11ed-885a-08c0eb32014b,0.0
2025-11-10,9616d42f-0344-11ed-885a-08c0eb32014b,0.0
2025-11-17,9616d42f-0344-11ed-885a-08c0eb32014b,0.0
2025-11-03,96854d09-d30b-11ea-8598-1c34dae33151,4.0
2025-11-10,96854d09-d30b-11ea-8598-1c34dae33151,4.0
2025-11-17,96854d09-d30b-11ea-8598-1c34dae33151,7.0
2025-11-03,968aadf4-cfd9-11ea-b7de-0050560306e1,0.0
2025-11-10,968aadf4-cfd9-11ea-b7de-0050560306e1,0.0
2025-11-17,968aadf4-cfd9-11ea-b7de-0050560306e1,0.0
2025-11-03,96e2c428-9dda-11ef-8861-08c0eb32014b,0.0
2025-11-10,96e2c428-9dda-11ef-8861-08c0eb32014b,1.0
2025-11-17,96e2c428-9dda-11ef-8861-08c0eb32014b,0.0
2025-11-03,9721f900-c431-11ee-b10b-08c0eb31fffb,9.0
2025-11-10,9721f900-c431-11ee-b10b-08c0eb31fffb,10.0
2025-11-17,9721f900-c431-11ee-b10b-08c0eb31fffb,6.0
2025-11-03,97389e79-ac74-11ed-885d-08c0eb32014b,0.0
2025-11-10,97389e79-ac74-11ed-885d-08c0eb32014b,1.0
2025-11-17,97389e79-ac74-11ed-885d-08c0eb32014b,0.0
2025-11-03,9738b3b0-6522-11ef-b973-08c0eb32008b,2.0
2025-11-10,9738b3b0-6522-11ef-b973-08c0eb32008b,2.0
2025-11-17,9738b3b0-6522-11ef-b973-08c0eb32008b,2.0
2025-11-03,976002f3-1636-11ec-a0ee-ec0d9a21b021,5.0
2025-11-10,976002f3-1636-11ec-a0ee-ec0d9a21b021,11.0
2025-11-17,976002f3-1636-11ec-a0ee-ec0d9a21b021,7.0
2025-11-03,976f6422-1a29-11ec-a0ee-ec0d9a21b021,9.0
2025-11-10,976f6422-1a29-11ec-a0ee-ec0d9a21b021,11.0
2025-11-17,976f6422-1a29-11ec-a0ee-ec0d9a21b021,11.0
2025-11-03,97bbddd0-7c8e-11ed-b970-08c0eb32008b,2.0
2025-11-10,97bbddd0-7c8e-11ed-b970-08c0eb32008b,3.0
2025-11-17,97bbddd0-7c8e-11ed-b970-08c0eb32008b,2.0
2025-11-03,986d2ab8-8aa5-11ee-b973-08c0eb32008b,0.0
2025-11-10,986d2ab8-8aa5-11ee-b973-08c0eb32008b,0.0
2025-11-17,986d2ab8-8aa5-11ee-b973-08c0eb32008b,0.0
2025-11-03,98739635-e512-11ee-b10b-08c0eb31fffb,0.0
2025-11-10,98739635-e512-11ee-b10b-08c0eb31fffb,1.0
2025-11-17,98739635-e512-11ee-b10b-08c0eb31fffb,4.0
2025-11-03,98877286-823b-11ef-8861-08c0eb32014b,2.0
2025-11-10,98877286-823b-11ef-8861-08c0eb32014b,2.0
2025-11-17,98877286-823b-11ef-8861-08c0eb32014b,3.0
2025-11-03,9894e0bf-fea0-11ec-b96c-08c0eb32008b,0.0
2025-11-10,9894e0bf-fea0-11ec-b96c-08c0eb32008b,1.0
2025-11-17,9894e0bf-fea0-11ec-b96c-08c0eb32008b,0.0
2025-11-03,98a44801-50e0-11ef-b973-08c0eb32008b,5.0
2025-11-10,98a44801-50e0-11ef-b973-08c0eb32008b,4.0
2025-11-17,98a44801-50e0-11ef-b973-08c0eb32008b,3.0
2025-11-03,98bf8979-7d1c-11ed-b970-08c0eb32008b,0.0
2025-11-10,98bf8979-7d1c-11ed-b970-08c0eb32008b,3.0
2025-11-17,98bf8979-7d1c-11ed-b970-08c0eb32008b,2.0
2025-11-03,99061c77-14d3-11ed-885a-08c0eb32014b,4.0
2025-11-10,99061c77-14d3-11ed-885a-08c0eb32014b,3.0
2025-11-17,99061c77-14d3-11ed-885a-08c0eb32014b,4.0
2025-11-03,992a8456-7d87-11ee-ae7a-08c0eb320147,15.0
2025-11-10,992a8456-7d87-11ee-ae7a-08c0eb320147,13.0
2025-11-17,992a8456-7d87-11ee-ae7a-08c0eb320147,11.0
2025-11-03,99514097-31af-11ec-a0ee-ec0d9a21b021,4.0
2025-11-10,99514097-31af-11ec-a0ee-ec0d9a21b021,4.0
2025-11-17,99514097-31af-11ec-a0ee-ec0d9a21b021,9.0
2025-11-03,9989fb65-8f99-11ef-b973-08c0eb32008b,2.0
2025-11-10,9989fb65-8f99-11ef-b973-08c0eb32008b,2.0
2025-11-17,9989fb65-8f99-11ef-b973-08c0eb32008b,3.0
2025-11-03,99b2c474-3d32-11f0-aa3c-be3af2b6059f,0.0
2025-11-10,99b2c474-3d32-11f0-aa3c-be3af2b6059f,0.0
2025-11-17,99b2c474-3d32-11f0-aa3c-be3af2b6059f,3.0
2025-11-03,99cc4548-abb5-11ed-b109-08c0eb31fffb,0.0
2025-11-10,99cc4548-abb5-11ed-b109-08c0eb31fffb,2.0
2025-11-17,99cc4548-abb5-11ed-b109-08c0eb31fffb,5.0
2025-11-03,99dcc558-5267-11f0-a97c-be3af2b6059f,13.0
2025-11-10,99dcc558-5267-11f0-a97c-be3af2b6059f,9.0
2025-11-17,99dcc558-5267-11f0-a97c-be3af2b6059f,10.0
2025-11-03,99e746d2-7d33-11ec-ae6d-08c0eb320147,0.0
2025-11-10,99e746d2-7d33-11ec-ae6d-08c0eb320147,4.0
2025-11-17,99e746d2-7d33-11ec-ae6d-08c0eb320147,0.0
2025-11-03,9a0cfdc5-257f-11eb-8599-1c34dae33151,0.0
2025-11-10,9a0cfdc5-257f-11eb-8599-1c34dae33151,0.0
2025-11-17,9a0cfdc5-257f-11eb-8599-1c34dae33151,0.0
2025-11-03,9a0ec1ea-4ed5-11eb-85a3-1c34dae33151,5.0
2025-11-10,9a0ec1ea-4ed5-11eb-85a3-1c34dae33151,1.0
2025-11-17,9a0ec1ea-4ed5-11eb-85a3-1c34dae33151,4.0
2025-11-03,9a141328-d565-11ee-8861-08c0eb32014b,3.0
2025-11-10,9a141328-d565-11ee-8861-08c0eb32014b,3.0
2025-11-17,9a141328-d565-11ee-8861-08c0eb32014b,3.0
2025-11-03,9a54b9f6-1832-11ef-ae7a-08c0eb320147,2.0
2025-11-10,9a54b9f6-1832-11ef-ae7a-08c0eb320147,0.0
2025-11-17,9a54b9f6-1832-11ef-ae7a-08c0eb320147,0.0
2025-11-03,9a6d59d2-f3f0-11ed-b971-08c0eb32008b,3.0
2025-11-10,9a6d59d2-f3f0-11ed-b971-08c0eb32008b,3.0
2025-11-17,9a6d59d2-f3f0-11ed-b971-08c0eb32008b,2.0
2025-11-03,9a96bdbc-a58d-11ef-b10b-08c0eb31fffb,0.0
2025-11-10,9a96bdbc-a58d-11ef-b10b-08c0eb31fffb,0.0
2025-11-17,9a96bdbc-a58d-11ef-b10b-08c0eb31fffb,0.0
2025-11-03,9aac1b6e-ef84-11ef-a97a-be3af2b6059f,0.0
2025-11-10,9aac1b6e-ef84-11ef-a97a-be3af2b6059f,1.0
2025-11-17,9aac1b6e-ef84-11ef-a97a-be3af2b6059f,4.0
2025-11-03,9aad319e-ac76-11ed-ae77-08c0eb320147,0.0
2025-11-10,9aad319e-ac76-11ed-ae77-08c0eb320147,0.0
2025-11-17,9aad319e-ac76-11ed-ae77-08c0eb320147,0.0
2025-11-03,9afa99d1-5982-11eb-85a3-1c34dae33151,3.0
2025-11-10,9afa99d1-5982-11eb-85a3-1c34dae33151,0.0
2025-11-17,9afa99d1-5982-11eb-85a3-1c34dae33151,6.0
2025-11-03,9b83828a-505f-11ed-ae72-08c0eb320147,7.0
2025-11-10,9b83828a-505f-11ed-ae72-08c0eb320147,13.0
2025-11-17,9b83828a-505f-11ed-ae72-08c0eb320147,12.0
2025-11-03,9ba09cdb-2713-11ef-b10b-08c0eb31fffb,4.0
2025-11-10,9ba09cdb-2713-11ef-b10b-08c0eb31fffb,5.0
2025-11-17,9ba09cdb-2713-11ef-b10b-08c0eb31fffb,4.0
2025-11-03,9bbc29ba-95a9-11ec-b0fc-08c0eb31fffb,0.0
2025-11-10,9bbc29ba-95a9-11ec-b0fc-08c0eb31fffb,0.0
2025-11-17,9bbc29ba-95a9-11ec-b0fc-08c0eb31fffb,1.0
2025-11-03,9bbdf0b1-74c4-11ea-b94f-0050560306e1,0.0
2025-11-10,9bbdf0b1-74c4-11ea-b94f-0050560306e1,0.0
2025-11-17,9bbdf0b1-74c4-11ea-b94f-0050560306e1,0.0
2025-11-03,9bf84a3a-e79b-11ef-a97a-be3af2b6059f,4.0
2025-11-10,9bf84a3a-e79b-11ef-a97a-be3af2b6059f,2.0
2025-11-17,9bf84a3a-e79b-11ef-a97a-be3af2b6059f,1.0
2025-11-03,9c1c91aa-9d0f-11eb-85a9-1c34dae33151,2.0
2025-11-10,9c1c91aa-9d0f-11eb-85a9-1c34dae33151,1.0
2025-11-17,9c1c91aa-9d0f-11eb-85a9-1c34dae33151,2.0
2025-11-03,9c4587f5-92ae-11ed-b970-08c0eb32008b,3.0
2025-11-10,9c4587f5-92ae-11ed-b970-08c0eb32008b,3.0
2025-11-17,9c4587f5-92ae-11ed-b970-08c0eb32008b,6.0
2025-11-03,9c78155f-9d05-11ef-b973-08c0eb32008b,0.0
2025-11-10,9c78155f-9d05-11ef-b973-08c0eb32008b,4.0
2025-11-17,9c78155f-9d05-11ef-b973-08c0eb32008b,5.0
2025-11-03,9c87453f-e1f1-11ee-b973-08c0eb32008b,0.0
2025-11-10,9c87453f-e1f1-11ee-b973-08c0eb32008b,0.0
2025-11-17,9c87453f-e1f1-11ee-b973-08c0eb32008b,0.0
2025-11-03,9c92abd6-7195-11ed-885b-08c0eb32014b,0.0
2025-11-10,9c92abd6-7195-11ed-885b-08c0eb32014b,0.0
2025-11-17,9c92abd6-7195-11ed-885b-08c0eb32014b,1.0
2025-11-03,9ca2e3a6-71bf-11ed-b96e-08c0eb32008b,0.0
2025-11-10,9ca2e3a6-71bf-11ed-b96e-08c0eb32008b,0.0
2025-11-17,9ca2e3a6-71bf-11ed-b96e-08c0eb32008b,0.0
2025-11-03,9caf1308-eefe-11ef-aa23-be3af2b6059f,4.0
2025-11-10,9caf1308-eefe-11ef-aa23-be3af2b6059f,2.0
2025-11-17,9caf1308-eefe-11ef-aa23-be3af2b6059f,5.0
2025-11-03,9cbc2664-da85-11ec-8859-08c0eb32014b,4.0
2025-11-10,9cbc2664-da85-11ec-8859-08c0eb32014b,6.0
2025-11-17,9cbc2664-da85-11ec-8859-08c0eb32014b,2.0
2025-11-03,9cbff6aa-e8df-11ed-b10a-08c0eb31fffb,2.0
2025-11-10,9cbff6aa-e8df-11ed-b10a-08c0eb31fffb,0.0
2025-11-17,9cbff6aa-e8df-11ed-b10a-08c0eb31fffb,2.0
2025-11-03,9d186efa-8ac8-11ee-ae7a-08c0eb320147,1.0
2025-11-10,9d186efa-8ac8-11ee-ae7a-08c0eb320147,2.0
2025-11-17,9d186efa-8ac8-11ee-ae7a-08c0eb320147,1.0
2025-11-03,9d1b2a94-f9d5-11ef-9bb0-be3af2b6059f,5.0
2025-11-10,9d1b2a94-f9d5-11ef-9bb0-be3af2b6059f,5.0
2025-11-17,9d1b2a94-f9d5-11ef-9bb0-be3af2b6059f,3.0
2025-11-03,9d234f8d-a341-11ef-ae7a-08c0eb320147,3.0
2025-11-10,9d234f8d-a341-11ef-ae7a-08c0eb320147,2.0
2025-11-17,9d234f8d-a341-11ef-ae7a-08c0eb320147,2.0
2025-11-03,9d3710f8-c1fd-11eb-85ab-1c34dae33151,0.0
2025-11-10,9d3710f8-c1fd-11eb-85ab-1c34dae33151,3.0
2025-11-17,9d3710f8-c1fd-11eb-85ab-1c34dae33151,2.0
2025-11-03,9d3b96bf-a81a-11eb-85a9-1c34dae33151,4.0
2025-11-10,9d3b96bf-a81a-11eb-85a9-1c34dae33151,4.0
2025-11-17,9d3b96bf-a81a-11eb-85a9-1c34dae33151,6.0
2025-11-03,9d84f969-0cf3-11ed-b96c-08c0eb32008b,3.0
2025-11-10,9d84f969-0cf3-11ed-b96c-08c0eb32008b,1.0
2025-11-17,9d84f969-0cf3-11ed-b96c-08c0eb32008b,0.0
2025-11-03,9d9505ff-87ab-11ef-b973-08c0eb32008b,1.0
2025-11-10,9d9505ff-87ab-11ef-b973-08c0eb32008b,1.0
2025-11-17,9d9505ff-87ab-11ef-b973-08c0eb32008b,4.0
2025-11-03,9db56df1-59b4-11ed-ae75-08c0eb320147,2.0
2025-11-10,9db56df1-59b4-11ed-ae75-08c0eb320147,3.0
2025-11-17,9db56df1-59b4-11ed-ae75-08c0eb320147,2.0
2025-11-03,9db68aa8-dfb3-11ef-a97a-be3af2b6059f,5.0
2025-11-10,9db68aa8-dfb3-11ef-a97a-be3af2b6059f,10.0
2025-11-17,9db68aa8-dfb3-11ef-a97a-be3af2b6059f,3.0
2025-11-03,9dcd2954-c26f-11ed-ae77-08c0eb320147,3.0
2025-11-10,9dcd2954-c26f-11ed-ae77-08c0eb320147,1.0
2025-11-17,9dcd2954-c26f-11ed-ae77-08c0eb320147,1.0
2025-11-03,9de7fdf5-e09d-11ea-8599-1c34dae33151,4.0
2025-11-10,9de7fdf5-e09d-11ea-8599-1c34dae33151,1.0
2025-11-17,9de7fdf5-e09d-11ea-8599-1c34dae33151,2.0
2025-11-03,9df8c899-1830-11ef-ae7a-08c0eb320147,1.0
2025-11-10,9df8c899-1830-11ef-ae7a-08c0eb320147,1.0
2025-11-17,9df8c899-1830-11ef-ae7a-08c0eb320147,0.0
2025-11-03,9e1178a4-c765-11eb-85ac-1c34dae33151,4.0
2025-11-10,9e1178a4-c765-11eb-85ac-1c34dae33151,5.0
2025-11-17,9e1178a4-c765-11eb-85ac-1c34dae33151,4.0
2025-11-03,9e1445cf-789d-11ee-b10a-08c0eb31fffb,2.0
2025-11-10,9e1445cf-789d-11ee-b10a-08c0eb31fffb,3.0
2025-11-17,9e1445cf-789d-11ee-b10a-08c0eb31fffb,0.0
2025-11-03,9e24a579-674d-11ed-b96e-08c0eb32008b,3.0
2025-11-10,9e24a579-674d-11ed-b96e-08c0eb32008b,4.0
2025-11-17,9e24a579-674d-11ed-b96e-08c0eb32008b,3.0
2025-11-03,9e383d4b-d48c-11ed-b970-08c0eb32008b,5.0
2025-11-10,9e383d4b-d48c-11ed-b970-08c0eb32008b,3.0
2025-11-17,9e383d4b-d48c-11ed-b970-08c0eb32008b,4.0
2025-11-03,9e4c2608-7d21-11ed-b970-08c0eb32008b,1.0
2025-11-10,9e4c2608-7d21-11ed-b970-08c0eb32008b,1.0
2025-11-17,9e4c2608-7d21-11ed-b970-08c0eb32008b,2.0
2025-11-03,9eb3ed93-a00c-11ee-b10b-08c0eb31fffb,2.0
2025-11-10,9eb3ed93-a00c-11ee-b10b-08c0eb31fffb,3.0
2025-11-17,9eb3ed93-a00c-11ee-b10b-08c0eb31fffb,3.0
2025-11-03,9ec395f9-5398-11ed-ae75-08c0eb320147,2.0
2025-11-10,9ec395f9-5398-11ed-ae75-08c0eb320147,0.0
2025-11-17,9ec395f9-5398-11ed-ae75-08c0eb320147,2.0
2025-11-03,9ed9f73c-30d7-11eb-859a-1c34dae33151,0.0
2025-11-10,9ed9f73c-30d7-11eb-859a-1c34dae33151,0.0
2025-11-17,9ed9f73c-30d7-11eb-859a-1c34dae33151,0.0
2025-11-03,9edb3ad2-03d8-11ef-ae7a-08c0eb320147,2.0
2025-11-10,9edb3ad2-03d8-11ef-ae7a-08c0eb320147,0.0
2025-11-17,9edb3ad2-03d8-11ef-ae7a-08c0eb320147,2.0
2025-11-03,9eeb8195-a81b-11eb-85a9-1c34dae33151,0.0
2025-11-10,9eeb8195-a81b-11eb-85a9-1c34dae33151,0.0
2025-11-17,9eeb8195-a81b-11eb-85a9-1c34dae33151,2.0
2025-11-03,9f0e947d-243c-11ed-b106-08c0eb31fffb,0.0
2025-11-10,9f0e947d-243c-11ed-b106-08c0eb31fffb,3.0
2025-11-17,9f0e947d-243c-11ed-b106-08c0eb31fffb,1.0
2025-11-03,9f1dc0e3-9923-11eb-85a9-1c34dae33151,5.0
2025-11-10,9f1dc0e3-9923-11eb-85a9-1c34dae33151,11.0
2025-11-17,9f1dc0e3-9923-11eb-85a9-1c34dae33151,7.0
2025-11-03,9f5a5b98-3c2a-11ea-b533-0050560306e1,0.0
2025-11-10,9f5a5b98-3c2a-11ea-b533-0050560306e1,1.0
2025-11-17,9f5a5b98-3c2a-11ea-b533-0050560306e1,0.0
2025-11-03,9fae2aea-4d56-11ec-a0ee-ec0d9a21b021,0.0
2025-11-10,9fae2aea-4d56-11ec-a0ee-ec0d9a21b021,2.0
2025-11-17,9fae2aea-4d56-11ec-a0ee-ec0d9a21b021,2.0
2025-11-03,9fc5ed26-58ee-11ed-885b-08c0eb32014b,0.0
2025-11-10,9fc5ed26-58ee-11ed-885b-08c0eb32014b,0.0
2025-11-17,9fc5ed26-58ee-11ed-885b-08c0eb32014b,4.0
2025-11-03,9fdde279-8adc-11ef-b973-08c0eb32008b,0.0
2025-11-10,9fdde279-8adc-11ef-b973-08c0eb32008b,2.0
2025-11-17,9fdde279-8adc-11ef-b973-08c0eb32008b,0.0
2025-11-03,9ff9b613-3879-11eb-859a-1c34dae33151,3.0
2025-11-10,9ff9b613-3879-11eb-859a-1c34dae33151,4.0
2025-11-17,9ff9b613-3879-11eb-859a-1c34dae33151,8.0
2025-11-03,a0454f04-22b3-11eb-8599-1c34dae33151,3.0
2025-11-10,a0454f04-22b3-11eb-8599-1c34dae33151,3.0
2025-11-17,a0454f04-22b3-11eb-8599-1c34dae33151,4.0
2025-11-03,a07979f2-a293-11eb-85a9-1c34dae33151,0.0
2025-11-10,a07979f2-a293-11eb-85a9-1c34dae33151,6.0
2025-11-17,a07979f2-a293-11eb-85a9-1c34dae33151,3.0
2025-11-03,a0ba2809-fc8f-11ee-b973-08c0eb32008b,5.0
2025-11-10,a0ba2809-fc8f-11ee-b973-08c0eb32008b,5.0
2025-11-17,a0ba2809-fc8f-11ee-b973-08c0eb32008b,5.0
2025-11-03,a0be5dd3-98ca-11ec-8856-08c0eb32014b,2.0
2025-11-10,a0be5dd3-98ca-11ec-8856-08c0eb32014b,2.0
2025-11-17,a0be5dd3-98ca-11ec-8856-08c0eb32014b,3.0
2025-11-03,a0c9dcca-0347-11f0-9bb0-be3af2b6059f,8.0
2025-11-10,a0c9dcca-0347-11f0-9bb0-be3af2b6059f,3.0
2025-11-17,a0c9dcca-0347-11f0-9bb0-be3af2b6059f,7.0
2025-11-03,a0de2032-34d9-11ed-b106-08c0eb31fffb,6.0
2025-11-10,a0de2032-34d9-11ed-b106-08c0eb31fffb,5.0
2025-11-17,a0de2032-34d9-11ed-b106-08c0eb31fffb,0.0
2025-11-03,a0e1a849-8bce-11ef-b10b-08c0eb31fffb,2.0
2025-11-10,a0e1a849-8bce-11ef-b10b-08c0eb31fffb,1.0
2025-11-17,a0e1a849-8bce-11ef-b10b-08c0eb31fffb,0.0
2025-11-03,a126bb02-92a1-11ed-885d-08c0eb32014b,1.0
2025-11-10,a126bb02-92a1-11ed-885d-08c0eb32014b,6.0
2025-11-17,a126bb02-92a1-11ed-885d-08c0eb32014b,6.0
2025-11-03,a12f98f3-136e-11ef-ae7a-08c0eb320147,2.0
2025-11-10,a12f98f3-136e-11ef-ae7a-08c0eb320147,0.0
2025-11-17,a12f98f3-136e-11ef-ae7a-08c0eb320147,2.0
2025-11-03,a135ce12-816d-11eb-85a3-1c34dae33151,4.0
2025-11-10,a135ce12-816d-11eb-85a3-1c34dae33151,4.0
2025-11-17,a135ce12-816d-11eb-85a3-1c34dae33151,5.0
2025-11-03,a1370b08-3756-11ee-b10a-08c0eb31fffb,0.0
2025-11-10,a1370b08-3756-11ee-b10a-08c0eb31fffb,2.0
2025-11-17,a1370b08-3756-11ee-b10a-08c0eb31fffb,4.0
2025-11-03,a156969b-f3ef-11ed-b971-08c0eb32008b,0.0
2025-11-10,a156969b-f3ef-11ed-b971-08c0eb32008b,0.0
2025-11-17,a156969b-f3ef-11ed-b971-08c0eb32008b,0.0
2025-11-03,a15a8f9b-abb8-11ed-b970-08c0eb32008b,0.0
2025-11-10,a15a8f9b-abb8-11ed-b970-08c0eb32008b,0.0
2025-11-17,a15a8f9b-abb8-11ed-b970-08c0eb32008b,2.0
2025-11-03,a15cd6bd-1f43-11eb-8599-1c34dae33151,2.0
2025-11-10,a15cd6bd-1f43-11eb-8599-1c34dae33151,6.0
2025-11-17,a15cd6bd-1f43-11eb-8599-1c34dae33151,2.0
2025-11-03,a1608528-de2f-11eb-85ad-1c34dae33151,0.0
2025-11-10,a1608528-de2f-11eb-85ad-1c34dae33151,0.0
2025-11-17,a1608528-de2f-11eb-85ad-1c34dae33151,0.0
2025-11-03,a1608966-8582-11eb-85a3-1c34dae33151,4.0
2025-11-10,a1608966-8582-11eb-85a3-1c34dae33151,4.0
2025-11-17,a1608966-8582-11eb-85a3-1c34dae33151,3.0
2025-11-03,a184e945-bd41-11ea-b7de-0050560306e1,0.0
2025-11-10,a184e945-bd41-11ea-b7de-0050560306e1,2.0
2025-11-17,a184e945-bd41-11ea-b7de-0050560306e1,0.0
2025-11-03,a1b91556-50df-11ef-b973-08c0eb32008b,10.0
2025-11-10,a1b91556-50df-11ef-b973-08c0eb32008b,3.0
2025-11-17,a1b91556-50df-11ef-b973-08c0eb32008b,10.0
2025-11-03,a1ff088a-4942-11ec-a0ee-ec0d9a21b021,3.0
2025-11-10,a1ff088a-4942-11ec-a0ee-ec0d9a21b021,3.0
2025-11-17,a1ff088a-4942-11ec-a0ee-ec0d9a21b021,0.0
2025-11-03,a23b413a-aafd-11ef-b10b-08c0eb31fffb,0.0
2025-11-10,a23b413a-aafd-11ef-b10b-08c0eb31fffb,0.0
2025-11-17,a23b413a-aafd-11ef-b10b-08c0eb31fffb,2.0
2025-11-03,a26853ae-fc1f-11eb-a0ee-ec0d9a21b021,1.0
2025-11-10,a26853ae-fc1f-11eb-a0ee-ec0d9a21b021,3.0
2025-11-17,a26853ae-fc1f-11eb-a0ee-ec0d9a21b021,1.0
2025-11-03,a2725421-eba3-11ea-8599-1c34dae33151,0.0
2025-11-10,a2725421-eba3-11ea-8599-1c34dae33151,6.0
2025-11-17,a2725421-eba3-11ea-8599-1c34dae33151,0.0
2025-11-03,a2af9fa7-63ab-11ef-b973-08c0eb32008b,1.0
2025-11-10,a2af9fa7-63ab-11ef-b973-08c0eb32008b,2.0
2025-11-17,a2af9fa7-63ab-11ef-b973-08c0eb32008b,4.0
2025-11-03,a2d52730-8ade-11ef-b973-08c0eb32008b,2.0
2025-11-10,a2d52730-8ade-11ef-b973-08c0eb32008b,1.0
2025-11-17,a2d52730-8ade-11ef-b973-08c0eb32008b,4.0
2025-11-03,a2f56adf-8c9f-11eb-85a8-1c34dae33151,0.0
2025-11-10,a2f56adf-8c9f-11eb-85a8-1c34dae33151,0.0
2025-11-17,a2f56adf-8c9f-11eb-85a8-1c34dae33151,0.0
2025-11-03,a302aa51-50eb-11ef-b973-08c0eb32008b,0.0
2025-11-10,a302aa51-50eb-11ef-b973-08c0eb32008b,0.0
2025-11-17,a302aa51-50eb-11ef-b973-08c0eb32008b,0.0
2025-11-03,a30accc2-9d7d-11ee-8861-08c0eb32014b,6.0
2025-11-10,a30accc2-9d7d-11ee-8861-08c0eb32014b,7.0
2025-11-17,a30accc2-9d7d-11ee-8861-08c0eb32014b,6.0
2025-11-03,a315dec9-70bf-11ed-b107-08c0eb31fffb,7.0
2025-11-10,a315dec9-70bf-11ed-b107-08c0eb31fffb,2.0
2025-11-17,a315dec9-70bf-11ed-b107-08c0eb31fffb,11.0
2025-11-03,a31f3818-2b02-11ee-b10a-08c0eb31fffb,3.0
2025-11-10,a31f3818-2b02-11ee-b10a-08c0eb31fffb,0.0
2025-11-17,a31f3818-2b02-11ee-b10a-08c0eb31fffb,0.0
2025-11-03,a337d512-06e5-11eb-8599-1c34dae33151,1.0
2025-11-10,a337d512-06e5-11eb-8599-1c34dae33151,0.0
2025-11-17,a337d512-06e5-11eb-8599-1c34dae33151,0.0
2025-11-03,a3417adb-7e72-11f0-9bb2-be3af2b6059f,0.0
2025-11-10,a3417adb-7e72-11f0-9bb2-be3af2b6059f,0.0
2025-11-17,a3417adb-7e72-11f0-9bb2-be3af2b6059f,0.0
2025-11-03,a3498e9c-3f6e-11ef-8861-08c0eb32014b,2.0
2025-11-10,a3498e9c-3f6e-11ef-8861-08c0eb32014b,1.0
2025-11-17,a3498e9c-3f6e-11ef-8861-08c0eb32014b,0.0
2025-11-03,a3523d6f-c175-11ec-b96b-08c0eb32008b,0.0
2025-11-10,a3523d6f-c175-11ec-b96b-08c0eb32008b,2.0
2025-11-17,a3523d6f-c175-11ec-b96b-08c0eb32008b,2.0
2025-11-03,a36ea617-7bea-11ef-ae7a-08c0eb320147,1.0
2025-11-10,a36ea617-7bea-11ef-ae7a-08c0eb320147,2.0
2025-11-17,a36ea617-7bea-11ef-ae7a-08c0eb320147,3.0
2025-11-03,a37d8868-eedd-11ef-aa23-be3af2b6059f,2.0
2025-11-10,a37d8868-eedd-11ef-aa23-be3af2b6059f,9.0
2025-11-17,a37d8868-eedd-11ef-aa23-be3af2b6059f,2.0
2025-11-03,a38d1f72-8d06-11ee-8861-08c0eb32014b,0.0
2025-11-10,a38d1f72-8d06-11ee-8861-08c0eb32014b,1.0
2025-11-17,a38d1f72-8d06-11ee-8861-08c0eb32014b,0.0
2025-11-03,a3a3af0d-710d-11eb-85a3-1c34dae33151,1.0
2025-11-10,a3a3af0d-710d-11eb-85a3-1c34dae33151,5.0
2025-11-17,a3a3af0d-710d-11eb-85a3-1c34dae33151,3.0
2025-11-03,a3c29e7a-1768-11ea-8c5d-0050560306e1,3.0
2025-11-10,a3c29e7a-1768-11ea-8c5d-0050560306e1,4.0
2025-11-17,a3c29e7a-1768-11ea-8c5d-0050560306e1,5.0
2025-11-03,a4020464-1891-11ed-b106-08c0eb31fffb,0.0
2025-11-10,a4020464-1891-11ed-b106-08c0eb31fffb,0.0
2025-11-17,a4020464-1891-11ed-b106-08c0eb31fffb,0.0
2025-11-03,a40c6b5f-0bbe-11ef-b10b-08c0eb31fffb,2.0
2025-11-10,a40c6b5f-0bbe-11ef-b10b-08c0eb31fffb,0.0
2025-11-17,a40c6b5f-0bbe-11ef-b10b-08c0eb31fffb,0.0
2025-11-03,a4427ab8-c264-11ed-ae77-08c0eb320147,1.0
2025-11-10,a4427ab8-c264-11ed-ae77-08c0eb320147,2.0
2025-11-17,a4427ab8-c264-11ed-ae77-08c0eb320147,2.0
2025-11-03,a4969634-e323-11eb-a0ee-ec0d9a21b021,4.0
2025-11-10,a4969634-e323-11eb-a0ee-ec0d9a21b021,6.0
2025-11-17,a4969634-e323-11eb-a0ee-ec0d9a21b021,3.0
2025-11-03,a49a24cf-67c8-11ec-b967-08c0eb32008b,0.0
2025-11-10,a49a24cf-67c8-11ec-b967-08c0eb32008b,0.0
2025-11-17,a49a24cf-67c8-11ec-b967-08c0eb32008b,1.0
2025-11-03,a4a80c5c-cfbf-11ee-ae7a-08c0eb320147,4.0
2025-11-10,a4a80c5c-cfbf-11ee-ae7a-08c0eb320147,6.0
2025-11-17,a4a80c5c-cfbf-11ee-ae7a-08c0eb320147,6.0
2025-11-03,a4b88932-52ac-11ec-85ad-1c34dae33151,0.0
2025-11-10,a4b88932-52ac-11ec-85ad-1c34dae33151,0.0
2025-11-17,a4b88932-52ac-11ec-85ad-1c34dae33151,0.0
2025-11-03,a4ca7f57-a950-11ea-9e08-0050560306e1,0.0
2025-11-10,a4ca7f57-a950-11ea-9e08-0050560306e1,0.0
2025-11-17,a4ca7f57-a950-11ea-9e08-0050560306e1,0.0
2025-11-03,a4cbd430-f3f3-11ed-b971-08c0eb32008b,3.0
2025-11-10,a4cbd430-f3f3-11ed-b971-08c0eb32008b,0.0
2025-11-17,a4cbd430-f3f3-11ed-b971-08c0eb32008b,3.0
2025-11-03,a4e13262-2d35-11ee-885f-08c0eb32014b,2.0
2025-11-10,a4e13262-2d35-11ee-885f-08c0eb32014b,1.0
2025-11-17,a4e13262-2d35-11ee-885f-08c0eb32014b,0.0
2025-11-03,a4e9e337-70c4-11ed-b107-08c0eb31fffb,7.0
2025-11-10,a4e9e337-70c4-11ed-b107-08c0eb31fffb,3.0
2025-11-17,a4e9e337-70c4-11ed-b107-08c0eb31fffb,6.0
2025-11-03,a518f726-7e6a-11ec-b967-08c0eb32008b,1.0
2025-11-10,a518f726-7e6a-11ec-b967-08c0eb32008b,2.0
2025-11-17,a518f726-7e6a-11ec-b967-08c0eb32008b,2.0
2025-11-03,a51e1fc3-d7eb-11ea-8599-1c34dae33151,2.0
2025-11-10,a51e1fc3-d7eb-11ea-8599-1c34dae33151,3.0
2025-11-17,a51e1fc3-d7eb-11ea-8599-1c34dae33151,3.0
2025-11-03,a52cedf5-9a52-11ee-ae7a-08c0eb320147,0.0
2025-11-10,a52cedf5-9a52-11ee-ae7a-08c0eb320147,3.0
2025-11-17,a52cedf5-9a52-11ee-ae7a-08c0eb320147,5.0
2025-11-03,a57eef9e-48e5-11ea-8a1c-0050560306e1,4.0
2025-11-10,a57eef9e-48e5-11ea-8a1c-0050560306e1,3.0
2025-11-17,a57eef9e-48e5-11ea-8a1c-0050560306e1,3.0
2025-11-03,a5a5da26-1f5a-11ef-ae7a-08c0eb320147,3.0
2025-11-10,a5a5da26-1f5a-11ef-ae7a-08c0eb320147,1.0
2025-11-17,a5a5da26-1f5a-11ef-ae7a-08c0eb320147,3.0
2025-11-03,a6413634-7bff-11eb-85a3-1c34dae33151,3.0
2025-11-10,a6413634-7bff-11eb-85a3-1c34dae33151,3.0
2025-11-17,a6413634-7bff-11eb-85a3-1c34dae33151,2.0
2025-11-03,a6751e2c-9606-11eb-85a9-1c34dae33151,7.0
2025-11-10,a6751e2c-9606-11eb-85a9-1c34dae33151,6.0
2025-11-17,a6751e2c-9606-11eb-85a9-1c34dae33151,9.0
2025-11-03,a677169a-6986-11ed-b96e-08c0eb32008b,0.0
2025-11-10,a677169a-6986-11ed-b96e-08c0eb32008b,1.0
2025-11-17,a677169a-6986-11ed-b96e-08c0eb32008b,0.0
2025-11-03,a6910c53-7fc9-11ee-b10b-08c0eb31fffb,0.0
2025-11-10,a6910c53-7fc9-11ee-b10b-08c0eb31fffb,3.0
2025-11-17,a6910c53-7fc9-11ee-b10b-08c0eb31fffb,6.0
2025-11-03,a6912b16-6a17-11eb-85a3-1c34dae33151,2.0
2025-11-10,a6912b16-6a17-11eb-85a3-1c34dae33151,4.0
2025-11-17,a6912b16-6a17-11eb-85a3-1c34dae33151,2.0
2025-11-03,a6982a9c-c42e-11ee-b973-08c0eb32008b,5.0
2025-11-10,a6982a9c-c42e-11ee-b973-08c0eb32008b,6.0
2025-11-17,a6982a9c-c42e-11ee-b973-08c0eb32008b,11.0
2025-11-03,a69af118-3635-11ec-85ad-1c34dae33151,3.0
2025-11-10,a69af118-3635-11ec-85ad-1c34dae33151,5.0
2025-11-17,a69af118-3635-11ec-85ad-1c34dae33151,1.0
2025-11-03,a6ad4ac5-32a0-11ee-b10a-08c0eb31fffb,0.0
2025-11-10,a6ad4ac5-32a0-11ee-b10a-08c0eb31fffb,2.0
2025-11-17,a6ad4ac5-32a0-11ee-b10a-08c0eb31fffb,0.0
2025-11-03,a6d916ea-40a7-11ec-85ad-1c34dae33151,1.0
2025-11-10,a6d916ea-40a7-11ec-85ad-1c34dae33151,1.0
2025-11-17,a6d916ea-40a7-11ec-85ad-1c34dae33151,2.0
2025-11-03,a6e126bb-8bd6-11ea-aff3-0050560306e1,0.0
2025-11-10,a6e126bb-8bd6-11ea-aff3-0050560306e1,0.0
2025-11-17,a6e126bb-8bd6-11ea-aff3-0050560306e1,0.0
2025-11-03,a6f6c972-d01b-11eb-85ac-1c34dae33151,2.0
2025-11-10,a6f6c972-d01b-11eb-85ac-1c34dae33151,1.0
2025-11-17,a6f6c972-d01b-11eb-85ac-1c34dae33151,1.0
2025-11-03,a70fe7c3-a651-11ee-b973-08c0eb32008b,0.0
2025-11-10,a70fe7c3-a651-11ee-b973-08c0eb32008b,1.0
2025-11-17,a70fe7c3-a651-11ee-b973-08c0eb32008b,0.0
2025-11-03,a729bf02-77b2-11ed-b107-08c0eb31fffb,7.0
2025-11-10,a729bf02-77b2-11ed-b107-08c0eb31fffb,2.0
2025-11-17,a729bf02-77b2-11ed-b107-08c0eb31fffb,3.0
2025-11-03,a749a623-3013-11ed-ae72-08c0eb320147,5.0
2025-11-10,a749a623-3013-11ed-ae72-08c0eb320147,6.0
2025-11-17,a749a623-3013-11ed-ae72-08c0eb320147,6.0
2025-11-03,a7564b17-0a20-11eb-8599-1c34dae33151,4.0
2025-11-10,a7564b17-0a20-11eb-8599-1c34dae33151,2.0
2025-11-17,a7564b17-0a20-11eb-8599-1c34dae33151,0.0
2025-11-03,a766c244-961c-11ef-ae7a-08c0eb320147,3.0
2025-11-10,a766c244-961c-11ef-ae7a-08c0eb320147,2.0
2025-11-17,a766c244-961c-11ef-ae7a-08c0eb320147,4.0
2025-11-03,a779f480-2feb-11ec-a0ee-ec0d9a21b021,0.0
2025-11-10,a779f480-2feb-11ec-a0ee-ec0d9a21b021,0.0
2025-11-17,a779f480-2feb-11ec-a0ee-ec0d9a21b021,0.0
2025-11-03,a7992154-e304-11eb-85ad-1c34dae33151,0.0
2025-11-10,a7992154-e304-11eb-85ad-1c34dae33151,3.0
2025-11-17,a7992154-e304-11eb-85ad-1c34dae33151,0.0
2025-11-03,a7a21daa-1eb9-11f0-a5cb-7cc255b74513,0.0
2025-11-10,a7a21daa-1eb9-11f0-a5cb-7cc255b74513,1.0
2025-11-17,a7a21daa-1eb9-11f0-a5cb-7cc255b74513,1.0
2025-11-03,a7a561b8-d1c4-11ec-ae71-08c0eb320147,0.0
2025-11-10,a7a561b8-d1c4-11ec-ae71-08c0eb320147,1.0
2025-11-17,a7a561b8-d1c4-11ec-ae71-08c0eb320147,2.0
2025-11-03,a7c26d1d-0021-11f0-a5c9-7cc255b74513,2.0
2025-11-10,a7c26d1d-0021-11f0-a5c9-7cc255b74513,3.0
2025-11-17,a7c26d1d-0021-11f0-a5c9-7cc255b74513,0.0
2025-11-03,a7e7927d-9924-11eb-85a9-1c34dae33151,4.0
2025-11-10,a7e7927d-9924-11eb-85a9-1c34dae33151,3.0
2025-11-17,a7e7927d-9924-11eb-85a9-1c34dae33151,4.0
2025-11-03,a7fef561-29d3-11ed-b96c-08c0eb32008b,6.0
2025-11-10,a7fef561-29d3-11ed-b96c-08c0eb32008b,6.0
2025-11-17,a7fef561-29d3-11ed-b96c-08c0eb32008b,7.0
2025-11-03,a8058f26-a75b-11ef-ae7a-08c0eb320147,4.0
2025-11-10,a8058f26-a75b-11ef-ae7a-08c0eb320147,3.0
2025-11-17,a8058f26-a75b-11ef-ae7a-08c0eb320147,2.0
2025-11-03,a82e7125-c267-11ed-885d-08c0eb32014b,0.0
2025-11-10,a82e7125-c267-11ed-885d-08c0eb32014b,0.0
2025-11-17,a82e7125-c267-11ed-885d-08c0eb32014b,2.0
2025-11-03,a8534613-3c07-11ee-b971-08c0eb32008b,5.0
2025-11-10,a8534613-3c07-11ee-b971-08c0eb32008b,3.0
2025-11-17,a8534613-3c07-11ee-b971-08c0eb32008b,1.0
2025-11-03,a867337f-74c0-11ea-b94f-0050560306e1,3.0
2025-11-10,a867337f-74c0-11ea-b94f-0050560306e1,6.0
2025-11-17,a867337f-74c0-11ea-b94f-0050560306e1,6.0
2025-11-03,a8935d3d-59b8-11ed-885b-08c0eb32014b,3.0
2025-11-10,a8935d3d-59b8-11ed-885b-08c0eb32014b,3.0
2025-11-17,a8935d3d-59b8-11ed-885b-08c0eb32014b,5.0
2025-11-03,a896627d-3012-11eb-859a-1c34dae33151,0.0
2025-11-10,a896627d-3012-11eb-859a-1c34dae33151,1.0
2025-11-17,a896627d-3012-11eb-859a-1c34dae33151,0.0
2025-11-03,a89e2ecc-d286-11eb-85ac-1c34dae33151,4.0
2025-11-10,a89e2ecc-d286-11eb-85ac-1c34dae33151,1.0
2025-11-17,a89e2ecc-d286-11eb-85ac-1c34dae33151,7.0
2025-11-03,a8a31a73-bd40-11ea-b7de-0050560306e1,0.0
2025-11-10,a8a31a73-bd40-11ea-b7de-0050560306e1,0.0
2025-11-17,a8a31a73-bd40-11ea-b7de-0050560306e1,0.0
2025-11-03,a8a6dbe8-f261-11ee-8861-08c0eb32014b,0.0
2025-11-10,a8a6dbe8-f261-11ee-8861-08c0eb32014b,2.0
2025-11-17,a8a6dbe8-f261-11ee-8861-08c0eb32014b,0.0
2025-11-03,a8fd0ba6-edb9-11ee-ae7a-08c0eb320147,3.0
2025-11-10,a8fd0ba6-edb9-11ee-ae7a-08c0eb320147,2.0
2025-11-17,a8fd0ba6-edb9-11ee-ae7a-08c0eb320147,3.0
2025-11-03,a900a031-2f16-11ef-b973-08c0eb32008b,1.0
2025-11-10,a900a031-2f16-11ef-b973-08c0eb32008b,2.0
2025-11-17,a900a031-2f16-11ef-b973-08c0eb32008b,0.0
2025-11-03,a923b60d-f34f-11ee-ae7a-08c0eb320147,0.0
2025-11-10,a923b60d-f34f-11ee-ae7a-08c0eb320147,1.0
2025-11-17,a923b60d-f34f-11ee-ae7a-08c0eb320147,0.0
2025-11-03,a94d89a4-da57-11eb-85ad-1c34dae33151,1.0
2025-11-10,a94d89a4-da57-11eb-85ad-1c34dae33151,3.0
2025-11-17,a94d89a4-da57-11eb-85ad-1c34dae33151,6.0
2025-11-03,a960b2f8-6787-11eb-85a3-1c34dae33151,0.0
2025-11-10,a960b2f8-6787-11eb-85a3-1c34dae33151,2.0
2025-11-17,a960b2f8-6787-11eb-85a3-1c34dae33151,0.0
2025-11-03,a9612eb4-1f71-11f0-aa25-be3af2b6059f,1.0
2025-11-10,a9612eb4-1f71-11f0-aa25-be3af2b6059f,10.0
2025-11-17,a9612eb4-1f71-11f0-aa25-be3af2b6059f,3.0
2025-11-03,a972a198-d007-11ea-b7de-0050560306e1,0.0
2025-11-10,a972a198-d007-11ea-b7de-0050560306e1,3.0
2025-11-17,a972a198-d007-11ea-b7de-0050560306e1,1.0
2025-11-03,a993bb43-1f20-11ef-b973-08c0eb32008b,5.0
2025-11-10,a993bb43-1f20-11ef-b973-08c0eb32008b,2.0
2025-11-17,a993bb43-1f20-11ef-b973-08c0eb32008b,2.0
2025-11-03,a997c1a8-921b-11eb-85a8-1c34dae33151,0.0
2025-11-10,a997c1a8-921b-11eb-85a8-1c34dae33151,1.0
2025-11-17,a997c1a8-921b-11eb-85a8-1c34dae33151,1.0
2025-11-03,a9c41b9b-8e19-11ea-aff3-0050560306e1,4.0
2025-11-10,a9c41b9b-8e19-11ea-aff3-0050560306e1,7.0
2025-11-17,a9c41b9b-8e19-11ea-aff3-0050560306e1,11.0
2025-11-03,a9d29865-5c8c-11f0-a5cb-7cc255b74513,3.0
2025-11-10,a9d29865-5c8c-11f0-a5cb-7cc255b74513,4.0
2025-11-17,a9d29865-5c8c-11f0-a5cb-7cc255b74513,0.0
2025-11-03,a9dd9f0a-87ac-11eb-85a3-1c34dae33151,3.0
2025-11-10,a9dd9f0a-87ac-11eb-85a3-1c34dae33151,2.0
2025-11-17,a9dd9f0a-87ac-11eb-85a3-1c34dae33151,1.0
2025-11-03,a9e14702-d13b-11ec-ae71-08c0eb320147,0.0
2025-11-10,a9e14702-d13b-11ec-ae71-08c0eb320147,1.0
2025-11-17,a9e14702-d13b-11ec-ae71-08c0eb320147,0.0
2025-11-03,a9fc1c76-13d1-11ed-885a-08c0eb32014b,0.0
2025-11-10,a9fc1c76-13d1-11ed-885a-08c0eb32014b,2.0
2025-11-17,a9fc1c76-13d1-11ed-885a-08c0eb32014b,3.0
2025-11-03,aa180e27-06e3-11eb-8599-1c34dae33151,0.0
2025-11-10,aa180e27-06e3-11eb-8599-1c34dae33151,0.0
2025-11-17,aa180e27-06e3-11eb-8599-1c34dae33151,0.0
2025-11-03,aa188ce8-8634-11ef-b10b-08c0eb31fffb,0.0
2025-11-10,aa188ce8-8634-11ef-b10b-08c0eb31fffb,1.0
2025-11-17,aa188ce8-8634-11ef-b10b-08c0eb31fffb,7.0
2025-11-03,aa3b721a-c433-11ee-b10b-08c0eb31fffb,0.0
2025-11-10,aa3b721a-c433-11ee-b10b-08c0eb31fffb,5.0
2025-11-17,aa3b721a-c433-11ee-b10b-08c0eb31fffb,2.0
2025-11-03,aa3beda5-46a9-11f0-aa3c-be3af2b6059f,0.0
2025-11-10,aa3beda5-46a9-11f0-aa3c-be3af2b6059f,2.0
2025-11-17,aa3beda5-46a9-11f0-aa3c-be3af2b6059f,2.0
2025-11-03,aa64f353-2d13-11ed-b96c-08c0eb32008b,0.0
2025-11-10,aa64f353-2d13-11ed-b96c-08c0eb32008b,1.0
2025-11-17,aa64f353-2d13-11ed-b96c-08c0eb32008b,0.0
2025-11-03,aa750782-8171-11eb-85a3-1c34dae33151,0.0
2025-11-10,aa750782-8171-11eb-85a3-1c34dae33151,3.0
2025-11-17,aa750782-8171-11eb-85a3-1c34dae33151,4.0
2025-11-03,aaa2ef02-2fbb-11ef-b10b-08c0eb31fffb,1.0
2025-11-10,aaa2ef02-2fbb-11ef-b10b-08c0eb31fffb,0.0
2025-11-17,aaa2ef02-2fbb-11ef-b10b-08c0eb31fffb,0.0
2025-11-03,aaa598bc-83b2-11ee-b973-08c0eb32008b,4.0
2025-11-10,aaa598bc-83b2-11ee-b973-08c0eb32008b,4.0
2025-11-17,aaa598bc-83b2-11ee-b973-08c0eb32008b,7.0
2025-11-03,aaadeb1e-ac79-11ed-ae77-08c0eb320147,0.0
2025-11-10,aaadeb1e-ac79-11ed-ae77-08c0eb320147,4.0
2025-11-17,aaadeb1e-ac79-11ed-ae77-08c0eb320147,2.0
2025-11-03,aad6cdfb-fe22-11ee-ae7a-08c0eb320147,5.0
2025-11-10,aad6cdfb-fe22-11ee-ae7a-08c0eb320147,2.0
2025-11-17,aad6cdfb-fe22-11ee-ae7a-08c0eb320147,5.0
2025-11-03,aaf0664c-176f-11ef-ae7a-08c0eb320147,8.0
2025-11-10,aaf0664c-176f-11ef-ae7a-08c0eb320147,3.0
2025-11-17,aaf0664c-176f-11ef-ae7a-08c0eb320147,3.0
2025-11-03,aaf6fcae-67c7-11ec-b967-08c0eb32008b,0.0
2025-11-10,aaf6fcae-67c7-11ec-b967-08c0eb32008b,0.0
2025-11-17,aaf6fcae-67c7-11ec-b967-08c0eb32008b,0.0
2025-11-03,ab0bbeb9-6bb5-11f0-a5cb-7cc255b74513,12.0
2025-11-10,ab0bbeb9-6bb5-11f0-a5cb-7cc255b74513,17.0
2025-11-17,ab0bbeb9-6bb5-11f0-a5cb-7cc255b74513,10.0
2025-11-03,ab3024da-2fba-11ef-b10b-08c0eb31fffb,2.0
2025-11-10,ab3024da-2fba-11ef-b10b-08c0eb31fffb,0.0
2025-11-17,ab3024da-2fba-11ef-b10b-08c0eb31fffb,1.0
2025-11-03,ab3fde09-429c-11ee-885f-08c0eb32014b,8.0
2025-11-10,ab3fde09-429c-11ee-885f-08c0eb32014b,11.0
2025-11-17,ab3fde09-429c-11ee-885f-08c0eb32014b,5.0
2025-11-03,ab4786ee-ec34-11ee-b10b-08c0eb31fffb,2.0
2025-11-10,ab4786ee-ec34-11ee-b10b-08c0eb31fffb,2.0
2025-11-17,ab4786ee-ec34-11ee-b10b-08c0eb31fffb,3.0
2025-11-03,ab4e3e10-66b9-11ef-ae7a-08c0eb320147,0.0
2025-11-10,ab4e3e10-66b9-11ef-ae7a-08c0eb320147,1.0
2025-11-17,ab4e3e10-66b9-11ef-ae7a-08c0eb320147,2.0
2025-11-03,ab520411-dae1-11ee-b10b-08c0eb31fffb,4.0
2025-11-10,ab520411-dae1-11ee-b10b-08c0eb31fffb,7.0
2025-11-17,ab520411-dae1-11ee-b10b-08c0eb31fffb,5.0
2025-11-03,ab5a9424-250d-11ed-885a-08c0eb32014b,4.0
2025-11-10,ab5a9424-250d-11ed-885a-08c0eb32014b,3.0
2025-11-17,ab5a9424-250d-11ed-885a-08c0eb32014b,3.0
2025-11-03,ab5f6932-658a-11ed-b107-08c0eb31fffb,3.0
2025-11-10,ab5f6932-658a-11ed-b107-08c0eb31fffb,6.0
2025-11-17,ab5f6932-658a-11ed-b107-08c0eb31fffb,9.0
2025-11-03,ab73d8af-4d63-11ee-ae78-08c0eb320147,1.0
2025-11-10,ab73d8af-4d63-11ee-ae78-08c0eb320147,1.0
2025-11-17,ab73d8af-4d63-11ee-ae78-08c0eb320147,1.0
2025-11-03,ab9251d3-8269-11eb-85a3-1c34dae33151,0.0
2025-11-10,ab9251d3-8269-11eb-85a3-1c34dae33151,4.0
2025-11-17,ab9251d3-8269-11eb-85a3-1c34dae33151,2.0
2025-11-03,abac06a3-71bb-11ed-b96e-08c0eb32008b,0.0
2025-11-10,abac06a3-71bb-11ed-b96e-08c0eb32008b,0.0
2025-11-17,abac06a3-71bb-11ed-b96e-08c0eb32008b,1.0
2025-11-03,abd0cd90-33c5-11eb-859a-1c34dae33151,3.0
2025-11-10,abd0cd90-33c5-11eb-859a-1c34dae33151,2.0
2025-11-17,abd0cd90-33c5-11eb-859a-1c34dae33151,8.0
2025-11-03,abe01e4e-ac75-11ed-ae77-08c0eb320147,0.0
2025-11-10,abe01e4e-ac75-11ed-ae77-08c0eb320147,2.0
2025-11-17,abe01e4e-ac75-11ed-ae77-08c0eb320147,2.0
2025-11-03,ac08df70-00a1-11ef-b10b-08c0eb31fffb,4.0
2025-11-10,ac08df70-00a1-11ef-b10b-08c0eb31fffb,5.0
2025-11-17,ac08df70-00a1-11ef-b10b-08c0eb31fffb,3.0
2025-11-03,ac276549-a409-11eb-85a9-1c34dae33151,3.0
2025-11-10,ac276549-a409-11eb-85a9-1c34dae33151,4.0
2025-11-17,ac276549-a409-11eb-85a9-1c34dae33151,6.0
2025-11-03,ac5072f7-9135-11eb-85a8-1c34dae33151,0.0
2025-11-10,ac5072f7-9135-11eb-85a8-1c34dae33151,1.0
2025-11-17,ac5072f7-9135-11eb-85a8-1c34dae33151,2.0
2025-11-03,ac52fafe-5eee-11ef-ae7a-08c0eb320147,5.0
2025-11-10,ac52fafe-5eee-11ef-ae7a-08c0eb320147,9.0
2025-11-17,ac52fafe-5eee-11ef-ae7a-08c0eb320147,0.0
2025-11-03,ac56f469-7159-11ed-b96e-08c0eb32008b,0.0
2025-11-10,ac56f469-7159-11ed-b96e-08c0eb32008b,3.0
2025-11-17,ac56f469-7159-11ed-b96e-08c0eb32008b,0.0
2025-11-03,ac6989a5-9281-11ee-ae7a-08c0eb320147,0.0
2025-11-10,ac6989a5-9281-11ee-ae7a-08c0eb320147,2.0
2025-11-17,ac6989a5-9281-11ee-ae7a-08c0eb320147,0.0
2025-11-03,ac88ffd9-71d6-11eb-85a3-1c34dae33151,3.0
2025-11-10,ac88ffd9-71d6-11eb-85a3-1c34dae33151,2.0
2025-11-17,ac88ffd9-71d6-11eb-85a3-1c34dae33151,4.0
2025-11-03,ac8ce2e8-06ca-11ee-b971-08c0eb32008b,2.0
2025-11-10,ac8ce2e8-06ca-11ee-b971-08c0eb32008b,1.0
2025-11-17,ac8ce2e8-06ca-11ee-b971-08c0eb32008b,2.0
2025-11-03,ac9059c5-9607-11eb-85a9-1c34dae33151,0.0
2025-11-10,ac9059c5-9607-11eb-85a9-1c34dae33151,0.0
2025-11-17,ac9059c5-9607-11eb-85a9-1c34dae33151,1.0
2025-11-03,acd0935e-aee4-11ee-8861-08c0eb32014b,5.0
2025-11-10,acd0935e-aee4-11ee-8861-08c0eb32014b,4.0
2025-11-17,acd0935e-aee4-11ee-8861-08c0eb32014b,3.0
2025-11-03,acec45a4-0f70-11ee-885e-08c0eb32014b,0.0
2025-11-10,acec45a4-0f70-11ee-885e-08c0eb32014b,0.0
2025-11-17,acec45a4-0f70-11ee-885e-08c0eb32014b,1.0
2025-11-03,acf02e5f-678a-11eb-85a3-1c34dae33151,4.0
2025-11-10,acf02e5f-678a-11eb-85a3-1c34dae33151,3.0
2025-11-17,acf02e5f-678a-11eb-85a3-1c34dae33151,3.0
2025-11-03,ad2b5d81-b997-11ec-b968-08c0eb32008b,3.0
2025-11-10,ad2b5d81-b997-11ec-b968-08c0eb32008b,4.0
2025-11-17,ad2b5d81-b997-11ec-b968-08c0eb32008b,2.0
2025-11-03,ad3d5417-b88f-11ef-a976-be3af2b6059f,0.0
2025-11-10,ad3d5417-b88f-11ef-a976-be3af2b6059f,1.0
2025-11-17,ad3d5417-b88f-11ef-a976-be3af2b6059f,2.0
2025-11-03,ad5ca4e4-49b7-11ea-8a1c-0050560306e1,1.0
2025-11-10,ad5ca4e4-49b7-11ea-8a1c-0050560306e1,3.0
2025-11-17,ad5ca4e4-49b7-11ea-8a1c-0050560306e1,7.0
2025-02-24,ad64ca10-d356-11ef-9bb0-be3af2b6059f,0.0
2025-03-03,ad64ca10-d356-11ef-9bb0-be3af2b6059f,6.0
2025-03-10,ad64ca10-d356-11ef-9bb0-be3af2b6059f,2.0
2025-03-17,ad64ca10-d356-11ef-9bb0-be3af2b6059f,0.0
2025-03-24,ad64ca10-d356-11ef-9bb0-be3af2b6059f,0.0
2025-03-31,ad64ca10-d356-11ef-9bb0-be3af2b6059f,0.0
2025-04-07,ad64ca10-d356-11ef-9bb0-be3af2b6059f,0.0
2025-04-14,ad64ca10-d356-11ef-9bb0-be3af2b6059f,0.0
2025-04-21,ad64ca10-d356-11ef-9bb0-be3af2b6059f,0.0
2025-04-28,ad64ca10-d356-11ef-9bb0-be3af2b6059f,0.0
2025-05-05,ad64ca10-d356-11ef-9bb0-be3af2b6059f,0.0
2025-05-12,ad64ca10-d356-11ef-9bb0-be3af2b6059f,1.0
2025-05-19,ad64ca10-d356-11ef-9bb0-be3af2b6059f,0.0
2025-05-26,ad64ca10-d356-11ef-9bb0-be3af2b6059f,0.0
2025-06-02,ad64ca10-d356-11ef-9bb0-be3af2b6059f,0.0
2025-06-09,ad64ca10-d356-11ef-9bb0-be3af2b6059f,0.0
2025-06-16,ad64ca10-d356-11ef-9bb0-be3af2b6059f,2.0
2025-06-23,ad64ca10-d356-11ef-9bb0-be3af2b6059f,1.0
2025-06-30,ad64ca10-d356-11ef-9bb0-be3af2b6059f,5.0
2025-07-07,ad64ca10-d356-11ef-9bb0-be3af2b6059f,0.0
2025-07-14,ad64ca10-d356-11ef-9bb0-be3af2b6059f,2.0
2025-07-21,ad64ca10-d356-11ef-9bb0-be3af2b6059f,0.0
2025-07-28,ad64ca10-d356-11ef-9bb0-be3af2b6059f,1.0
2025-08-04,ad64ca10-d356-11ef-9bb0-be3af2b6059f,0.0
2025-08-11,ad64ca10-d356-11ef-9bb0-be3af2b6059f,1.0
2025-08-18,ad64ca10-d356-11ef-9bb0-be3af2b6059f,3.0
2025-08-25,ad64ca10-d356-11ef-9bb0-be3af2b6059f,1.0
2025-09-01,ad64ca10-d356-11ef-9bb0-be3af2b6059f,1.0
2025-09-08,ad64ca10-d356-11ef-9bb0-be3af2b6059f,0.0
2025-09-15,ad64ca10-d356-11ef-9bb0-be3af2b6059f,1.0
2025-09-22,ad64ca10-d356-11ef-9bb0-be3af2b6059f,2.0
2025-09-29,ad64ca10-d356-11ef-9bb0-be3af2b6059f,0.0
2025-10-06,ad64ca10-d356-11ef-9bb0-be3af2b6059f,2.0
2025-10-13,ad64ca10-d356-11ef-9bb0-be3af2b6059f,0.0
2025-10-20,ad64ca10-d356-11ef-9bb0-be3af2b6059f,0.0
2025-10-27,ad64ca10-d356-11ef-9bb0-be3af2b6059f,0.0
2025-11-03,ad65a823-168c-11ef-b973-08c0eb32008b,0.0
2025-11-10,ad65a823-168c-11ef-b973-08c0eb32008b,0.0
2025-11-17,ad65a823-168c-11ef-b973-08c0eb32008b,0.0
2025-11-03,ad6695ad-387a-11eb-859a-1c34dae33151,1.0
2025-11-10,ad6695ad-387a-11eb-859a-1c34dae33151,6.0
2025-11-17,ad6695ad-387a-11eb-859a-1c34dae33151,4.0
2025-11-03,ad8e5d8b-8b28-11ea-aff3-0050560306e1,0.0
2025-11-10,ad8e5d8b-8b28-11ea-aff3-0050560306e1,1.0
2025-11-17,ad8e5d8b-8b28-11ea-aff3-0050560306e1,0.0
2025-11-03,ada002ec-f008-11ee-b10b-08c0eb31fffb,2.0
2025-11-10,ada002ec-f008-11ee-b10b-08c0eb31fffb,0.0
2025-11-17,ada002ec-f008-11ee-b10b-08c0eb31fffb,0.0
2025-11-03,adaed14f-ac73-11ed-b970-08c0eb32008b,4.0
2025-11-10,adaed14f-ac73-11ed-b970-08c0eb32008b,4.0
2025-11-17,adaed14f-ac73-11ed-b970-08c0eb32008b,7.0
2025-11-03,adbc0d78-71c1-11ed-ae75-08c0eb320147,3.0
2025-11-10,adbc0d78-71c1-11ed-ae75-08c0eb320147,4.0
2025-11-17,adbc0d78-71c1-11ed-ae75-08c0eb320147,5.0
2025-11-03,add5e648-bdf9-11ef-aa3a-be3af2b6059f,0.0
2025-11-10,add5e648-bdf9-11ef-aa3a-be3af2b6059f,3.0
2025-11-17,add5e648-bdf9-11ef-aa3a-be3af2b6059f,1.0
2025-11-03,addfebcf-8452-11ee-b973-08c0eb32008b,0.0
2025-11-10,addfebcf-8452-11ee-b973-08c0eb32008b,18.0
2025-11-17,addfebcf-8452-11ee-b973-08c0eb32008b,0.0
2025-11-03,ade210c6-b145-11ee-b10b-08c0eb31fffb,4.0
2025-11-10,ade210c6-b145-11ee-b10b-08c0eb31fffb,5.0
2025-11-17,ade210c6-b145-11ee-b10b-08c0eb31fffb,4.0
2025-11-03,adecb352-ecff-11ee-b10b-08c0eb31fffb,0.0
2025-11-10,adecb352-ecff-11ee-b10b-08c0eb31fffb,0.0
2025-11-17,adecb352-ecff-11ee-b10b-08c0eb31fffb,0.0
2025-11-03,adf8a8db-a7e2-11ef-b10b-08c0eb31fffb,1.0
2025-11-10,adf8a8db-a7e2-11ef-b10b-08c0eb31fffb,4.0
2025-11-17,adf8a8db-a7e2-11ef-b10b-08c0eb31fffb,2.0
2025-11-03,ae08f583-dfd3-11eb-85ad-1c34dae33151,0.0
2025-11-10,ae08f583-dfd3-11eb-85ad-1c34dae33151,2.0
2025-11-17,ae08f583-dfd3-11eb-85ad-1c34dae33151,4.0
2025-11-03,ae427843-5227-11ee-b10a-08c0eb31fffb,0.0
2025-11-10,ae427843-5227-11ee-b10a-08c0eb31fffb,3.0
2025-11-17,ae427843-5227-11ee-b10a-08c0eb31fffb,2.0
2025-11-03,ae605a0b-e827-11ee-b973-08c0eb32008b,1.0
2025-11-10,ae605a0b-e827-11ee-b973-08c0eb32008b,0.0
2025-11-17,ae605a0b-e827-11ee-b973-08c0eb32008b,0.0
2025-11-03,ae64363c-63d8-11ed-b96e-08c0eb32008b,0.0
2025-11-10,ae64363c-63d8-11ed-b96e-08c0eb32008b,1.0
2025-11-17,ae64363c-63d8-11ed-b96e-08c0eb32008b,0.0
2025-11-03,ae6d4bfc-c69a-11ee-8861-08c0eb32014b,0.0
2025-11-10,ae6d4bfc-c69a-11ee-8861-08c0eb32014b,0.0
2025-11-17,ae6d4bfc-c69a-11ee-8861-08c0eb32014b,2.0
2025-11-03,ae9da9fa-aaf9-11ea-9e08-0050560306e1,0.0
2025-11-10,ae9da9fa-aaf9-11ea-9e08-0050560306e1,0.0
2025-11-17,ae9da9fa-aaf9-11ea-9e08-0050560306e1,0.0
2025-11-03,aeba2d0f-e22d-11ef-9bb0-be3af2b6059f,0.0
2025-11-10,aeba2d0f-e22d-11ef-9bb0-be3af2b6059f,0.0
2025-11-17,aeba2d0f-e22d-11ef-9bb0-be3af2b6059f,0.0
2025-11-03,aece834f-1fef-11ea-85cc-0050560306e1,1.0
2025-11-10,aece834f-1fef-11ea-85cc-0050560306e1,1.0
2025-11-17,aece834f-1fef-11ea-85cc-0050560306e1,0.0
2025-11-03,aeceb1e4-19b0-11ef-8861-08c0eb32014b,2.0
2025-11-10,aeceb1e4-19b0-11ef-8861-08c0eb32014b,2.0
2025-11-17,aeceb1e4-19b0-11ef-8861-08c0eb32014b,2.0
2025-11-03,aeee662c-7156-11ed-b96e-08c0eb32008b,1.0
2025-11-10,aeee662c-7156-11ed-b96e-08c0eb32008b,0.0
2025-11-17,aeee662c-7156-11ed-b96e-08c0eb32008b,0.0
2025-11-03,aef8d5a5-c11b-11ee-b10b-08c0eb31fffb,0.0
2025-11-10,aef8d5a5-c11b-11ee-b10b-08c0eb31fffb,0.0
2025-11-17,aef8d5a5-c11b-11ee-b10b-08c0eb31fffb,3.0
2025-11-03,aefe6d06-7638-11ed-b96e-08c0eb32008b,1.0
2025-11-10,aefe6d06-7638-11ed-b96e-08c0eb32008b,3.0
2025-11-17,aefe6d06-7638-11ed-b96e-08c0eb32008b,2.0
2025-11-03,af114ebb-9c2a-11ef-b10b-08c0eb31fffb,2.0
2025-11-10,af114ebb-9c2a-11ef-b10b-08c0eb31fffb,0.0
2025-11-17,af114ebb-9c2a-11ef-b10b-08c0eb31fffb,3.0
2025-11-03,af548b50-17d3-11ed-ae72-08c0eb320147,0.0
2025-11-10,af548b50-17d3-11ed-ae72-08c0eb320147,0.0
2025-11-17,af548b50-17d3-11ed-ae72-08c0eb320147,0.0
2025-11-03,af5c27c9-50ec-11ef-b973-08c0eb32008b,7.0
2025-11-10,af5c27c9-50ec-11ef-b973-08c0eb32008b,5.0
2025-11-17,af5c27c9-50ec-11ef-b973-08c0eb32008b,4.0
2025-11-03,af61fd26-c268-11ed-b970-08c0eb32008b,7.0
2025-11-10,af61fd26-c268-11ed-b970-08c0eb32008b,2.0
2025-11-17,af61fd26-c268-11ed-b970-08c0eb32008b,5.0
2025-11-03,af8f60f9-b3ad-11ef-ae7a-08c0eb320147,2.0
2025-11-10,af8f60f9-b3ad-11ef-ae7a-08c0eb320147,1.0
2025-11-17,af8f60f9-b3ad-11ef-ae7a-08c0eb320147,0.0
2025-11-03,afa3ee05-a40c-11eb-85a9-1c34dae33151,2.0
2025-11-10,afa3ee05-a40c-11eb-85a9-1c34dae33151,2.0
2025-11-17,afa3ee05-a40c-11eb-85a9-1c34dae33151,2.0
2025-11-03,afd96837-a947-11ea-9e08-0050560306e1,0.0
2025-11-10,afd96837-a947-11ea-9e08-0050560306e1,0.0
2025-11-17,afd96837-a947-11ea-9e08-0050560306e1,0.0
2025-11-03,afec35c8-6bb3-11f0-a5cb-7cc255b74513,0.0
2025-11-10,afec35c8-6bb3-11f0-a5cb-7cc255b74513,6.0
2025-11-17,afec35c8-6bb3-11f0-a5cb-7cc255b74513,0.0
2025-11-03,aff238d3-9926-11eb-85a9-1c34dae33151,0.0
2025-11-10,aff238d3-9926-11eb-85a9-1c34dae33151,1.0
2025-11-17,aff238d3-9926-11eb-85a9-1c34dae33151,4.0
2025-11-03,aff42e03-d417-11ef-9bb0-be3af2b6059f,0.0
2025-11-10,aff42e03-d417-11ef-9bb0-be3af2b6059f,0.0
2025-11-17,aff42e03-d417-11ef-9bb0-be3af2b6059f,0.0
2025-11-03,aff94e45-f267-11ee-b973-08c0eb32008b,0.0
2025-11-10,aff94e45-f267-11ee-b973-08c0eb32008b,1.0
2025-11-17,aff94e45-f267-11ee-b973-08c0eb32008b,0.0
2025-11-03,b01d5c15-f65a-11ed-b971-08c0eb32008b,4.0
2025-11-10,b01d5c15-f65a-11ed-b971-08c0eb32008b,4.0
2025-11-17,b01d5c15-f65a-11ed-b971-08c0eb32008b,0.0
2025-11-03,b0275143-0a21-11eb-8599-1c34dae33151,8.0
2025-11-10,b0275143-0a21-11eb-8599-1c34dae33151,7.0
2025-11-17,b0275143-0a21-11eb-8599-1c34dae33151,4.0
2025-11-03,b054d971-009e-11ef-b10b-08c0eb31fffb,3.0
2025-11-10,b054d971-009e-11ef-b10b-08c0eb31fffb,7.0
2025-11-17,b054d971-009e-11ef-b10b-08c0eb31fffb,6.0
2025-11-03,b058b5ef-bd2c-11ea-b7de-0050560306e1,0.0
2025-11-10,b058b5ef-bd2c-11ea-b7de-0050560306e1,0.0
2025-11-17,b058b5ef-bd2c-11ea-b7de-0050560306e1,0.0
2025-11-03,b0692554-eddd-11ee-b10b-08c0eb31fffb,2.0
2025-11-10,b0692554-eddd-11ee-b10b-08c0eb31fffb,1.0
2025-11-17,b0692554-eddd-11ee-b10b-08c0eb31fffb,0.0
2025-11-03,b07caf80-27b3-11ee-ae78-08c0eb320147,3.0
2025-11-10,b07caf80-27b3-11ee-ae78-08c0eb320147,4.0
2025-11-17,b07caf80-27b3-11ee-ae78-08c0eb320147,8.0
2025-11-03,b0e7f611-7693-11ee-ae79-08c0eb320147,3.0
2025-11-10,b0e7f611-7693-11ee-ae79-08c0eb320147,2.0
2025-11-17,b0e7f611-7693-11ee-ae79-08c0eb320147,2.0
2025-11-03,b10e19d9-782a-11f0-a97c-be3af2b6059f,0.0
2025-11-10,b10e19d9-782a-11f0-a97c-be3af2b6059f,1.0
2025-11-17,b10e19d9-782a-11f0-a97c-be3af2b6059f,2.0
2025-11-03,b11f4c61-e1f3-11ee-b973-08c0eb32008b,0.0
2025-11-10,b11f4c61-e1f3-11ee-b973-08c0eb32008b,4.0
2025-11-17,b11f4c61-e1f3-11ee-b973-08c0eb32008b,1.0
2025-11-03,b1421b2b-86f7-11ef-b10b-08c0eb31fffb,7.0
2025-11-10,b1421b2b-86f7-11ef-b10b-08c0eb31fffb,7.0
2025-11-17,b1421b2b-86f7-11ef-b10b-08c0eb31fffb,11.0
2025-11-03,b174e218-1768-11ea-8c5d-0050560306e1,4.0
2025-11-10,b174e218-1768-11ea-8c5d-0050560306e1,6.0
2025-11-17,b174e218-1768-11ea-8c5d-0050560306e1,6.0
2025-11-03,b18f1dcf-ac5c-11ed-885d-08c0eb32014b,0.0
2025-11-10,b18f1dcf-ac5c-11ed-885d-08c0eb32014b,1.0
2025-11-17,b18f1dcf-ac5c-11ed-885d-08c0eb32014b,0.0
2025-11-03,b19a002c-87ad-11eb-85a3-1c34dae33151,4.0
2025-11-10,b19a002c-87ad-11eb-85a3-1c34dae33151,9.0
2025-11-17,b19a002c-87ad-11eb-85a3-1c34dae33151,6.0
2025-11-03,b19e5e0e-eabd-11eb-a0ee-ec0d9a21b021,2.0
2025-11-10,b19e5e0e-eabd-11eb-a0ee-ec0d9a21b021,1.0
2025-11-17,b19e5e0e-eabd-11eb-a0ee-ec0d9a21b021,0.0
2025-11-03,b1a28d6c-f3ea-11ed-ae78-08c0eb320147,0.0
2025-11-10,b1a28d6c-f3ea-11ed-ae78-08c0eb320147,0.0
2025-11-17,b1a28d6c-f3ea-11ed-ae78-08c0eb320147,0.0
2025-11-03,b1aab59c-3c77-11f0-aa25-be3af2b6059f,3.0
2025-11-10,b1aab59c-3c77-11f0-aa25-be3af2b6059f,2.0
2025-11-17,b1aab59c-3c77-11f0-aa25-be3af2b6059f,2.0
2025-11-03,b1b49e58-2885-11ed-b96c-08c0eb32008b,0.0
2025-11-10,b1b49e58-2885-11ed-b96c-08c0eb32008b,2.0
2025-11-17,b1b49e58-2885-11ed-b96c-08c0eb32008b,0.0
2025-11-03,b1c7ad95-a343-11ef-ae7a-08c0eb320147,0.0
2025-11-10,b1c7ad95-a343-11ef-ae7a-08c0eb320147,0.0
2025-11-17,b1c7ad95-a343-11ef-ae7a-08c0eb320147,0.0
2025-11-03,b1e9c9e6-a594-11ee-b973-08c0eb32008b,1.0
2025-11-10,b1e9c9e6-a594-11ee-b973-08c0eb32008b,3.0
2025-11-17,b1e9c9e6-a594-11ee-b973-08c0eb32008b,1.0
2025-11-03,b1ecbdfa-d7b0-11ed-b970-08c0eb32008b,0.0
2025-11-10,b1ecbdfa-d7b0-11ed-b970-08c0eb32008b,0.0
2025-11-17,b1ecbdfa-d7b0-11ed-b970-08c0eb32008b,0.0
2025-11-03,b1f9991a-7c8d-11ed-b970-08c0eb32008b,0.0
2025-11-10,b1f9991a-7c8d-11ed-b970-08c0eb32008b,0.0
2025-11-17,b1f9991a-7c8d-11ed-b970-08c0eb32008b,1.0
2025-11-03,b22be24a-77cd-11ee-b972-08c0eb32008b,0.0
2025-11-10,b22be24a-77cd-11ee-b972-08c0eb32008b,0.0
2025-11-17,b22be24a-77cd-11ee-b972-08c0eb32008b,0.0
2025-11-03,b24a042a-1cba-11ee-b10a-08c0eb31fffb,0.0
2025-11-10,b24a042a-1cba-11ee-b10a-08c0eb31fffb,1.0
2025-11-17,b24a042a-1cba-11ee-b10a-08c0eb31fffb,0.0
2025-11-03,b25308c1-5ef8-11eb-85a3-1c34dae33151,3.0
2025-11-10,b25308c1-5ef8-11eb-85a3-1c34dae33151,4.0
2025-11-17,b25308c1-5ef8-11eb-85a3-1c34dae33151,2.0
2025-11-03,b2768dbe-52b0-11ec-85ad-1c34dae33151,3.0
2025-11-10,b2768dbe-52b0-11ec-85ad-1c34dae33151,1.0
2025-11-17,b2768dbe-52b0-11ec-85ad-1c34dae33151,2.0
2025-11-03,b28b5354-47be-11ec-85ad-1c34dae33151,0.0
2025-11-10,b28b5354-47be-11ec-85ad-1c34dae33151,4.0
2025-11-17,b28b5354-47be-11ec-85ad-1c34dae33151,3.0
2025-11-03,b28b9618-5e3c-11ef-ae7a-08c0eb320147,4.0
2025-11-10,b28b9618-5e3c-11ef-ae7a-08c0eb320147,3.0
2025-11-17,b28b9618-5e3c-11ef-ae7a-08c0eb320147,4.0
2025-11-03,b2db6619-c25f-11ed-b970-08c0eb32008b,0.0
2025-11-10,b2db6619-c25f-11ed-b970-08c0eb32008b,0.0
2025-11-17,b2db6619-c25f-11ed-b970-08c0eb32008b,0.0
2025-11-03,b2e63ddd-817d-11ef-8861-08c0eb32014b,3.0
2025-11-10,b2e63ddd-817d-11ef-8861-08c0eb32014b,3.0
2025-11-17,b2e63ddd-817d-11ef-8861-08c0eb32014b,0.0
2025-11-03,b3321e03-349c-11f0-aa25-be3af2b6059f,0.0
2025-11-10,b3321e03-349c-11f0-aa25-be3af2b6059f,0.0
2025-11-17,b3321e03-349c-11f0-aa25-be3af2b6059f,6.0
2025-11-03,b33461eb-8afc-11ea-aff3-0050560306e1,0.0
2025-11-10,b33461eb-8afc-11ea-aff3-0050560306e1,0.0
2025-11-17,b33461eb-8afc-11ea-aff3-0050560306e1,1.0
2025-11-03,b35cfa8d-adb4-11ef-b973-08c0eb32008b,0.0
2025-11-10,b35cfa8d-adb4-11ef-b973-08c0eb32008b,0.0
2025-11-17,b35cfa8d-adb4-11ef-b973-08c0eb32008b,1.0
2025-11-03,b3786423-1c15-11ef-8861-08c0eb32014b,1.0
2025-11-10,b3786423-1c15-11ef-8861-08c0eb32014b,2.0
2025-11-17,b3786423-1c15-11ef-8861-08c0eb32014b,2.0
2025-11-03,b37b78bd-28b7-11eb-8599-1c34dae33151,0.0
2025-11-10,b37b78bd-28b7-11eb-8599-1c34dae33151,2.0
2025-11-17,b37b78bd-28b7-11eb-8599-1c34dae33151,3.0
2025-11-03,b3a46846-49bf-11ea-8a1c-0050560306e1,3.0
2025-11-10,b3a46846-49bf-11ea-8a1c-0050560306e1,3.0
2025-11-17,b3a46846-49bf-11ea-8a1c-0050560306e1,3.0
2025-11-03,b3a4ea8d-0090-11ef-8861-08c0eb32014b,0.0
2025-11-10,b3a4ea8d-0090-11ef-8861-08c0eb32014b,0.0
2025-11-17,b3a4ea8d-0090-11ef-8861-08c0eb32014b,0.0
2025-11-03,b3a8d38d-8d68-11ef-b973-08c0eb32008b,0.0
2025-11-10,b3a8d38d-8d68-11ef-b973-08c0eb32008b,2.0
2025-11-17,b3a8d38d-8d68-11ef-b973-08c0eb32008b,0.0
2025-11-03,b3adfc93-f29c-11ee-b973-08c0eb32008b,3.0
2025-11-10,b3adfc93-f29c-11ee-b973-08c0eb32008b,4.0
2025-11-17,b3adfc93-f29c-11ee-b973-08c0eb32008b,2.0
2025-11-03,b3dc7a3b-9c4d-11eb-85a9-1c34dae33151,3.0
2025-11-10,b3dc7a3b-9c4d-11eb-85a9-1c34dae33151,2.0
2025-11-17,b3dc7a3b-9c4d-11eb-85a9-1c34dae33151,2.0
2025-11-03,b404f032-8d0a-11ee-b973-08c0eb32008b,0.0
2025-11-10,b404f032-8d0a-11ee-b973-08c0eb32008b,3.0
2025-11-17,b404f032-8d0a-11ee-b973-08c0eb32008b,1.0
2025-11-03,b41c2193-7c8b-11ed-b970-08c0eb32008b,0.0
2025-11-10,b41c2193-7c8b-11ed-b970-08c0eb32008b,0.0
2025-11-17,b41c2193-7c8b-11ed-b970-08c0eb32008b,0.0
2025-11-03,b43dc4d5-d612-11ee-b973-08c0eb32008b,3.0
2025-11-10,b43dc4d5-d612-11ee-b973-08c0eb32008b,4.0
2025-11-17,b43dc4d5-d612-11ee-b973-08c0eb32008b,6.0
2025-11-03,b46f0cb0-74b3-11ee-b972-08c0eb32008b,2.0
2025-11-10,b46f0cb0-74b3-11ee-b972-08c0eb32008b,1.0
2025-11-17,b46f0cb0-74b3-11ee-b972-08c0eb32008b,2.0
2025-11-03,b479d3eb-d7ba-11ed-b970-08c0eb32008b,1.0
2025-11-10,b479d3eb-d7ba-11ed-b970-08c0eb32008b,3.0
2025-11-17,b479d3eb-d7ba-11ed-b970-08c0eb32008b,0.0
2025-11-03,b47c8548-e619-11ee-8861-08c0eb32014b,0.0
2025-11-10,b47c8548-e619-11ee-8861-08c0eb32014b,0.0
2025-11-17,b47c8548-e619-11ee-8861-08c0eb32014b,2.0
2025-11-03,b498c601-2f19-11f0-a97c-be3af2b6059f,0.0
2025-11-10,b498c601-2f19-11f0-a97c-be3af2b6059f,0.0
2025-11-17,b498c601-2f19-11f0-a97c-be3af2b6059f,0.0
2025-11-03,b4f6d88f-7fe2-11ef-b973-08c0eb32008b,0.0
2025-11-10,b4f6d88f-7fe2-11ef-b973-08c0eb32008b,2.0
2025-11-17,b4f6d88f-7fe2-11ef-b973-08c0eb32008b,0.0
2025-11-03,b5284e60-b7ce-11ef-ae7a-08c0eb320147,1.0
2025-11-10,b5284e60-b7ce-11ef-ae7a-08c0eb320147,1.0
2025-11-17,b5284e60-b7ce-11ef-ae7a-08c0eb320147,1.0
2025-11-03,b57848f3-9925-11eb-85a9-1c34dae33151,4.0
2025-11-10,b57848f3-9925-11eb-85a9-1c34dae33151,1.0
2025-11-17,b57848f3-9925-11eb-85a9-1c34dae33151,2.0
2025-11-03,b58b3202-03d9-11ef-ae7a-08c0eb320147,10.0
2025-11-10,b58b3202-03d9-11ef-ae7a-08c0eb320147,10.0
2025-11-17,b58b3202-03d9-11ef-ae7a-08c0eb320147,8.0
2025-11-03,b58f2e31-87b9-11eb-85a3-1c34dae33151,3.0
2025-11-10,b58f2e31-87b9-11eb-85a3-1c34dae33151,4.0
2025-11-17,b58f2e31-87b9-11eb-85a3-1c34dae33151,3.0
2025-11-03,b5a6273d-4082-11ec-a0ee-ec0d9a21b021,4.0
2025-11-10,b5a6273d-4082-11ec-a0ee-ec0d9a21b021,3.0
2025-11-17,b5a6273d-4082-11ec-a0ee-ec0d9a21b021,2.0
2025-11-03,b5d34289-4a84-11ef-ae7a-08c0eb320147,7.0
2025-11-10,b5d34289-4a84-11ef-ae7a-08c0eb320147,3.0
2025-11-17,b5d34289-4a84-11ef-ae7a-08c0eb320147,7.0
2025-11-03,b5f168c1-ce86-11eb-85ac-1c34dae33151,0.0
2025-11-10,b5f168c1-ce86-11eb-85ac-1c34dae33151,2.0
2025-11-17,b5f168c1-ce86-11eb-85ac-1c34dae33151,4.0
2025-11-03,b60ee2be-d7b5-11ed-b970-08c0eb32008b,0.0
2025-11-10,b60ee2be-d7b5-11ed-b970-08c0eb32008b,0.0
2025-11-17,b60ee2be-d7b5-11ed-b970-08c0eb32008b,0.0
2025-11-03,b6460a07-f1c9-11ea-8599-1c34dae33151,4.0
2025-11-10,b6460a07-f1c9-11ea-8599-1c34dae33151,1.0
2025-11-17,b6460a07-f1c9-11ea-8599-1c34dae33151,1.0
2025-11-03,b66ff61e-7804-11ee-b10a-08c0eb31fffb,1.0
2025-11-10,b66ff61e-7804-11ee-b10a-08c0eb31fffb,6.0
2025-11-17,b66ff61e-7804-11ee-b10a-08c0eb31fffb,3.0
2025-11-03,b68b83de-8f07-11f0-a97c-be3af2b6059f,14.0
2025-11-10,b68b83de-8f07-11f0-a97c-be3af2b6059f,10.0
2025-11-17,b68b83de-8f07-11f0-a97c-be3af2b6059f,7.0
2025-11-03,b691d564-3802-11ec-85ad-1c34dae33151,7.0
2025-11-10,b691d564-3802-11ec-85ad-1c34dae33151,18.0
2025-11-17,b691d564-3802-11ec-85ad-1c34dae33151,10.0
2025-11-03,b6ace893-877b-11ed-b970-08c0eb32008b,0.0
2025-11-10,b6ace893-877b-11ed-b970-08c0eb32008b,2.0
2025-11-17,b6ace893-877b-11ed-b970-08c0eb32008b,0.0
2025-11-03,b6c3f814-1e8c-11ef-8861-08c0eb32014b,0.0
2025-11-10,b6c3f814-1e8c-11ef-8861-08c0eb32014b,2.0
2025-11-17,b6c3f814-1e8c-11ef-8861-08c0eb32014b,4.0
2025-11-03,b6e9caf9-0388-11ed-ae72-08c0eb320147,2.0
2025-11-10,b6e9caf9-0388-11ed-ae72-08c0eb320147,3.0
2025-11-17,b6e9caf9-0388-11ed-ae72-08c0eb320147,2.0
2025-11-03,b6fbbff4-dc84-11ee-ae7a-08c0eb320147,3.0
2025-11-10,b6fbbff4-dc84-11ee-ae7a-08c0eb320147,1.0
2025-11-17,b6fbbff4-dc84-11ee-ae7a-08c0eb320147,0.0
2025-11-03,b6fcc361-d08e-11ee-b10b-08c0eb31fffb,5.0
2025-11-10,b6fcc361-d08e-11ee-b10b-08c0eb31fffb,11.0
2025-11-17,b6fcc361-d08e-11ee-b10b-08c0eb31fffb,2.0
2025-11-03,b7092822-fca1-11ee-ae7a-08c0eb320147,8.0
2025-11-10,b7092822-fca1-11ee-ae7a-08c0eb320147,7.0
2025-11-17,b7092822-fca1-11ee-ae7a-08c0eb320147,1.0
2025-11-03,b7272629-70bb-11ed-b107-08c0eb31fffb,4.0
2025-11-10,b7272629-70bb-11ed-b107-08c0eb31fffb,8.0
2025-11-17,b7272629-70bb-11ed-b107-08c0eb31fffb,8.0
2025-11-03,b72a5d9b-bd40-11eb-85ab-1c34dae33151,2.0
2025-11-10,b72a5d9b-bd40-11eb-85ab-1c34dae33151,2.0
2025-11-17,b72a5d9b-bd40-11eb-85ab-1c34dae33151,3.0
2025-11-03,b72fedff-0cef-11ed-b96c-08c0eb32008b,2.0
2025-11-10,b72fedff-0cef-11ed-b96c-08c0eb32008b,3.0
2025-11-17,b72fedff-0cef-11ed-b96c-08c0eb32008b,3.0
2025-11-03,b73853bd-a288-11eb-85a9-1c34dae33151,0.0
2025-11-10,b73853bd-a288-11eb-85a9-1c34dae33151,0.0
2025-11-17,b73853bd-a288-11eb-85a9-1c34dae33151,2.0
2025-11-03,b74c2f5d-678c-11eb-85a3-1c34dae33151,3.0
2025-11-10,b74c2f5d-678c-11eb-85a3-1c34dae33151,8.0
2025-11-17,b74c2f5d-678c-11eb-85a3-1c34dae33151,6.0
2025-11-03,b79d2e5c-6f41-11ee-b10a-08c0eb31fffb,1.0
2025-11-10,b79d2e5c-6f41-11ee-b10a-08c0eb31fffb,1.0
2025-11-17,b79d2e5c-6f41-11ee-b10a-08c0eb31fffb,0.0
2025-11-03,b79e878f-33bd-11ea-a07d-0050560306e1,5.0
2025-11-10,b79e878f-33bd-11ea-a07d-0050560306e1,2.0
2025-11-17,b79e878f-33bd-11ea-a07d-0050560306e1,5.0
2025-11-03,b7bd7f21-25b7-11eb-8599-1c34dae33151,0.0
2025-11-10,b7bd7f21-25b7-11eb-8599-1c34dae33151,2.0
2025-11-17,b7bd7f21-25b7-11eb-8599-1c34dae33151,0.0
2025-11-03,b7c3c077-ac72-11ed-b109-08c0eb31fffb,1.0
2025-11-10,b7c3c077-ac72-11ed-b109-08c0eb31fffb,1.0
2025-11-17,b7c3c077-ac72-11ed-b109-08c0eb31fffb,3.0
2025-11-03,b7cbd1e0-1e89-11ef-8861-08c0eb32014b,3.0
2025-11-10,b7cbd1e0-1e89-11ef-8861-08c0eb32014b,5.0
2025-11-17,b7cbd1e0-1e89-11ef-8861-08c0eb32014b,2.0
2025-11-03,b7e896ee-282f-11ed-b106-08c0eb31fffb,2.0
2025-11-10,b7e896ee-282f-11ed-b106-08c0eb31fffb,4.0
2025-11-17,b7e896ee-282f-11ed-b106-08c0eb31fffb,1.0
2025-11-03,b7ebc9da-7d1b-11ed-b970-08c0eb32008b,5.0
2025-11-10,b7ebc9da-7d1b-11ed-b970-08c0eb32008b,2.0
2025-11-17,b7ebc9da-7d1b-11ed-b970-08c0eb32008b,5.0
2025-11-03,b8164e1f-e61c-11ee-b973-08c0eb32008b,5.0
2025-11-10,b8164e1f-e61c-11ee-b973-08c0eb32008b,2.0
2025-11-17,b8164e1f-e61c-11ee-b973-08c0eb32008b,7.0
2025-11-03,b8197e66-9793-11eb-85a9-1c34dae33151,7.0
2025-11-10,b8197e66-9793-11eb-85a9-1c34dae33151,4.0
2025-11-17,b8197e66-9793-11eb-85a9-1c34dae33151,10.0
2025-11-03,b8366bfd-e424-11ed-b10a-08c0eb31fffb,6.0
2025-11-10,b8366bfd-e424-11ed-b10a-08c0eb31fffb,5.0
2025-11-17,b8366bfd-e424-11ed-b10a-08c0eb31fffb,3.0
2025-11-03,b839a7d9-1a99-11ea-a231-0050560306e1,0.0
2025-11-10,b839a7d9-1a99-11ea-a231-0050560306e1,0.0
2025-11-17,b839a7d9-1a99-11ea-a231-0050560306e1,0.0
2025-11-03,b869da9b-87bb-11eb-85a3-1c34dae33151,1.0
2025-11-10,b869da9b-87bb-11eb-85a3-1c34dae33151,1.0
2025-11-17,b869da9b-87bb-11eb-85a3-1c34dae33151,1.0
2025-11-03,b8b64918-da0b-11ee-ae7a-08c0eb320147,5.0
2025-11-10,b8b64918-da0b-11ee-ae7a-08c0eb320147,3.0
2025-11-17,b8b64918-da0b-11ee-ae7a-08c0eb320147,4.0
2025-11-03,b8d8c7bc-d7bb-11ed-b970-08c0eb32008b,0.0
2025-11-10,b8d8c7bc-d7bb-11ed-b970-08c0eb32008b,4.0
2025-11-17,b8d8c7bc-d7bb-11ed-b970-08c0eb32008b,0.0
2025-11-03,b92d5829-06e4-11eb-8599-1c34dae33151,0.0
2025-11-10,b92d5829-06e4-11eb-8599-1c34dae33151,2.0
2025-11-17,b92d5829-06e4-11eb-8599-1c34dae33151,5.0
2025-11-03,b9300f57-42f9-11ec-a0ee-ec0d9a21b021,4.0
2025-11-10,b9300f57-42f9-11ec-a0ee-ec0d9a21b021,3.0
2025-11-17,b9300f57-42f9-11ec-a0ee-ec0d9a21b021,3.0
2025-11-03,b97a17d9-2f7f-11ee-885f-08c0eb32014b,2.0
2025-11-10,b97a17d9-2f7f-11ee-885f-08c0eb32014b,1.0
2025-11-17,b97a17d9-2f7f-11ee-885f-08c0eb32014b,1.0
2025-11-03,b9a8fe1a-2d3d-11ee-b10a-08c0eb31fffb,0.0
2025-11-10,b9a8fe1a-2d3d-11ee-b10a-08c0eb31fffb,2.0
2025-11-17,b9a8fe1a-2d3d-11ee-b10a-08c0eb31fffb,5.0
2025-11-03,b9aa7557-d6d7-11ee-8861-08c0eb32014b,4.0
2025-11-10,b9aa7557-d6d7-11ee-8861-08c0eb32014b,5.0
2025-11-17,b9aa7557-d6d7-11ee-8861-08c0eb32014b,1.0
2025-11-03,b9c73291-fc93-11ee-b973-08c0eb32008b,1.0
2025-11-10,b9c73291-fc93-11ee-b973-08c0eb32008b,1.0
2025-11-17,b9c73291-fc93-11ee-b973-08c0eb32008b,3.0
2025-11-03,b9d1088a-75e8-11ea-95b9-0050560306e1,0.0
2025-11-10,b9d1088a-75e8-11ea-95b9-0050560306e1,0.0
2025-11-17,b9d1088a-75e8-11ea-95b9-0050560306e1,0.0
2025-11-03,ba20c82f-753a-11ed-885b-08c0eb32014b,6.0
2025-11-10,ba20c82f-753a-11ed-885b-08c0eb32014b,3.0
2025-11-17,ba20c82f-753a-11ed-885b-08c0eb32014b,4.0
2025-11-03,ba224c66-3502-11ee-885f-08c0eb32014b,2.0
2025-11-10,ba224c66-3502-11ee-885f-08c0eb32014b,2.0
2025-11-17,ba224c66-3502-11ee-885f-08c0eb32014b,6.0
2025-11-03,ba2fb464-45af-11ee-885f-08c0eb32014b,0.0
2025-11-10,ba2fb464-45af-11ee-885f-08c0eb32014b,0.0
2025-11-17,ba2fb464-45af-11ee-885f-08c0eb32014b,1.0
2025-11-03,ba363ff9-b341-11eb-85ab-1c34dae33151,5.0
2025-11-10,ba363ff9-b341-11eb-85ab-1c34dae33151,6.0
2025-11-17,ba363ff9-b341-11eb-85ab-1c34dae33151,4.0
2025-11-03,ba4c6d6c-da7e-11ec-8859-08c0eb32014b,0.0
2025-11-10,ba4c6d6c-da7e-11ec-8859-08c0eb32014b,0.0
2025-11-17,ba4c6d6c-da7e-11ec-8859-08c0eb32014b,1.0
2025-11-03,ba92afef-788c-11ee-ae79-08c0eb320147,2.0
2025-11-10,ba92afef-788c-11ee-ae79-08c0eb320147,2.0
2025-11-17,ba92afef-788c-11ee-ae79-08c0eb320147,3.0
2025-11-03,bab25db6-77b4-11ed-b107-08c0eb31fffb,3.0
2025-11-10,bab25db6-77b4-11ed-b107-08c0eb31fffb,7.0
2025-11-17,bab25db6-77b4-11ed-b107-08c0eb31fffb,7.0
2025-11-03,bad9a668-9614-11eb-85a9-1c34dae33151,0.0
2025-11-10,bad9a668-9614-11eb-85a9-1c34dae33151,0.0
2025-11-17,bad9a668-9614-11eb-85a9-1c34dae33151,0.0
2025-11-03,bb17742d-3267-11ec-a0ee-ec0d9a21b021,5.0
2025-11-10,bb17742d-3267-11ec-a0ee-ec0d9a21b021,4.0
2025-11-17,bb17742d-3267-11ec-a0ee-ec0d9a21b021,4.0
2025-11-03,bb4ac760-14d2-11ed-885a-08c0eb32014b,1.0
2025-11-10,bb4ac760-14d2-11ed-885a-08c0eb32014b,0.0
2025-11-17,bb4ac760-14d2-11ed-885a-08c0eb32014b,2.0
2025-11-03,bb640f2b-08a3-11f0-9bb0-be3af2b6059f,1.0
2025-11-10,bb640f2b-08a3-11f0-9bb0-be3af2b6059f,6.0
2025-11-17,bb640f2b-08a3-11f0-9bb0-be3af2b6059f,2.0
2025-11-03,bb672671-5eef-11ef-b10b-08c0eb31fffb,1.0
2025-11-10,bb672671-5eef-11ef-b10b-08c0eb31fffb,5.0
2025-11-17,bb672671-5eef-11ef-b10b-08c0eb31fffb,6.0
2025-11-03,bbab85b6-4c9c-11ee-885f-08c0eb32014b,4.0
2025-11-10,bbab85b6-4c9c-11ee-885f-08c0eb32014b,1.0
2025-11-17,bbab85b6-4c9c-11ee-885f-08c0eb32014b,3.0
2025-11-03,bc3b5de7-a945-11ea-9e08-0050560306e1,0.0
2025-11-10,bc3b5de7-a945-11ea-9e08-0050560306e1,1.0
2025-11-17,bc3b5de7-a945-11ea-9e08-0050560306e1,1.0
2025-11-03,bc42fcdb-4ab4-11f0-a97c-be3af2b6059f,0.0
2025-11-10,bc42fcdb-4ab4-11f0-a97c-be3af2b6059f,0.0
2025-11-17,bc42fcdb-4ab4-11f0-a97c-be3af2b6059f,0.0
2025-11-03,bc5af3c1-5e11-11ee-b10a-08c0eb31fffb,2.0
2025-11-10,bc5af3c1-5e11-11ee-b10a-08c0eb31fffb,2.0
2025-11-17,bc5af3c1-5e11-11ee-b10a-08c0eb31fffb,3.0
2025-11-03,bc5c35c2-0e1d-11f0-a5cb-7cc255b74513,1.0
2025-11-10,bc5c35c2-0e1d-11f0-a5cb-7cc255b74513,3.0
2025-11-17,bc5c35c2-0e1d-11f0-a5cb-7cc255b74513,2.0
2025-11-03,bc6ea521-f817-11ef-aa23-be3af2b6059f,0.0
2025-11-10,bc6ea521-f817-11ef-aa23-be3af2b6059f,0.0
2025-11-17,bc6ea521-f817-11ef-aa23-be3af2b6059f,0.0
2025-11-03,bc816ad8-8e06-11ee-ae7a-08c0eb320147,1.0
2025-11-10,bc816ad8-8e06-11ee-ae7a-08c0eb320147,7.0
2025-11-17,bc816ad8-8e06-11ee-ae7a-08c0eb320147,6.0
2025-11-03,bcbf0be4-bd2b-11ea-b7de-0050560306e1,0.0
2025-11-10,bcbf0be4-bd2b-11ea-b7de-0050560306e1,0.0
2025-11-17,bcbf0be4-bd2b-11ea-b7de-0050560306e1,0.0
2025-11-03,bcecc018-31b5-11ec-a0ee-ec0d9a21b021,0.0
2025-11-10,bcecc018-31b5-11ec-a0ee-ec0d9a21b021,4.0
2025-11-17,bcecc018-31b5-11ec-a0ee-ec0d9a21b021,3.0
2025-11-03,bcf16405-4741-11ee-b971-08c0eb32008b,3.0
2025-11-10,bcf16405-4741-11ee-b971-08c0eb32008b,7.0
2025-11-17,bcf16405-4741-11ee-b971-08c0eb32008b,5.0
2025-11-03,bd3b1986-7bf9-11eb-85a3-1c34dae33151,0.0
2025-11-10,bd3b1986-7bf9-11eb-85a3-1c34dae33151,5.0
2025-11-17,bd3b1986-7bf9-11eb-85a3-1c34dae33151,5.0
2025-11-03,bd4cdac2-18f5-11ef-b10b-08c0eb31fffb,0.0
2025-11-10,bd4cdac2-18f5-11ef-b10b-08c0eb31fffb,1.0
2025-11-17,bd4cdac2-18f5-11ef-b10b-08c0eb31fffb,2.0
2025-11-03,bd548576-50ed-11ef-b973-08c0eb32008b,1.0
2025-11-10,bd548576-50ed-11ef-b973-08c0eb32008b,1.0
2025-11-17,bd548576-50ed-11ef-b973-08c0eb32008b,1.0
2025-11-03,bd7663a9-306b-11ed-885a-08c0eb32014b,3.0
2025-11-10,bd7663a9-306b-11ed-885a-08c0eb32014b,2.0
2025-11-17,bd7663a9-306b-11ed-885a-08c0eb32014b,2.0
2025-11-03,bdbe0567-92a7-11ed-b109-08c0eb31fffb,4.0
2025-11-10,bdbe0567-92a7-11ed-b109-08c0eb31fffb,4.0
2025-11-17,bdbe0567-92a7-11ed-b109-08c0eb31fffb,3.0
2025-11-03,bdc1565f-858c-11ec-b0fc-08c0eb31fffb,2.0
2025-11-10,bdc1565f-858c-11ec-b0fc-08c0eb31fffb,3.0
2025-11-17,bdc1565f-858c-11ec-b0fc-08c0eb31fffb,2.0
2025-11-03,be00acee-01a6-11ec-85ad-1c34dae33151,0.0
2025-11-10,be00acee-01a6-11ec-85ad-1c34dae33151,1.0
2025-11-17,be00acee-01a6-11ec-85ad-1c34dae33151,3.0
2025-11-03,be0ba01d-1ce5-11ef-b973-08c0eb32008b,0.0
2025-11-10,be0ba01d-1ce5-11ef-b973-08c0eb32008b,2.0
2025-11-17,be0ba01d-1ce5-11ef-b973-08c0eb32008b,1.0
2025-11-03,be38d5b3-dc36-11ec-8859-08c0eb32014b,0.0
2025-11-10,be38d5b3-dc36-11ec-8859-08c0eb32014b,4.0
2025-11-17,be38d5b3-dc36-11ec-8859-08c0eb32014b,2.0
2025-11-03,be3c7d24-ff9c-11ed-b10a-08c0eb31fffb,0.0
2025-11-10,be3c7d24-ff9c-11ed-b10a-08c0eb31fffb,0.0
2025-11-17,be3c7d24-ff9c-11ed-b10a-08c0eb31fffb,0.0
2025-11-03,be3d1c69-2d14-11ed-b96c-08c0eb32008b,1.0
2025-11-10,be3d1c69-2d14-11ed-b96c-08c0eb32008b,1.0
2025-11-17,be3d1c69-2d14-11ed-b96c-08c0eb32008b,2.0
2025-11-03,be624527-5c46-11ee-885f-08c0eb32014b,2.0
2025-11-10,be624527-5c46-11ee-885f-08c0eb32014b,4.0
2025-11-17,be624527-5c46-11ee-885f-08c0eb32014b,2.0
2025-11-03,bebab243-42fb-11ec-a0ee-ec0d9a21b021,0.0
2025-11-10,bebab243-42fb-11ec-a0ee-ec0d9a21b021,0.0
2025-11-17,bebab243-42fb-11ec-a0ee-ec0d9a21b021,0.0
2025-11-03,bec49248-3016-11eb-859a-1c34dae33151,7.0
2025-11-10,bec49248-3016-11eb-859a-1c34dae33151,8.0
2025-11-17,bec49248-3016-11eb-859a-1c34dae33151,8.0
2025-11-03,bec62eb6-f043-11ee-b10b-08c0eb31fffb,2.0
2025-11-10,bec62eb6-f043-11ee-b10b-08c0eb31fffb,0.0
2025-11-17,bec62eb6-f043-11ee-b10b-08c0eb31fffb,0.0
2025-11-03,becfc52d-7a77-11ef-b973-08c0eb32008b,0.0
2025-11-10,becfc52d-7a77-11ef-b973-08c0eb32008b,0.0
2025-11-17,becfc52d-7a77-11ef-b973-08c0eb32008b,0.0
2025-11-03,bed634bb-dfac-11ee-8861-08c0eb32014b,1.0
2025-11-10,bed634bb-dfac-11ee-8861-08c0eb32014b,0.0
2025-11-17,bed634bb-dfac-11ee-8861-08c0eb32014b,0.0
2025-11-03,bf05216a-6b32-11ed-b96e-08c0eb32008b,3.0
2025-11-10,bf05216a-6b32-11ed-b96e-08c0eb32008b,2.0
2025-11-17,bf05216a-6b32-11ed-b96e-08c0eb32008b,12.0
2025-11-03,bf34af3e-fc1a-11eb-a0ee-ec0d9a21b021,3.0
2025-11-10,bf34af3e-fc1a-11eb-a0ee-ec0d9a21b021,4.0
2025-11-17,bf34af3e-fc1a-11eb-a0ee-ec0d9a21b021,0.0
2025-11-03,bf43e582-dc86-11ee-ae7a-08c0eb320147,0.0
2025-11-10,bf43e582-dc86-11ee-ae7a-08c0eb320147,0.0
2025-11-17,bf43e582-dc86-11ee-ae7a-08c0eb320147,0.0
2025-11-17,bf446169-9d1e-11f0-a5cb-7cc255b74513,3.0
2025-11-03,bf62cd2f-f3f5-11ed-885e-08c0eb32014b,0.0
2025-11-10,bf62cd2f-f3f5-11ed-885e-08c0eb32014b,0.0
2025-11-17,bf62cd2f-f3f5-11ed-885e-08c0eb32014b,1.0
2025-11-03,bf6a3993-0f44-11ed-885a-08c0eb32014b,1.0
2025-11-10,bf6a3993-0f44-11ed-885a-08c0eb32014b,7.0
2025-11-17,bf6a3993-0f44-11ed-885a-08c0eb32014b,3.0
2025-11-03,bf90465b-3c3d-11ee-885f-08c0eb32014b,2.0
2025-11-10,bf90465b-3c3d-11ee-885f-08c0eb32014b,3.0
2025-11-17,bf90465b-3c3d-11ee-885f-08c0eb32014b,3.0
2025-11-03,bfb3724d-58ef-11ed-885b-08c0eb32014b,0.0
2025-11-10,bfb3724d-58ef-11ed-885b-08c0eb32014b,0.0
2025-11-17,bfb3724d-58ef-11ed-885b-08c0eb32014b,7.0
2025-11-03,bfc1ee6c-30cf-11eb-859a-1c34dae33151,0.0
2025-11-10,bfc1ee6c-30cf-11eb-859a-1c34dae33151,0.0
2025-11-17,bfc1ee6c-30cf-11eb-859a-1c34dae33151,0.0
2025-11-03,bfc68b32-097c-11f0-aa23-be3af2b6059f,7.0
2025-11-10,bfc68b32-097c-11f0-aa23-be3af2b6059f,2.0
2025-11-17,bfc68b32-097c-11f0-aa23-be3af2b6059f,5.0
2025-11-03,bfc7a9a0-d485-11ed-885d-08c0eb32014b,2.0
2025-11-10,bfc7a9a0-d485-11ed-885d-08c0eb32014b,1.0
2025-11-17,bfc7a9a0-d485-11ed-885d-08c0eb32014b,2.0
2025-11-03,bfd05830-3ca0-11ec-85ad-1c34dae33151,0.0
2025-11-10,bfd05830-3ca0-11ec-85ad-1c34dae33151,4.0
2025-11-17,bfd05830-3ca0-11ec-85ad-1c34dae33151,1.0
2025-11-03,c0165529-c109-11ee-b10b-08c0eb31fffb,3.0
2025-11-10,c0165529-c109-11ee-b10b-08c0eb31fffb,5.0
2025-11-17,c0165529-c109-11ee-b10b-08c0eb31fffb,3.0
2025-11-03,c0203e5b-3bda-11f0-aa25-be3af2b6059f,0.0
2025-11-10,c0203e5b-3bda-11f0-aa25-be3af2b6059f,1.0
2025-11-17,c0203e5b-3bda-11f0-aa25-be3af2b6059f,0.0
2025-11-03,c02f7478-197c-11ee-b10a-08c0eb31fffb,3.0
2025-11-10,c02f7478-197c-11ee-b10a-08c0eb31fffb,3.0
2025-11-17,c02f7478-197c-11ee-b10a-08c0eb31fffb,2.0
2025-11-03,c0346921-ac74-11ed-885d-08c0eb32014b,0.0
2025-11-10,c0346921-ac74-11ed-885d-08c0eb32014b,0.0
2025-11-17,c0346921-ac74-11ed-885d-08c0eb32014b,0.0
2025-11-03,c066f91a-87b3-11eb-85a3-1c34dae33151,2.0
2025-11-10,c066f91a-87b3-11eb-85a3-1c34dae33151,0.0
2025-11-17,c066f91a-87b3-11eb-85a3-1c34dae33151,0.0
2025-11-03,c0a7b822-3012-11ed-ae72-08c0eb320147,3.0
2025-11-10,c0a7b822-3012-11ed-ae72-08c0eb320147,4.0
2025-11-17,c0a7b822-3012-11ed-ae72-08c0eb320147,9.0
2025-11-03,c0c564d1-ed21-11ee-b10b-08c0eb31fffb,0.0
2025-11-10,c0c564d1-ed21-11ee-b10b-08c0eb31fffb,4.0
2025-11-17,c0c564d1-ed21-11ee-b10b-08c0eb31fffb,4.0
2025-11-03,c0d495c9-abb0-11ed-b109-08c0eb31fffb,1.0
2025-11-10,c0d495c9-abb0-11ed-b109-08c0eb31fffb,6.0
2025-11-17,c0d495c9-abb0-11ed-b109-08c0eb31fffb,5.0
2025-11-03,c0f8af65-fdb1-11ef-a5c9-7cc255b74513,0.0
2025-11-10,c0f8af65-fdb1-11ef-a5c9-7cc255b74513,1.0
2025-11-17,c0f8af65-fdb1-11ef-a5c9-7cc255b74513,2.0
2025-11-03,c0fa52c8-8260-11ec-b0fc-08c0eb31fffb,5.0
2025-11-10,c0fa52c8-8260-11ec-b0fc-08c0eb31fffb,2.0
2025-11-17,c0fa52c8-8260-11ec-b0fc-08c0eb31fffb,2.0
2025-11-03,c1142ad7-37f4-11ec-85ad-1c34dae33151,3.0
2025-11-10,c1142ad7-37f4-11ec-85ad-1c34dae33151,2.0
2025-11-17,c1142ad7-37f4-11ec-85ad-1c34dae33151,3.0
2025-11-03,c1160480-5e40-11ef-b973-08c0eb32008b,4.0
2025-11-10,c1160480-5e40-11ef-b973-08c0eb32008b,0.0
2025-11-17,c1160480-5e40-11ef-b973-08c0eb32008b,4.0
2025-11-03,c13dead4-82ca-11ec-ae6d-08c0eb320147,0.0
2025-11-10,c13dead4-82ca-11ec-ae6d-08c0eb320147,4.0
2025-11-17,c13dead4-82ca-11ec-ae6d-08c0eb320147,1.0
2025-11-03,c17a60b0-b0b8-11ef-b973-08c0eb32008b,0.0
2025-11-10,c17a60b0-b0b8-11ef-b973-08c0eb32008b,0.0
2025-11-17,c17a60b0-b0b8-11ef-b973-08c0eb32008b,0.0
2025-11-03,c180753c-ecf5-11ee-b10b-08c0eb31fffb,0.0
2025-11-10,c180753c-ecf5-11ee-b10b-08c0eb31fffb,1.0
2025-11-17,c180753c-ecf5-11ee-b10b-08c0eb31fffb,2.0
2025-11-03,c19cd263-f1b3-11ea-8599-1c34dae33151,1.0
2025-11-10,c19cd263-f1b3-11ea-8599-1c34dae33151,5.0
2025-11-17,c19cd263-f1b3-11ea-8599-1c34dae33151,5.0
2025-11-03,c1b3ee40-9c1c-11ef-8861-08c0eb32014b,6.0
2025-11-10,c1b3ee40-9c1c-11ef-8861-08c0eb32014b,8.0
2025-11-17,c1b3ee40-9c1c-11ef-8861-08c0eb32014b,5.0
2025-11-03,c1c80b7d-48e2-11ea-8a1c-0050560306e1,1.0
2025-11-10,c1c80b7d-48e2-11ea-8a1c-0050560306e1,5.0
2025-11-17,c1c80b7d-48e2-11ea-8a1c-0050560306e1,9.0
2025-11-03,c1d483c1-9514-11ef-8861-08c0eb32014b,0.0
2025-11-10,c1d483c1-9514-11ef-8861-08c0eb32014b,1.0
2025-11-17,c1d483c1-9514-11ef-8861-08c0eb32014b,2.0
2025-11-03,c1d7e3af-7b27-11ef-ae7a-08c0eb320147,0.0
2025-11-10,c1d7e3af-7b27-11ef-ae7a-08c0eb320147,0.0
2025-11-17,c1d7e3af-7b27-11ef-ae7a-08c0eb320147,0.0
2025-11-03,c1de499b-47bc-11ec-85ad-1c34dae33151,16.0
2025-11-10,c1de499b-47bc-11ec-85ad-1c34dae33151,11.0
2025-11-17,c1de499b-47bc-11ec-85ad-1c34dae33151,12.0
2025-11-03,c1f9b092-0134-11ee-ae78-08c0eb320147,1.0
2025-11-10,c1f9b092-0134-11ee-ae78-08c0eb320147,3.0
2025-11-17,c1f9b092-0134-11ee-ae78-08c0eb320147,0.0
2025-11-03,c1fcaa3a-7734-11ef-ae7a-08c0eb320147,4.0
2025-11-10,c1fcaa3a-7734-11ef-ae7a-08c0eb320147,3.0
2025-11-17,c1fcaa3a-7734-11ef-ae7a-08c0eb320147,5.0
2025-11-03,c2002ca6-2dbc-11ec-a0ee-ec0d9a21b021,3.0
2025-11-10,c2002ca6-2dbc-11ec-a0ee-ec0d9a21b021,2.0
2025-11-17,c2002ca6-2dbc-11ec-a0ee-ec0d9a21b021,5.0
2025-11-03,c2085099-9f3a-11ee-b10b-08c0eb31fffb,1.0
2025-11-10,c2085099-9f3a-11ee-b10b-08c0eb31fffb,0.0
2025-11-17,c2085099-9f3a-11ee-b10b-08c0eb31fffb,2.0
2025-11-03,c26e6db3-bf74-11ee-b973-08c0eb32008b,0.0
2025-11-10,c26e6db3-bf74-11ee-b973-08c0eb32008b,0.0
2025-11-17,c26e6db3-bf74-11ee-b973-08c0eb32008b,0.0
2025-11-03,c26f5eab-4bf8-11ee-b971-08c0eb32008b,2.0
2025-11-10,c26f5eab-4bf8-11ee-b971-08c0eb32008b,6.0
2025-11-17,c26f5eab-4bf8-11ee-b971-08c0eb32008b,1.0
2025-11-03,c27231e0-ac0d-11ef-8861-08c0eb32014b,2.0
2025-11-10,c27231e0-ac0d-11ef-8861-08c0eb32014b,0.0
2025-11-17,c27231e0-ac0d-11ef-8861-08c0eb32014b,3.0
2025-11-03,c2bfb907-1e58-11ef-b973-08c0eb32008b,0.0
2025-11-10,c2bfb907-1e58-11ef-b973-08c0eb32008b,2.0
2025-11-17,c2bfb907-1e58-11ef-b973-08c0eb32008b,0.0
2025-11-03,c2cd318d-7e70-11ec-b967-08c0eb32008b,1.0
2025-11-10,c2cd318d-7e70-11ec-b967-08c0eb32008b,1.0
2025-11-17,c2cd318d-7e70-11ec-b967-08c0eb32008b,0.0
2025-11-03,c2ebb116-8237-11ef-8861-08c0eb32014b,2.0
2025-11-10,c2ebb116-8237-11ef-8861-08c0eb32014b,2.0
2025-11-17,c2ebb116-8237-11ef-8861-08c0eb32014b,0.0
2025-11-03,c31846aa-b334-11eb-85ab-1c34dae33151,0.0
2025-11-10,c31846aa-b334-11eb-85ab-1c34dae33151,0.0
2025-11-17,c31846aa-b334-11eb-85ab-1c34dae33151,1.0
2025-11-03,c3258791-2316-11ef-ae7a-08c0eb320147,3.0
2025-11-10,c3258791-2316-11ef-ae7a-08c0eb320147,2.0
2025-11-17,c3258791-2316-11ef-ae7a-08c0eb320147,2.0
2025-11-03,c33154c0-085b-11ef-ae7a-08c0eb320147,0.0
2025-11-10,c33154c0-085b-11ef-ae7a-08c0eb320147,4.0
2025-11-17,c33154c0-085b-11ef-ae7a-08c0eb320147,5.0
2025-11-03,c360ebfd-c1db-11ee-8861-08c0eb32014b,0.0
2025-11-10,c360ebfd-c1db-11ee-8861-08c0eb32014b,0.0
2025-11-17,c360ebfd-c1db-11ee-8861-08c0eb32014b,3.0
2025-11-03,c3672ed6-4121-11f0-aa25-be3af2b6059f,11.0
2025-11-10,c3672ed6-4121-11f0-aa25-be3af2b6059f,10.0
2025-11-17,c3672ed6-4121-11f0-aa25-be3af2b6059f,8.0
2025-11-03,c36cd367-1842-11ef-b973-08c0eb32008b,1.0
2025-11-10,c36cd367-1842-11ef-b973-08c0eb32008b,0.0
2025-11-17,c36cd367-1842-11ef-b973-08c0eb32008b,2.0
2025-11-03,c3b4602f-f0f1-11ee-ae7a-08c0eb320147,1.0
2025-11-10,c3b4602f-f0f1-11ee-ae7a-08c0eb320147,7.0
2025-11-17,c3b4602f-f0f1-11ee-ae7a-08c0eb320147,1.0
2025-11-03,c3b70a31-a671-11ef-ae7a-08c0eb320147,2.0
2025-11-10,c3b70a31-a671-11ef-ae7a-08c0eb320147,0.0
2025-11-17,c3b70a31-a671-11ef-ae7a-08c0eb320147,0.0
2025-11-03,c41f49b1-becb-11ef-9bb0-be3af2b6059f,2.0
2025-11-10,c41f49b1-becb-11ef-9bb0-be3af2b6059f,0.0
2025-11-17,c41f49b1-becb-11ef-9bb0-be3af2b6059f,0.0
2025-11-03,c42e729c-b7c8-11eb-85ab-1c34dae33151,0.0
2025-11-10,c42e729c-b7c8-11eb-85ab-1c34dae33151,0.0
2025-11-17,c42e729c-b7c8-11eb-85ab-1c34dae33151,0.0
2025-11-03,c430e404-9d0e-11eb-85a9-1c34dae33151,0.0
2025-11-10,c430e404-9d0e-11eb-85a9-1c34dae33151,1.0
2025-11-17,c430e404-9d0e-11eb-85a9-1c34dae33151,0.0
2025-11-03,c43f9111-7196-11ed-885b-08c0eb32014b,7.0
2025-11-10,c43f9111-7196-11ed-885b-08c0eb32014b,10.0
2025-11-17,c43f9111-7196-11ed-885b-08c0eb32014b,4.0
2025-11-03,c4ad855c-d7b2-11ed-b970-08c0eb32008b,4.0
2025-11-10,c4ad855c-d7b2-11ed-b970-08c0eb32008b,3.0
2025-11-17,c4ad855c-d7b2-11ed-b970-08c0eb32008b,4.0
2025-11-03,c4b25ee2-6bf6-11ee-ae79-08c0eb320147,0.0
2025-11-10,c4b25ee2-6bf6-11ee-ae79-08c0eb320147,2.0
2025-11-17,c4b25ee2-6bf6-11ee-ae79-08c0eb320147,1.0
2025-11-03,c4b766e9-eee5-11ef-aa23-be3af2b6059f,3.0
2025-11-10,c4b766e9-eee5-11ef-aa23-be3af2b6059f,6.0
2025-11-17,c4b766e9-eee5-11ef-aa23-be3af2b6059f,6.0
2025-11-03,c4c2eb75-6a34-11ed-b96e-08c0eb32008b,0.0
2025-11-10,c4c2eb75-6a34-11ed-b96e-08c0eb32008b,2.0
2025-11-17,c4c2eb75-6a34-11ed-b96e-08c0eb32008b,2.0
2025-11-03,c4cfa90e-0e81-11ee-ae78-08c0eb320147,0.0
2025-11-10,c4cfa90e-0e81-11ee-ae78-08c0eb320147,0.0
2025-11-17,c4cfa90e-0e81-11ee-ae78-08c0eb320147,2.0
2025-11-03,c4f62ee2-d7bc-11ed-b970-08c0eb32008b,0.0
2025-11-10,c4f62ee2-d7bc-11ed-b970-08c0eb32008b,1.0
2025-11-17,c4f62ee2-d7bc-11ed-b970-08c0eb32008b,0.0
2025-11-03,c51ae939-6791-11eb-85a3-1c34dae33151,1.0
2025-11-10,c51ae939-6791-11eb-85a3-1c34dae33151,0.0
2025-11-17,c51ae939-6791-11eb-85a3-1c34dae33151,2.0
2025-11-03,c526dd28-9f29-11ee-b10b-08c0eb31fffb,0.0
2025-11-10,c526dd28-9f29-11ee-b10b-08c0eb31fffb,2.0
2025-11-17,c526dd28-9f29-11ee-b10b-08c0eb31fffb,4.0
2025-11-03,c540fd1a-8c8a-11eb-85a8-1c34dae33151,0.0
2025-11-10,c540fd1a-8c8a-11eb-85a8-1c34dae33151,0.0
2025-11-17,c540fd1a-8c8a-11eb-85a8-1c34dae33151,0.0
2025-11-03,c54454f5-a953-11ea-9e08-0050560306e1,0.0
2025-11-10,c54454f5-a953-11ea-9e08-0050560306e1,1.0
2025-11-17,c54454f5-a953-11ea-9e08-0050560306e1,2.0
2025-11-03,c5aee1cc-ac5b-11ed-885d-08c0eb32014b,0.0
2025-11-10,c5aee1cc-ac5b-11ed-885d-08c0eb32014b,1.0
2025-11-17,c5aee1cc-ac5b-11ed-885d-08c0eb32014b,0.0
2025-11-03,c5b23491-02e4-11ef-ae7a-08c0eb320147,2.0
2025-11-10,c5b23491-02e4-11ef-ae7a-08c0eb320147,0.0
2025-11-17,c5b23491-02e4-11ef-ae7a-08c0eb320147,5.0
2025-11-03,c5c24b7b-9d0c-11eb-85a9-1c34dae33151,3.0
2025-11-10,c5c24b7b-9d0c-11eb-85a9-1c34dae33151,5.0
2025-11-17,c5c24b7b-9d0c-11eb-85a9-1c34dae33151,5.0
2025-11-03,c5cb5b5b-ac6f-11ed-b109-08c0eb31fffb,3.0
2025-11-10,c5cb5b5b-ac6f-11ed-b109-08c0eb31fffb,2.0
2025-11-17,c5cb5b5b-ac6f-11ed-b109-08c0eb31fffb,14.0
2025-11-03,c60125cb-85de-11ec-8856-08c0eb32014b,2.0
2025-11-10,c60125cb-85de-11ec-8856-08c0eb32014b,5.0
2025-11-17,c60125cb-85de-11ec-8856-08c0eb32014b,8.0
2025-11-03,c6125295-5d38-11ea-a7b3-0050560306e1,4.0
2025-11-10,c6125295-5d38-11ea-a7b3-0050560306e1,6.0
2025-11-17,c6125295-5d38-11ea-a7b3-0050560306e1,9.0
2025-11-03,c6221d4a-8507-11ed-885d-08c0eb32014b,3.0
2025-11-10,c6221d4a-8507-11ed-885d-08c0eb32014b,2.0
2025-11-17,c6221d4a-8507-11ed-885d-08c0eb32014b,3.0
2025-11-03,c622d640-7f4d-11ec-ae6d-08c0eb320147,3.0
2025-11-10,c622d640-7f4d-11ec-ae6d-08c0eb320147,4.0
2025-11-17,c622d640-7f4d-11ec-ae6d-08c0eb320147,7.0
2025-11-03,c6552704-8f66-11ee-8861-08c0eb32014b,0.0
2025-11-10,c6552704-8f66-11ee-8861-08c0eb32014b,0.0
2025-11-17,c6552704-8f66-11ee-8861-08c0eb32014b,0.0
2025-11-03,c6575247-6cb9-11ed-885b-08c0eb32014b,3.0
2025-11-10,c6575247-6cb9-11ed-885b-08c0eb32014b,4.0
2025-11-17,c6575247-6cb9-11ed-885b-08c0eb32014b,1.0
2025-11-03,c672b691-6a0b-11eb-85a3-1c34dae33151,10.0
2025-11-10,c672b691-6a0b-11eb-85a3-1c34dae33151,8.0
2025-11-17,c672b691-6a0b-11eb-85a3-1c34dae33151,10.0
2025-11-03,c67ce970-d7f9-11ef-aa3a-be3af2b6059f,0.0
2025-11-10,c67ce970-d7f9-11ef-aa3a-be3af2b6059f,0.0
2025-11-17,c67ce970-d7f9-11ef-aa3a-be3af2b6059f,0.0
2025-11-03,c6acc4bd-ca8e-11ee-b10b-08c0eb31fffb,4.0
2025-11-10,c6acc4bd-ca8e-11ee-b10b-08c0eb31fffb,2.0
2025-11-17,c6acc4bd-ca8e-11ee-b10b-08c0eb31fffb,7.0
2025-11-03,c6b8ffb7-6d29-11f0-aa3c-be3af2b6059f,6.0
2025-11-10,c6b8ffb7-6d29-11f0-aa3c-be3af2b6059f,19.0
2025-11-17,c6b8ffb7-6d29-11f0-aa3c-be3af2b6059f,10.0
2025-11-03,c6e74823-7402-11ee-b972-08c0eb32008b,0.0
2025-11-10,c6e74823-7402-11ee-b972-08c0eb32008b,1.0
2025-11-17,c6e74823-7402-11ee-b972-08c0eb32008b,0.0
2025-11-03,c7055291-f288-11ef-aa3a-be3af2b6059f,6.0
2025-11-10,c7055291-f288-11ef-aa3a-be3af2b6059f,3.0
2025-11-17,c7055291-f288-11ef-aa3a-be3af2b6059f,4.0
2025-11-03,c70b20e3-5d37-11ea-a7b3-0050560306e1,3.0
2025-11-10,c70b20e3-5d37-11ea-a7b3-0050560306e1,4.0
2025-11-17,c70b20e3-5d37-11ea-a7b3-0050560306e1,2.0
2025-11-03,c70bcdb9-a56e-11ee-b10b-08c0eb31fffb,0.0
2025-11-10,c70bcdb9-a56e-11ee-b10b-08c0eb31fffb,2.0
2025-11-17,c70bcdb9-a56e-11ee-b10b-08c0eb31fffb,2.0
2025-11-03,c71d81c4-37eb-11ec-85ad-1c34dae33151,0.0
2025-11-10,c71d81c4-37eb-11ec-85ad-1c34dae33151,1.0
2025-11-17,c71d81c4-37eb-11ec-85ad-1c34dae33151,3.0
2025-11-03,c720b164-45ba-11ee-b10a-08c0eb31fffb,1.0
2025-11-10,c720b164-45ba-11ee-b10a-08c0eb31fffb,2.0
2025-11-17,c720b164-45ba-11ee-b10a-08c0eb31fffb,1.0
2025-11-03,c73acf39-74f8-11eb-85a3-1c34dae33151,6.0
2025-11-10,c73acf39-74f8-11eb-85a3-1c34dae33151,5.0
2025-11-17,c73acf39-74f8-11eb-85a3-1c34dae33151,4.0
2025-11-03,c7451b42-6752-11ed-b107-08c0eb31fffb,4.0
2025-11-10,c7451b42-6752-11ed-b107-08c0eb31fffb,3.0
2025-11-17,c7451b42-6752-11ed-b107-08c0eb31fffb,7.0
2025-11-03,c7842806-e7c0-11ef-a97a-be3af2b6059f,2.0
2025-11-10,c7842806-e7c0-11ef-a97a-be3af2b6059f,2.0
2025-11-17,c7842806-e7c0-11ef-a97a-be3af2b6059f,3.0
2025-11-03,c7a16c55-2730-11ef-8861-08c0eb32014b,1.0
2025-11-10,c7a16c55-2730-11ef-8861-08c0eb32014b,1.0
2025-11-17,c7a16c55-2730-11ef-8861-08c0eb32014b,2.0
2025-11-03,c7b054ab-2014-11eb-8599-1c34dae33151,0.0
2025-11-10,c7b054ab-2014-11eb-8599-1c34dae33151,0.0
2025-11-17,c7b054ab-2014-11eb-8599-1c34dae33151,0.0
2025-11-03,c7c75919-b09c-11ef-b10b-08c0eb31fffb,2.0
2025-11-10,c7c75919-b09c-11ef-b10b-08c0eb31fffb,4.0
2025-11-17,c7c75919-b09c-11ef-b10b-08c0eb31fffb,4.0
2025-11-03,c7c9b06e-c263-11ed-ae77-08c0eb320147,3.0
2025-11-10,c7c9b06e-c263-11ed-ae77-08c0eb320147,4.0
2025-11-17,c7c9b06e-c263-11ed-ae77-08c0eb320147,10.0
2025-11-03,c7de2d7e-c26f-11ed-ae77-08c0eb320147,0.0
2025-11-10,c7de2d7e-c26f-11ed-ae77-08c0eb320147,0.0
2025-11-17,c7de2d7e-c26f-11ed-ae77-08c0eb320147,0.0
2025-11-03,c7e58f83-77cf-11ee-b972-08c0eb32008b,1.0
2025-11-10,c7e58f83-77cf-11ee-b972-08c0eb32008b,0.0
2025-11-17,c7e58f83-77cf-11ee-b972-08c0eb32008b,0.0
2025-11-03,c7e7249d-52b2-11ec-85ad-1c34dae33151,3.0
2025-11-10,c7e7249d-52b2-11ec-85ad-1c34dae33151,3.0
2025-11-17,c7e7249d-52b2-11ec-85ad-1c34dae33151,0.0
2025-11-03,c7f5fd70-3be1-11f0-aa25-be3af2b6059f,6.0
2025-11-10,c7f5fd70-3be1-11f0-aa25-be3af2b6059f,0.0
2025-11-17,c7f5fd70-3be1-11f0-aa25-be3af2b6059f,3.0
2025-11-03,c7f7b47e-92ae-11ed-b970-08c0eb32008b,1.0
2025-11-10,c7f7b47e-92ae-11ed-b970-08c0eb32008b,3.0
2025-11-17,c7f7b47e-92ae-11ed-b970-08c0eb32008b,4.0
2025-11-03,c83c5e39-87b2-11eb-85a3-1c34dae33151,2.0
2025-11-10,c83c5e39-87b2-11eb-85a3-1c34dae33151,2.0
2025-11-17,c83c5e39-87b2-11eb-85a3-1c34dae33151,1.0
2025-11-03,c857efd3-ac76-11ed-ae77-08c0eb320147,1.0
2025-11-10,c857efd3-ac76-11ed-ae77-08c0eb320147,2.0
2025-11-17,c857efd3-ac76-11ed-ae77-08c0eb320147,3.0
2025-11-03,c882224e-f1b5-11ea-8599-1c34dae33151,0.0
2025-11-10,c882224e-f1b5-11ea-8599-1c34dae33151,0.0
2025-11-17,c882224e-f1b5-11ea-8599-1c34dae33151,2.0
2025-11-03,c8afceb0-11dd-11ee-885e-08c0eb32014b,4.0
2025-11-10,c8afceb0-11dd-11ee-885e-08c0eb32014b,2.0
2025-11-17,c8afceb0-11dd-11ee-885e-08c0eb32014b,3.0
2025-11-03,c8b23343-f73d-11ee-b973-08c0eb32008b,0.0
2025-11-10,c8b23343-f73d-11ee-b973-08c0eb32008b,0.0
2025-11-17,c8b23343-f73d-11ee-b973-08c0eb32008b,0.0
2025-11-03,c9114351-535b-11f0-aa25-be3af2b6059f,0.0
2025-11-10,c9114351-535b-11f0-aa25-be3af2b6059f,5.0
2025-11-17,c9114351-535b-11f0-aa25-be3af2b6059f,4.0
2025-11-03,c9344b75-1a9d-11ea-a231-0050560306e1,5.0
2025-11-10,c9344b75-1a9d-11ea-a231-0050560306e1,3.0
2025-11-17,c9344b75-1a9d-11ea-a231-0050560306e1,1.0
2025-11-03,c94e3c55-0456-11ee-885e-08c0eb32014b,0.0
2025-11-10,c94e3c55-0456-11ee-885e-08c0eb32014b,2.0
2025-11-17,c94e3c55-0456-11ee-885e-08c0eb32014b,4.0
2025-11-03,c956c539-63de-11ed-b96e-08c0eb32008b,0.0
2025-11-10,c956c539-63de-11ed-b96e-08c0eb32008b,1.0
2025-11-17,c956c539-63de-11ed-b96e-08c0eb32008b,4.0
2025-11-03,c9596073-de2c-11eb-85ad-1c34dae33151,5.0
2025-11-10,c9596073-de2c-11eb-85ad-1c34dae33151,3.0
2025-11-17,c9596073-de2c-11eb-85ad-1c34dae33151,1.0
2025-11-03,c9606021-79bd-11ec-ae6d-08c0eb320147,2.0
2025-11-10,c9606021-79bd-11ec-ae6d-08c0eb320147,0.0
2025-11-17,c9606021-79bd-11ec-ae6d-08c0eb320147,2.0
2025-11-03,c96aebb0-4ca1-11ee-b10a-08c0eb31fffb,1.0
2025-11-10,c96aebb0-4ca1-11ee-b10a-08c0eb31fffb,0.0
2025-11-17,c96aebb0-4ca1-11ee-b10a-08c0eb31fffb,0.0
2025-11-03,c9780560-19ad-11ef-8861-08c0eb32014b,0.0
2025-11-10,c9780560-19ad-11ef-8861-08c0eb32014b,0.0
2025-11-17,c9780560-19ad-11ef-8861-08c0eb32014b,2.0
2025-11-03,c9b84538-1a28-11ec-a0ee-ec0d9a21b021,3.0
2025-11-10,c9b84538-1a28-11ec-a0ee-ec0d9a21b021,4.0
2025-11-17,c9b84538-1a28-11ec-a0ee-ec0d9a21b021,2.0
2025-11-03,c9beafe0-2ec2-11ed-b106-08c0eb31fffb,0.0
2025-11-10,c9beafe0-2ec2-11ed-b106-08c0eb31fffb,0.0
2025-11-17,c9beafe0-2ec2-11ed-b106-08c0eb31fffb,0.0
2025-11-03,c9c118af-4ac8-11ed-885a-08c0eb32014b,0.0
2025-11-10,c9c118af-4ac8-11ed-885a-08c0eb32014b,5.0
2025-11-17,c9c118af-4ac8-11ed-885a-08c0eb32014b,4.0
2025-11-03,c9d5c1ac-87af-11eb-85a3-1c34dae33151,10.0
2025-11-10,c9d5c1ac-87af-11eb-85a3-1c34dae33151,12.0
2025-11-17,c9d5c1ac-87af-11eb-85a3-1c34dae33151,9.0
2025-11-03,c9d9eec9-ed0c-11ef-aa23-be3af2b6059f,0.0
2025-11-10,c9d9eec9-ed0c-11ef-aa23-be3af2b6059f,0.0
2025-11-17,c9d9eec9-ed0c-11ef-aa23-be3af2b6059f,0.0
2025-11-03,c9f7298c-4e0d-11ed-b96c-08c0eb32008b,2.0
2025-11-10,c9f7298c-4e0d-11ed-b96c-08c0eb32008b,2.0
2025-11-17,c9f7298c-4e0d-11ed-b96c-08c0eb32008b,2.0
2025-11-03,ca0f526a-d83a-11ed-ae77-08c0eb320147,3.0
2025-11-10,ca0f526a-d83a-11ed-ae77-08c0eb320147,12.0
2025-11-17,ca0f526a-d83a-11ed-ae77-08c0eb320147,6.0
2025-11-03,ca1b7a25-0f6d-11ee-ae78-08c0eb320147,5.0
2025-11-10,ca1b7a25-0f6d-11ee-ae78-08c0eb320147,5.0
2025-11-17,ca1b7a25-0f6d-11ee-ae78-08c0eb320147,6.0
2025-11-03,ca40d20e-b508-11ee-8861-08c0eb32014b,2.0
2025-11-10,ca40d20e-b508-11ee-8861-08c0eb32014b,2.0
2025-11-17,ca40d20e-b508-11ee-8861-08c0eb32014b,3.0
2025-11-03,ca5025d2-6e66-11ee-b972-08c0eb32008b,0.0
2025-11-10,ca5025d2-6e66-11ee-b972-08c0eb32008b,0.0
2025-11-17,ca5025d2-6e66-11ee-b972-08c0eb32008b,0.0
2025-11-03,cab2f794-0c44-11ef-b973-08c0eb32008b,0.0
2025-11-10,cab2f794-0c44-11ef-b973-08c0eb32008b,4.0
2025-11-17,cab2f794-0c44-11ef-b973-08c0eb32008b,2.0
2025-11-03,cabad200-d593-11eb-85ac-1c34dae33151,0.0
2025-11-10,cabad200-d593-11eb-85ac-1c34dae33151,4.0
2025-11-17,cabad200-d593-11eb-85ac-1c34dae33151,10.0
2025-11-03,cb0b5263-8002-11ef-b973-08c0eb32008b,0.0
2025-11-10,cb0b5263-8002-11ef-b973-08c0eb32008b,1.0
2025-11-17,cb0b5263-8002-11ef-b973-08c0eb32008b,1.0
2025-11-03,cb215f67-0730-11ec-a0ee-ec0d9a21b021,5.0
2025-11-10,cb215f67-0730-11ec-a0ee-ec0d9a21b021,2.0
2025-11-17,cb215f67-0730-11ec-a0ee-ec0d9a21b021,6.0
2025-11-03,cb306777-b7c5-11eb-85ab-1c34dae33151,5.0
2025-11-10,cb306777-b7c5-11eb-85ab-1c34dae33151,6.0
2025-11-17,cb306777-b7c5-11eb-85ab-1c34dae33151,6.0
2025-11-03,cb32ab91-6a35-11ed-b96e-08c0eb32008b,1.0
2025-11-10,cb32ab91-6a35-11ed-b96e-08c0eb32008b,1.0
2025-11-17,cb32ab91-6a35-11ed-b96e-08c0eb32008b,0.0
2025-11-03,cb67146a-50e6-11ef-b973-08c0eb32008b,2.0
2025-11-10,cb67146a-50e6-11ef-b973-08c0eb32008b,4.0
2025-11-17,cb67146a-50e6-11ef-b973-08c0eb32008b,0.0
2025-11-03,cb73a493-79c1-11ec-ae6d-08c0eb320147,0.0
2025-11-10,cb73a493-79c1-11ec-ae6d-08c0eb320147,0.0
2025-11-17,cb73a493-79c1-11ec-ae6d-08c0eb320147,0.0
2025-11-03,cb7fbd2a-020b-11ef-b973-08c0eb32008b,6.0
2025-11-10,cb7fbd2a-020b-11ef-b973-08c0eb32008b,5.0
2025-11-17,cb7fbd2a-020b-11ef-b973-08c0eb32008b,5.0
2025-11-03,cb823e37-f3e6-11ed-ae78-08c0eb320147,0.0
2025-11-10,cb823e37-f3e6-11ed-ae78-08c0eb320147,0.0
2025-11-17,cb823e37-f3e6-11ed-ae78-08c0eb320147,1.0
2025-11-03,cb8a3930-2b4c-11f0-a5cb-7cc255b74513,4.0
2025-11-10,cb8a3930-2b4c-11f0-a5cb-7cc255b74513,2.0
2025-11-17,cb8a3930-2b4c-11f0-a5cb-7cc255b74513,3.0
2025-11-03,cb8b1583-d0ad-11ee-b973-08c0eb32008b,3.0
2025-11-10,cb8b1583-d0ad-11ee-b973-08c0eb32008b,3.0
2025-11-17,cb8b1583-d0ad-11ee-b973-08c0eb32008b,5.0
2025-11-03,cba66e4d-2fb8-11ef-b10b-08c0eb31fffb,1.0
2025-11-10,cba66e4d-2fb8-11ef-b10b-08c0eb31fffb,1.0
2025-11-17,cba66e4d-2fb8-11ef-b10b-08c0eb31fffb,0.0
2025-11-03,cbbf6f59-f28c-11ef-a97a-be3af2b6059f,8.0
2025-11-10,cbbf6f59-f28c-11ef-a97a-be3af2b6059f,6.0
2025-11-17,cbbf6f59-f28c-11ef-a97a-be3af2b6059f,10.0
2025-11-03,cbc3ec53-da56-11eb-85ad-1c34dae33151,0.0
2025-11-10,cbc3ec53-da56-11eb-85ad-1c34dae33151,2.0
2025-11-17,cbc3ec53-da56-11eb-85ad-1c34dae33151,5.0
2025-11-03,cbe0d84b-abb2-11ed-b109-08c0eb31fffb,0.0
2025-11-10,cbe0d84b-abb2-11ed-b109-08c0eb31fffb,1.0
2025-11-17,cbe0d84b-abb2-11ed-b109-08c0eb31fffb,0.0
2025-11-03,cbfc0355-299b-11f0-aa3c-be3af2b6059f,3.0
2025-11-10,cbfc0355-299b-11f0-aa3c-be3af2b6059f,5.0
2025-11-17,cbfc0355-299b-11f0-aa3c-be3af2b6059f,6.0
2025-11-03,cc0715cb-48e6-11ea-8a1c-0050560306e1,1.0
2025-11-10,cc0715cb-48e6-11ea-8a1c-0050560306e1,1.0
2025-11-17,cc0715cb-48e6-11ea-8a1c-0050560306e1,1.0
2025-11-03,cc53747f-a755-11ef-b10b-08c0eb31fffb,0.0
2025-11-10,cc53747f-a755-11ef-b10b-08c0eb31fffb,2.0
2025-11-17,cc53747f-a755-11ef-b10b-08c0eb31fffb,1.0
2025-11-03,cc6023f1-fb21-11ee-b973-08c0eb32008b,2.0
2025-11-10,cc6023f1-fb21-11ee-b973-08c0eb32008b,0.0
2025-11-17,cc6023f1-fb21-11ee-b973-08c0eb32008b,0.0
2025-11-03,cc61fb59-75e6-11ea-95b9-0050560306e1,0.0
2025-11-10,cc61fb59-75e6-11ea-95b9-0050560306e1,0.0
2025-11-17,cc61fb59-75e6-11ea-95b9-0050560306e1,1.0
2025-11-03,cc861956-1768-11ea-8c5d-0050560306e1,0.0
2025-11-10,cc861956-1768-11ea-8c5d-0050560306e1,3.0
2025-11-17,cc861956-1768-11ea-8c5d-0050560306e1,0.0
2025-11-03,cc959580-4e0e-11ed-b96c-08c0eb32008b,3.0
2025-11-10,cc959580-4e0e-11ed-b96c-08c0eb32008b,4.0
2025-11-17,cc959580-4e0e-11ed-b96c-08c0eb32008b,6.0
2025-11-03,ccd1afe9-50d0-11ef-b10b-08c0eb31fffb,3.0
2025-11-10,ccd1afe9-50d0-11ef-b10b-08c0eb31fffb,3.0
2025-11-17,ccd1afe9-50d0-11ef-b10b-08c0eb31fffb,0.0
2025-11-03,ccedfd8b-3277-11ec-a0ee-ec0d9a21b021,4.0
2025-11-10,ccedfd8b-3277-11ec-a0ee-ec0d9a21b021,3.0
2025-11-17,ccedfd8b-3277-11ec-a0ee-ec0d9a21b021,6.0
2025-11-03,cd087f9d-92b0-11ed-885d-08c0eb32014b,1.0
2025-11-10,cd087f9d-92b0-11ed-885d-08c0eb32014b,0.0
2025-11-17,cd087f9d-92b0-11ed-885d-08c0eb32014b,1.0
2025-11-03,cd5e79f9-71bd-11ed-b96e-08c0eb32008b,1.0
2025-11-10,cd5e79f9-71bd-11ed-b96e-08c0eb32008b,0.0
2025-11-17,cd5e79f9-71bd-11ed-b96e-08c0eb32008b,1.0
2025-11-03,cd6640e6-d17c-11ea-b7de-0050560306e1,5.0
2025-11-10,cd6640e6-d17c-11ea-b7de-0050560306e1,9.0
2025-11-17,cd6640e6-d17c-11ea-b7de-0050560306e1,7.0
2025-11-03,cd7fb327-4ca3-11ee-885f-08c0eb32014b,6.0
2025-11-10,cd7fb327-4ca3-11ee-885f-08c0eb32014b,6.0
2025-11-17,cd7fb327-4ca3-11ee-885f-08c0eb32014b,6.0
2025-11-03,cd846790-190c-11eb-8599-1c34dae33151,0.0
2025-11-10,cd846790-190c-11eb-8599-1c34dae33151,3.0
2025-11-17,cd846790-190c-11eb-8599-1c34dae33151,5.0
2025-11-03,cdca0477-70bf-11ed-b107-08c0eb31fffb,2.0
2025-11-10,cdca0477-70bf-11ed-b107-08c0eb31fffb,7.0
2025-11-17,cdca0477-70bf-11ed-b107-08c0eb31fffb,14.0
2025-11-03,cdebd457-2c92-11ef-ae7a-08c0eb320147,2.0
2025-11-10,cdebd457-2c92-11ef-ae7a-08c0eb320147,5.0
2025-11-17,cdebd457-2c92-11ef-ae7a-08c0eb320147,5.0
2025-11-03,ce271fcc-42f8-11ec-a0ee-ec0d9a21b021,0.0
2025-11-10,ce271fcc-42f8-11ec-a0ee-ec0d9a21b021,0.0
2025-11-17,ce271fcc-42f8-11ec-a0ee-ec0d9a21b021,1.0
2025-11-03,ce4267b8-d309-11ea-8598-1c34dae33151,0.0
2025-11-10,ce4267b8-d309-11ea-8598-1c34dae33151,1.0
2025-11-17,ce4267b8-d309-11ea-8598-1c34dae33151,0.0
2025-11-03,ce6c1cbd-77f4-11ee-ae79-08c0eb320147,4.0
2025-11-10,ce6c1cbd-77f4-11ee-ae79-08c0eb320147,2.0
2025-11-17,ce6c1cbd-77f4-11ee-ae79-08c0eb320147,4.0
2025-11-03,ce8c8be7-cffb-11ee-b10b-08c0eb31fffb,4.0
2025-11-10,ce8c8be7-cffb-11ee-b10b-08c0eb31fffb,1.0
2025-11-17,ce8c8be7-cffb-11ee-b10b-08c0eb31fffb,2.0
2025-11-03,ce9d0eda-75eb-11ea-a214-0050560307be,2.0
2025-11-10,ce9d0eda-75eb-11ea-a214-0050560307be,0.0
2025-11-17,ce9d0eda-75eb-11ea-a214-0050560307be,0.0
2025-11-03,cec23bf8-50ea-11ef-b973-08c0eb32008b,0.0
2025-11-10,cec23bf8-50ea-11ef-b973-08c0eb32008b,0.0
2025-11-17,cec23bf8-50ea-11ef-b973-08c0eb32008b,0.0
2025-11-03,cec5f46e-b75e-11ed-b970-08c0eb32008b,3.0
2025-11-10,cec5f46e-b75e-11ed-b970-08c0eb32008b,4.0
2025-11-17,cec5f46e-b75e-11ed-b970-08c0eb32008b,6.0
2025-11-03,ceda3342-78bf-11ee-b972-08c0eb32008b,0.0
2025-11-10,ceda3342-78bf-11ee-b972-08c0eb32008b,0.0
2025-11-17,ceda3342-78bf-11ee-b972-08c0eb32008b,1.0
2025-11-03,cf0edbe1-d7a5-11ee-ae7a-08c0eb320147,3.0
2025-11-10,cf0edbe1-d7a5-11ee-ae7a-08c0eb320147,4.0
2025-11-17,cf0edbe1-d7a5-11ee-ae7a-08c0eb320147,7.0
2025-11-03,cf2d571e-3734-11ec-a0ee-ec0d9a21b021,3.0
2025-11-10,cf2d571e-3734-11ec-a0ee-ec0d9a21b021,0.0
2025-11-17,cf2d571e-3734-11ec-a0ee-ec0d9a21b021,2.0
2025-11-03,cf46b2dd-2fb9-11ef-b10b-08c0eb31fffb,4.0
2025-11-10,cf46b2dd-2fb9-11ef-b10b-08c0eb31fffb,3.0
2025-11-17,cf46b2dd-2fb9-11ef-b10b-08c0eb31fffb,4.0
2024-01-01,cf69cefd-2016-11eb-8599-1c34dae33151,14.0
2024-01-08,cf69cefd-2016-11eb-8599-1c34dae33151,19.0
2024-01-15,cf69cefd-2016-11eb-8599-1c34dae33151,19.0
2024-01-22,cf69cefd-2016-11eb-8599-1c34dae33151,18.0
2024-01-29,cf69cefd-2016-11eb-8599-1c34dae33151,16.0
2024-02-05,cf69cefd-2016-11eb-8599-1c34dae33151,20.0
2024-02-12,cf69cefd-2016-11eb-8599-1c34dae33151,20.0
2024-03-04,cf69cefd-2016-11eb-8599-1c34dae33151,3.0
2024-03-11,cf69cefd-2016-11eb-8599-1c34dae33151,0.0
2024-03-18,cf69cefd-2016-11eb-8599-1c34dae33151,0.0
2024-03-25,cf69cefd-2016-11eb-8599-1c34dae33151,0.0
2024-04-01,cf69cefd-2016-11eb-8599-1c34dae33151,15.0
2024-04-08,cf69cefd-2016-11eb-8599-1c34dae33151,0.0
2024-04-15,cf69cefd-2016-11eb-8599-1c34dae33151,0.0
2024-04-22,cf69cefd-2016-11eb-8599-1c34dae33151,1.0
2024-04-29,cf69cefd-2016-11eb-8599-1c34dae33151,0.0
2024-05-06,cf69cefd-2016-11eb-8599-1c34dae33151,0.0
2024-05-13,cf69cefd-2016-11eb-8599-1c34dae33151,1.0
2024-05-20,cf69cefd-2016-11eb-8599-1c34dae33151,3.0
2024-05-27,cf69cefd-2016-11eb-8599-1c34dae33151,5.0
2024-06-03,cf69cefd-2016-11eb-8599-1c34dae33151,5.0
2024-06-10,cf69cefd-2016-11eb-8599-1c34dae33151,4.0
2024-06-17,cf69cefd-2016-11eb-8599-1c34dae33151,5.0
2024-06-24,cf69cefd-2016-11eb-8599-1c34dae33151,5.0
2024-07-01,cf69cefd-2016-11eb-8599-1c34dae33151,6.0
2024-07-08,cf69cefd-2016-11eb-8599-1c34dae33151,4.0
2024-07-15,cf69cefd-2016-11eb-8599-1c34dae33151,3.0
2024-07-22,cf69cefd-2016-11eb-8599-1c34dae33151,3.0
2024-07-29,cf69cefd-2016-11eb-8599-1c34dae33151,1.0
2024-08-05,cf69cefd-2016-11eb-8599-1c34dae33151,2.0
2024-08-12,cf69cefd-2016-11eb-8599-1c34dae33151,5.0
2024-08-19,cf69cefd-2016-11eb-8599-1c34dae33151,8.0
2024-08-26,cf69cefd-2016-11eb-8599-1c34dae33151,10.0
2024-09-02,cf69cefd-2016-11eb-8599-1c34dae33151,6.0
2024-09-09,cf69cefd-2016-11eb-8599-1c34dae33151,3.0
2024-09-16,cf69cefd-2016-11eb-8599-1c34dae33151,5.0
2024-09-23,cf69cefd-2016-11eb-8599-1c34dae33151,11.0
2024-09-30,cf69cefd-2016-11eb-8599-1c34dae33151,5.0
2024-10-07,cf69cefd-2016-11eb-8599-1c34dae33151,3.0
2024-10-14,cf69cefd-2016-11eb-8599-1c34dae33151,5.0
2024-10-21,cf69cefd-2016-11eb-8599-1c34dae33151,4.0
2024-10-28,cf69cefd-2016-11eb-8599-1c34dae33151,12.0
2024-11-04,cf69cefd-2016-11eb-8599-1c34dae33151,11.0
2024-11-11,cf69cefd-2016-11eb-8599-1c34dae33151,19.0
2024-11-18,cf69cefd-2016-11eb-8599-1c34dae33151,15.0
2024-11-25,cf69cefd-2016-11eb-8599-1c34dae33151,6.0
2024-12-02,cf69cefd-2016-11eb-8599-1c34dae33151,20.0
2024-12-09,cf69cefd-2016-11eb-8599-1c34dae33151,15.0
2024-12-16,cf69cefd-2016-11eb-8599-1c34dae33151,9.0
2024-12-23,cf69cefd-2016-11eb-8599-1c34dae33151,4.0
2024-12-30,cf69cefd-2016-11eb-8599-1c34dae33151,2.0
2025-01-06,cf69cefd-2016-11eb-8599-1c34dae33151,8.0
2025-01-13,cf69cefd-2016-11eb-8599-1c34dae33151,3.0
2025-01-20,cf69cefd-2016-11eb-8599-1c34dae33151,0.0
2025-01-27,cf69cefd-2016-11eb-8599-1c34dae33151,2.0
2025-02-03,cf69cefd-2016-11eb-8599-1c34dae33151,2.0
2025-02-10,cf69cefd-2016-11eb-8599-1c34dae33151,2.0
2025-02-17,cf69cefd-2016-11eb-8599-1c34dae33151,0.0
2025-02-24,cf69cefd-2016-11eb-8599-1c34dae33151,2.0
2025-03-03,cf69cefd-2016-11eb-8599-1c34dae33151,7.0
2025-03-10,cf69cefd-2016-11eb-8599-1c34dae33151,0.0
2025-03-17,cf69cefd-2016-11eb-8599-1c34dae33151,2.0
2025-03-24,cf69cefd-2016-11eb-8599-1c34dae33151,1.0
2025-03-31,cf69cefd-2016-11eb-8599-1c34dae33151,5.0
2025-04-07,cf69cefd-2016-11eb-8599-1c34dae33151,3.0
2025-04-14,cf69cefd-2016-11eb-8599-1c34dae33151,4.0
2025-04-21,cf69cefd-2016-11eb-8599-1c34dae33151,6.0
2025-04-28,cf69cefd-2016-11eb-8599-1c34dae33151,5.0
2025-05-05,cf69cefd-2016-11eb-8599-1c34dae33151,7.0
2025-05-12,cf69cefd-2016-11eb-8599-1c34dae33151,2.0
2025-05-19,cf69cefd-2016-11eb-8599-1c34dae33151,7.0
2025-05-26,cf69cefd-2016-11eb-8599-1c34dae33151,3.0
2025-06-02,cf69cefd-2016-11eb-8599-1c34dae33151,0.0
2025-06-09,cf69cefd-2016-11eb-8599-1c34dae33151,1.0
2025-06-16,cf69cefd-2016-11eb-8599-1c34dae33151,0.0
2025-06-23,cf69cefd-2016-11eb-8599-1c34dae33151,0.0
2025-06-30,cf69cefd-2016-11eb-8599-1c34dae33151,0.0
2025-07-07,cf69cefd-2016-11eb-8599-1c34dae33151,0.0
2025-07-14,cf69cefd-2016-11eb-8599-1c34dae33151,6.0
2025-07-21,cf69cefd-2016-11eb-8599-1c34dae33151,4.0
2025-07-28,cf69cefd-2016-11eb-8599-1c34dae33151,2.0
2025-08-04,cf69cefd-2016-11eb-8599-1c34dae33151,0.0
2025-08-11,cf69cefd-2016-11eb-8599-1c34dae33151,0.0
2025-08-18,cf69cefd-2016-11eb-8599-1c34dae33151,3.0
2025-08-25,cf69cefd-2016-11eb-8599-1c34dae33151,4.0
2025-09-01,cf69cefd-2016-11eb-8599-1c34dae33151,9.0
2025-09-08,cf69cefd-2016-11eb-8599-1c34dae33151,8.0
2025-09-15,cf69cefd-2016-11eb-8599-1c34dae33151,10.0
2025-09-22,cf69cefd-2016-11eb-8599-1c34dae33151,7.0
2025-09-29,cf69cefd-2016-11eb-8599-1c34dae33151,5.0
2025-10-06,cf69cefd-2016-11eb-8599-1c34dae33151,0.0
2025-10-13,cf69cefd-2016-11eb-8599-1c34dae33151,3.0
2025-10-20,cf69cefd-2016-11eb-8599-1c34dae33151,3.0
2025-10-27,cf69cefd-2016-11eb-8599-1c34dae33151,0.0
2025-11-03,cf8a51ee-79a5-11ea-a214-0050560307be,6.0
2025-11-10,cf8a51ee-79a5-11ea-a214-0050560307be,0.0
2025-11-17,cf8a51ee-79a5-11ea-a214-0050560307be,0.0
2025-11-03,cf8d91ce-d6ec-11ee-b10b-08c0eb31fffb,3.0
2025-11-10,cf8d91ce-d6ec-11ee-b10b-08c0eb31fffb,7.0
2025-11-17,cf8d91ce-d6ec-11ee-b10b-08c0eb31fffb,4.0
2025-11-03,cfaeb1a0-f7fd-11ea-8599-1c34dae33151,4.0
2025-11-10,cfaeb1a0-f7fd-11ea-8599-1c34dae33151,2.0
2025-11-17,cfaeb1a0-f7fd-11ea-8599-1c34dae33151,2.0
2025-11-03,cfd9bd98-d7b8-11ed-b970-08c0eb32008b,6.0
2025-11-10,cfd9bd98-d7b8-11ed-b970-08c0eb32008b,5.0
2025-11-17,cfd9bd98-d7b8-11ed-b970-08c0eb32008b,10.0
2025-11-03,d008efc4-da83-11ec-8859-08c0eb32014b,4.0
2025-11-10,d008efc4-da83-11ec-8859-08c0eb32014b,6.0
2025-11-17,d008efc4-da83-11ec-8859-08c0eb32014b,5.0
2025-11-03,d013f7f4-460a-11f0-aa3c-be3af2b6059f,0.0
2025-11-10,d013f7f4-460a-11f0-aa3c-be3af2b6059f,0.0
2025-11-17,d013f7f4-460a-11f0-aa3c-be3af2b6059f,0.0
2025-11-03,d06d4ff6-025b-11eb-8599-1c34dae33151,0.0
2025-11-10,d06d4ff6-025b-11eb-8599-1c34dae33151,5.0
2025-11-17,d06d4ff6-025b-11eb-8599-1c34dae33151,3.0
2025-11-03,d06e9d1b-e21d-11ee-b973-08c0eb32008b,2.0
2025-11-10,d06e9d1b-e21d-11ee-b973-08c0eb32008b,2.0
2025-11-17,d06e9d1b-e21d-11ee-b973-08c0eb32008b,5.0
2025-11-03,d07ae6e9-c136-11ef-aa3a-be3af2b6059f,0.0
2025-11-10,d07ae6e9-c136-11ef-aa3a-be3af2b6059f,0.0
2025-11-17,d07ae6e9-c136-11ef-aa3a-be3af2b6059f,0.0
2025-11-03,d0823c5c-04a3-11ef-8861-08c0eb32014b,0.0
2025-11-10,d0823c5c-04a3-11ef-8861-08c0eb32014b,0.0
2025-11-17,d0823c5c-04a3-11ef-8861-08c0eb32014b,4.0
2025-11-03,d082d323-5c43-11ee-885f-08c0eb32014b,1.0
2025-11-10,d082d323-5c43-11ee-885f-08c0eb32014b,1.0
2025-11-17,d082d323-5c43-11ee-885f-08c0eb32014b,1.0
2025-11-03,d0899e9a-ac6d-11ed-b109-08c0eb31fffb,7.0
2025-11-10,d0899e9a-ac6d-11ed-b109-08c0eb31fffb,11.0
2025-11-17,d0899e9a-ac6d-11ed-b109-08c0eb31fffb,16.0
2025-11-03,d09b8ade-fe5e-11ee-8861-08c0eb32014b,0.0
2025-11-10,d09b8ade-fe5e-11ee-8861-08c0eb32014b,2.0
2025-11-17,d09b8ade-fe5e-11ee-8861-08c0eb32014b,1.0
2025-11-03,d09bffdb-84ce-11f0-a5cb-7cc255b74513,7.0
2025-11-10,d09bffdb-84ce-11f0-a5cb-7cc255b74513,5.0
2025-11-17,d09bffdb-84ce-11f0-a5cb-7cc255b74513,8.0
2025-11-03,d0b40fb1-60a2-11eb-85a3-1c34dae33151,0.0
2025-11-10,d0b40fb1-60a2-11eb-85a3-1c34dae33151,0.0
2025-11-17,d0b40fb1-60a2-11eb-85a3-1c34dae33151,0.0
2025-11-03,d0feb5da-d7df-11ea-8599-1c34dae33151,0.0
2025-11-10,d0feb5da-d7df-11ea-8599-1c34dae33151,0.0
2025-11-17,d0feb5da-d7df-11ea-8599-1c34dae33151,0.0
2025-11-03,d11af359-fc73-11ec-b96b-08c0eb32008b,6.0
2025-11-10,d11af359-fc73-11ec-b96b-08c0eb32008b,6.0
2025-11-17,d11af359-fc73-11ec-b96b-08c0eb32008b,10.0
2025-11-03,d12d0ffd-92ab-11ed-885d-08c0eb32014b,3.0
2025-11-10,d12d0ffd-92ab-11ed-885d-08c0eb32014b,1.0
2025-11-17,d12d0ffd-92ab-11ed-885d-08c0eb32014b,2.0
2025-11-03,d13e3f0e-d175-11ea-b7de-0050560306e1,4.0
2025-11-10,d13e3f0e-d175-11ea-b7de-0050560306e1,1.0
2025-11-17,d13e3f0e-d175-11ea-b7de-0050560306e1,0.0
2025-11-03,d1826a6a-b7a0-11ef-b10b-08c0eb31fffb,0.0
2025-11-10,d1826a6a-b7a0-11ef-b10b-08c0eb31fffb,0.0
2025-11-17,d1826a6a-b7a0-11ef-b10b-08c0eb31fffb,0.0
2025-11-03,d18d0665-49a3-11ea-8a1c-0050560306e1,2.0
2025-11-10,d18d0665-49a3-11ea-8a1c-0050560306e1,5.0
2025-11-17,d18d0665-49a3-11ea-8a1c-0050560306e1,5.0
2025-11-03,d194adda-3628-11f0-a97c-be3af2b6059f,2.0
2025-11-10,d194adda-3628-11f0-a97c-be3af2b6059f,6.0
2025-11-17,d194adda-3628-11f0-a97c-be3af2b6059f,7.0
2025-11-03,d1a50548-a412-11eb-85a9-1c34dae33151,0.0
2025-11-10,d1a50548-a412-11eb-85a9-1c34dae33151,2.0
2025-11-17,d1a50548-a412-11eb-85a9-1c34dae33151,2.0
2025-11-03,d1ca7a4c-a7c4-11ed-b970-08c0eb32008b,0.0
2025-11-10,d1ca7a4c-a7c4-11ed-b970-08c0eb32008b,0.0
2025-11-17,d1ca7a4c-a7c4-11ed-b970-08c0eb32008b,0.0
2025-11-03,d2080182-efdd-11ed-b971-08c0eb32008b,1.0
2025-11-10,d2080182-efdd-11ed-b971-08c0eb32008b,4.0
2025-11-17,d2080182-efdd-11ed-b971-08c0eb32008b,2.0
2025-11-03,d212f7ad-4060-11f0-9bb2-be3af2b6059f,0.0
2025-11-10,d212f7ad-4060-11f0-9bb2-be3af2b6059f,1.0
2025-11-17,d212f7ad-4060-11f0-9bb2-be3af2b6059f,0.0
2025-11-03,d246f7a8-3fc9-11ed-ae72-08c0eb320147,3.0
2025-11-10,d246f7a8-3fc9-11ed-ae72-08c0eb320147,3.0
2025-11-17,d246f7a8-3fc9-11ed-ae72-08c0eb320147,4.0
2025-11-03,d253ac1b-753d-11ed-885b-08c0eb32014b,0.0
2025-11-10,d253ac1b-753d-11ed-885b-08c0eb32014b,2.0
2025-11-17,d253ac1b-753d-11ed-885b-08c0eb32014b,0.0
2025-11-03,d2adc296-74fa-11eb-85a3-1c34dae33151,5.0
2025-11-10,d2adc296-74fa-11eb-85a3-1c34dae33151,7.0
2025-11-17,d2adc296-74fa-11eb-85a3-1c34dae33151,10.0
2025-11-03,d2b392e1-1635-11ec-a0ee-ec0d9a21b021,1.0
2025-11-10,d2b392e1-1635-11ec-a0ee-ec0d9a21b021,1.0
2025-11-17,d2b392e1-1635-11ec-a0ee-ec0d9a21b021,1.0
2025-11-03,d2c912f4-0471-11ef-8861-08c0eb32014b,2.0
2025-11-10,d2c912f4-0471-11ef-8861-08c0eb32014b,5.0
2025-11-17,d2c912f4-0471-11ef-8861-08c0eb32014b,2.0
2025-11-03,d2db4b23-1f42-11eb-8599-1c34dae33151,0.0
2025-11-10,d2db4b23-1f42-11eb-8599-1c34dae33151,1.0
2025-11-17,d2db4b23-1f42-11eb-8599-1c34dae33151,0.0
2025-11-03,d2f5a835-d99b-11eb-85ac-1c34dae33151,8.0
2025-11-10,d2f5a835-d99b-11eb-85ac-1c34dae33151,6.0
2025-11-17,d2f5a835-d99b-11eb-85ac-1c34dae33151,3.0
2025-11-03,d315c6a6-539a-11ed-ae75-08c0eb320147,3.0
2025-11-10,d315c6a6-539a-11ed-ae75-08c0eb320147,2.0
2025-11-17,d315c6a6-539a-11ed-ae75-08c0eb320147,4.0
2025-11-03,d32c26ba-2194-11ef-b973-08c0eb32008b,2.0
2025-11-10,d32c26ba-2194-11ef-b973-08c0eb32008b,6.0
2025-11-17,d32c26ba-2194-11ef-b973-08c0eb32008b,2.0
2025-11-03,d365f7c3-cfc5-11ed-885d-08c0eb32014b,4.0
2025-11-10,d365f7c3-cfc5-11ed-885d-08c0eb32014b,8.0
2025-11-17,d365f7c3-cfc5-11ed-885d-08c0eb32014b,7.0
2025-11-03,d377aa1b-2b27-11f0-a5cb-7cc255b74513,0.0
2025-11-10,d377aa1b-2b27-11f0-a5cb-7cc255b74513,0.0
2025-11-17,d377aa1b-2b27-11f0-a5cb-7cc255b74513,0.0
2025-11-03,d3975ba0-168e-11ef-8861-08c0eb32014b,5.0
2025-11-10,d3975ba0-168e-11ef-8861-08c0eb32014b,8.0
2025-11-17,d3975ba0-168e-11ef-8861-08c0eb32014b,4.0
2025-11-03,d3b0e797-74f7-11eb-85a3-1c34dae33151,0.0
2025-11-10,d3b0e797-74f7-11eb-85a3-1c34dae33151,0.0
2025-11-17,d3b0e797-74f7-11eb-85a3-1c34dae33151,2.0
2025-11-03,d3c0477b-63a1-11ef-b10b-08c0eb31fffb,1.0
2025-11-10,d3c0477b-63a1-11ef-b10b-08c0eb31fffb,5.0
2025-11-17,d3c0477b-63a1-11ef-b10b-08c0eb31fffb,3.0
2025-11-03,d3d1ba76-5c10-11ec-a0ee-ec0d9a21b021,3.0
2025-11-10,d3d1ba76-5c10-11ec-a0ee-ec0d9a21b021,1.0
2025-11-17,d3d1ba76-5c10-11ec-a0ee-ec0d9a21b021,1.0
2025-11-03,d402c5e5-eba4-11ea-8599-1c34dae33151,11.0
2025-11-10,d402c5e5-eba4-11ea-8599-1c34dae33151,11.0
2025-11-17,d402c5e5-eba4-11ea-8599-1c34dae33151,8.0
2025-11-03,d409b41e-7c8c-11ed-b970-08c0eb32008b,1.0
2025-11-10,d409b41e-7c8c-11ed-b970-08c0eb32008b,3.0
2025-11-17,d409b41e-7c8c-11ed-b970-08c0eb32008b,4.0
2025-11-03,d444a756-435b-11ee-ae78-08c0eb320147,3.0
2025-11-10,d444a756-435b-11ee-ae78-08c0eb320147,4.0
2025-11-17,d444a756-435b-11ee-ae78-08c0eb320147,4.0
2025-11-03,d453bd2c-675e-11ee-ae79-08c0eb320147,2.0
2025-11-10,d453bd2c-675e-11ee-ae79-08c0eb320147,0.0
2025-11-17,d453bd2c-675e-11ee-ae79-08c0eb320147,0.0
2025-11-03,d46b0e78-8eae-11ee-b10b-08c0eb31fffb,1.0
2025-11-10,d46b0e78-8eae-11ee-b10b-08c0eb31fffb,3.0
2025-11-17,d46b0e78-8eae-11ee-b10b-08c0eb31fffb,3.0
2025-11-03,d4d688ea-8580-11eb-85a3-1c34dae33151,1.0
2025-11-10,d4d688ea-8580-11eb-85a3-1c34dae33151,2.0
2025-11-17,d4d688ea-8580-11eb-85a3-1c34dae33151,1.0
2025-11-03,d4f0d8cc-7637-11ed-b96e-08c0eb32008b,0.0
2025-11-10,d4f0d8cc-7637-11ed-b96e-08c0eb32008b,1.0
2025-11-17,d4f0d8cc-7637-11ed-b96e-08c0eb32008b,0.0
2025-11-03,d5066827-c698-11ee-8861-08c0eb32014b,3.0
2025-11-10,d5066827-c698-11ee-8861-08c0eb32014b,0.0
2025-11-17,d5066827-c698-11ee-8861-08c0eb32014b,1.0
2025-11-03,d5257576-8d04-11ee-ae7a-08c0eb320147,0.0
2025-11-10,d5257576-8d04-11ee-ae7a-08c0eb320147,0.0
2025-11-17,d5257576-8d04-11ee-ae7a-08c0eb320147,0.0
2025-11-03,d550b899-4d38-11ec-a0ee-ec0d9a21b021,0.0
2025-11-10,d550b899-4d38-11ec-a0ee-ec0d9a21b021,0.0
2025-11-17,d550b899-4d38-11ec-a0ee-ec0d9a21b021,1.0
2025-11-03,d55506da-2c91-11ee-b971-08c0eb32008b,5.0
2025-11-10,d55506da-2c91-11ee-b971-08c0eb32008b,2.0
2025-11-17,d55506da-2c91-11ee-b971-08c0eb32008b,4.0
2025-11-03,d5930102-1063-11f0-aa25-be3af2b6059f,8.0
2025-11-10,d5930102-1063-11f0-aa25-be3af2b6059f,2.0
2025-11-17,d5930102-1063-11f0-aa25-be3af2b6059f,0.0
2025-11-03,d5a8dc76-092f-11ef-8861-08c0eb32014b,5.0
2025-11-10,d5a8dc76-092f-11ef-8861-08c0eb32014b,2.0
2025-11-17,d5a8dc76-092f-11ef-8861-08c0eb32014b,1.0
2025-11-03,d5c78d3c-63ea-11ed-b107-08c0eb31fffb,2.0
2025-11-10,d5c78d3c-63ea-11ed-b107-08c0eb31fffb,0.0
2025-11-17,d5c78d3c-63ea-11ed-b107-08c0eb31fffb,3.0
2025-11-03,d61447ef-3c9f-11ec-85ad-1c34dae33151,0.0
2025-11-10,d61447ef-3c9f-11ec-85ad-1c34dae33151,0.0
2025-11-17,d61447ef-3c9f-11ec-85ad-1c34dae33151,1.0
2025-11-03,d62af9ea-495a-11ec-a0ee-ec0d9a21b021,4.0
2025-11-10,d62af9ea-495a-11ec-a0ee-ec0d9a21b021,4.0
2025-11-17,d62af9ea-495a-11ec-a0ee-ec0d9a21b021,4.0
2025-11-03,d62e968e-9058-11ee-8861-08c0eb32014b,0.0
2025-11-10,d62e968e-9058-11ee-8861-08c0eb32014b,0.0
2025-11-17,d62e968e-9058-11ee-8861-08c0eb32014b,0.0
2025-11-03,d6471460-e2c8-11ee-8861-08c0eb32014b,2.0
2025-11-10,d6471460-e2c8-11ee-8861-08c0eb32014b,1.0
2025-11-17,d6471460-e2c8-11ee-8861-08c0eb32014b,1.0
2025-11-03,d64d7a68-8eb7-11ee-b10b-08c0eb31fffb,2.0
2025-11-10,d64d7a68-8eb7-11ee-b10b-08c0eb31fffb,4.0
2025-11-17,d64d7a68-8eb7-11ee-b10b-08c0eb31fffb,6.0
2025-11-03,d65152f8-92b2-11ed-b970-08c0eb32008b,4.0
2025-11-10,d65152f8-92b2-11ed-b970-08c0eb32008b,5.0
2025-11-17,d65152f8-92b2-11ed-b970-08c0eb32008b,3.0
2025-11-03,d66f558f-6872-11f0-a5cb-7cc255b74513,5.0
2025-11-10,d66f558f-6872-11f0-a5cb-7cc255b74513,1.0
2025-11-17,d66f558f-6872-11f0-a5cb-7cc255b74513,0.0
2025-11-03,d68b416d-7d1f-11ed-b970-08c0eb32008b,0.0
2025-11-10,d68b416d-7d1f-11ed-b970-08c0eb32008b,3.0
2025-11-17,d68b416d-7d1f-11ed-b970-08c0eb32008b,2.0
2025-11-03,d6a38b60-769a-11ee-ae79-08c0eb320147,3.0
2025-11-10,d6a38b60-769a-11ee-ae79-08c0eb320147,4.0
2025-11-17,d6a38b60-769a-11ee-ae79-08c0eb320147,2.0
2025-11-03,d6ccae1a-2015-11eb-8599-1c34dae33151,0.0
2025-11-10,d6ccae1a-2015-11eb-8599-1c34dae33151,0.0
2025-11-17,d6ccae1a-2015-11eb-8599-1c34dae33151,0.0
2025-11-03,d6d70076-2719-11ef-b10b-08c0eb31fffb,0.0
2025-11-10,d6d70076-2719-11ef-b10b-08c0eb31fffb,1.0
2025-11-17,d6d70076-2719-11ef-b10b-08c0eb31fffb,1.0
2025-11-03,d6e24282-c4e3-11ea-b7de-0050560306e1,6.0
2025-11-10,d6e24282-c4e3-11ea-b7de-0050560306e1,9.0
2025-11-17,d6e24282-c4e3-11ea-b7de-0050560306e1,11.0
2025-11-03,d6ead251-2e21-11ef-b10b-08c0eb31fffb,1.0
2025-11-10,d6ead251-2e21-11ef-b10b-08c0eb31fffb,2.0
2025-11-17,d6ead251-2e21-11ef-b10b-08c0eb31fffb,1.0
2025-11-03,d6ee984c-70c0-11ed-885b-08c0eb32014b,0.0
2025-11-10,d6ee984c-70c0-11ed-885b-08c0eb32014b,3.0
2025-11-17,d6ee984c-70c0-11ed-885b-08c0eb32014b,0.0
2025-11-03,d6f3cc9c-7735-11ef-ae7a-08c0eb320147,2.0
2025-11-10,d6f3cc9c-7735-11ef-ae7a-08c0eb320147,0.0
2025-11-17,d6f3cc9c-7735-11ef-ae7a-08c0eb320147,5.0
2025-11-03,d74017ef-025c-11eb-8599-1c34dae33151,3.0
2025-11-10,d74017ef-025c-11eb-8599-1c34dae33151,6.0
2025-11-17,d74017ef-025c-11eb-8599-1c34dae33151,6.0
2025-11-03,d740d8fc-a946-11ea-9e08-0050560306e1,13.0
2025-11-10,d740d8fc-a946-11ea-9e08-0050560306e1,8.0
2025-11-17,d740d8fc-a946-11ea-9e08-0050560306e1,9.0
2025-11-03,d7b4faf2-6401-11ed-b96e-08c0eb32008b,0.0
2025-11-10,d7b4faf2-6401-11ed-b96e-08c0eb32008b,4.0
2025-11-17,d7b4faf2-6401-11ed-b96e-08c0eb32008b,1.0
2025-11-03,d7e1e845-9064-11ef-8861-08c0eb32014b,2.0
2025-11-10,d7e1e845-9064-11ef-8861-08c0eb32014b,1.0
2025-11-17,d7e1e845-9064-11ef-8861-08c0eb32014b,3.0
2025-11-03,d7ebb2b7-2fed-11ec-a0ee-ec0d9a21b021,0.0
2025-11-10,d7ebb2b7-2fed-11ec-a0ee-ec0d9a21b021,1.0
2025-11-17,d7ebb2b7-2fed-11ec-a0ee-ec0d9a21b021,2.0
2025-11-03,d7ed8eb0-2588-11eb-8599-1c34dae33151,1.0
2025-11-10,d7ed8eb0-2588-11eb-8599-1c34dae33151,3.0
2025-11-17,d7ed8eb0-2588-11eb-8599-1c34dae33151,3.0
2025-11-03,d803ac39-acc0-11ef-b973-08c0eb32008b,3.0
2025-11-10,d803ac39-acc0-11ef-b973-08c0eb32008b,2.0
2025-11-17,d803ac39-acc0-11ef-b973-08c0eb32008b,2.0
2025-11-03,d82f20f0-9613-11eb-85a9-1c34dae33151,1.0
2025-11-10,d82f20f0-9613-11eb-85a9-1c34dae33151,6.0
2025-11-17,d82f20f0-9613-11eb-85a9-1c34dae33151,14.0
2025-11-03,d839deb0-fa8d-11ef-a97a-be3af2b6059f,7.0
2025-11-10,d839deb0-fa8d-11ef-a97a-be3af2b6059f,9.0
2025-11-17,d839deb0-fa8d-11ef-a97a-be3af2b6059f,6.0
2025-11-03,d84cab1b-539c-11ee-ae78-08c0eb320147,2.0
2025-11-10,d84cab1b-539c-11ee-ae78-08c0eb320147,2.0
2025-11-17,d84cab1b-539c-11ee-ae78-08c0eb320147,2.0
2025-11-03,d8580701-334c-11ec-85ad-1c34dae33151,2.0
2025-11-10,d8580701-334c-11ec-85ad-1c34dae33151,3.0
2025-11-17,d8580701-334c-11ec-85ad-1c34dae33151,1.0
2025-11-03,d86a80d6-5d3a-11ea-a7b3-0050560306e1,0.0
2025-11-10,d86a80d6-5d3a-11ea-a7b3-0050560306e1,0.0
2025-11-17,d86a80d6-5d3a-11ea-a7b3-0050560306e1,2.0
2025-11-03,d886e43b-4585-11ed-b106-08c0eb31fffb,5.0
2025-11-10,d886e43b-4585-11ed-b106-08c0eb31fffb,5.0
2025-11-17,d886e43b-4585-11ed-b106-08c0eb31fffb,5.0
2025-11-03,d8890a55-74f6-11eb-85a3-1c34dae33151,0.0
2025-11-10,d8890a55-74f6-11eb-85a3-1c34dae33151,1.0
2025-11-17,d8890a55-74f6-11eb-85a3-1c34dae33151,1.0
2025-11-03,d89f12b9-5d2f-11ea-a7b3-0050560306e1,1.0
2025-11-10,d89f12b9-5d2f-11ea-a7b3-0050560306e1,2.0
2025-11-17,d89f12b9-5d2f-11ea-a7b3-0050560306e1,3.0
2025-11-03,d8a4438d-84a6-11ef-b973-08c0eb32008b,3.0
2025-11-10,d8a4438d-84a6-11ef-b973-08c0eb32008b,4.0
2025-11-17,d8a4438d-84a6-11ef-b973-08c0eb32008b,10.0
2025-11-03,d8c3604f-d7e9-11eb-85ac-1c34dae33151,0.0
2025-11-10,d8c3604f-d7e9-11eb-85ac-1c34dae33151,0.0
2025-11-17,d8c3604f-d7e9-11eb-85ac-1c34dae33151,0.0
2025-11-03,d8d450a7-50d9-11ef-b973-08c0eb32008b,0.0
2025-11-10,d8d450a7-50d9-11ef-b973-08c0eb32008b,0.0
2025-11-17,d8d450a7-50d9-11ef-b973-08c0eb32008b,4.0
2025-11-03,d8f57acb-c0de-11ea-b7de-0050560306e1,3.0
2025-11-10,d8f57acb-c0de-11ea-b7de-0050560306e1,4.0
2025-11-17,d8f57acb-c0de-11ea-b7de-0050560306e1,3.0
2025-11-03,d8f70c8d-e84b-11ee-ae7a-08c0eb320147,5.0
2025-11-10,d8f70c8d-e84b-11ee-ae7a-08c0eb320147,4.0
2025-11-17,d8f70c8d-e84b-11ee-ae7a-08c0eb320147,4.0
2025-11-03,d900a96b-1b12-11ee-b10a-08c0eb31fffb,6.0
2025-11-10,d900a96b-1b12-11ee-b10a-08c0eb31fffb,3.0
2025-11-17,d900a96b-1b12-11ee-b10a-08c0eb31fffb,4.0
2025-11-03,d907a111-6402-11ed-b96e-08c0eb32008b,2.0
2025-11-10,d907a111-6402-11ed-b96e-08c0eb32008b,1.0
2025-11-17,d907a111-6402-11ed-b96e-08c0eb32008b,0.0
2025-11-03,d91dc57b-1f41-11eb-8599-1c34dae33151,0.0
2025-11-10,d91dc57b-1f41-11eb-8599-1c34dae33151,4.0
2025-11-17,d91dc57b-1f41-11eb-8599-1c34dae33151,0.0
2025-11-03,d92f413b-acad-11ef-ae7a-08c0eb320147,1.0
2025-11-10,d92f413b-acad-11ef-ae7a-08c0eb320147,0.0
2025-11-17,d92f413b-acad-11ef-ae7a-08c0eb320147,0.0
2025-11-03,d9357c17-71f6-11ec-8856-08c0eb32014b,0.0
2025-11-10,d9357c17-71f6-11ec-8856-08c0eb32014b,0.0
2025-11-17,d9357c17-71f6-11ec-8856-08c0eb32014b,2.0
2025-11-03,d938643a-32de-11ee-ae78-08c0eb320147,3.0
2025-11-10,d938643a-32de-11ee-ae78-08c0eb320147,3.0
2025-11-17,d938643a-32de-11ee-ae78-08c0eb320147,1.0
2025-11-03,d9486ea4-300f-11ed-b96c-08c0eb32008b,0.0
2025-11-10,d9486ea4-300f-11ed-b96c-08c0eb32008b,0.0
2025-11-17,d9486ea4-300f-11ed-b96c-08c0eb32008b,0.0
2025-11-03,d95235b8-7d45-11ee-ae7a-08c0eb320147,0.0
2025-11-10,d95235b8-7d45-11ee-ae7a-08c0eb320147,0.0
2025-11-17,d95235b8-7d45-11ee-ae7a-08c0eb320147,0.0
2025-11-03,d9600be5-c049-11ee-b10b-08c0eb31fffb,1.0
2025-11-10,d9600be5-c049-11ee-b10b-08c0eb31fffb,1.0
2025-11-17,d9600be5-c049-11ee-b10b-08c0eb31fffb,0.0
2025-11-03,d9784c34-72cf-11eb-85a3-1c34dae33151,2.0
2025-11-10,d9784c34-72cf-11eb-85a3-1c34dae33151,4.0
2025-11-17,d9784c34-72cf-11eb-85a3-1c34dae33151,0.0
2025-11-03,d9a317ed-def0-11ef-aa3a-be3af2b6059f,0.0
2025-11-10,d9a317ed-def0-11ef-aa3a-be3af2b6059f,1.0
2025-11-17,d9a317ed-def0-11ef-aa3a-be3af2b6059f,2.0
2025-11-03,d9ade665-bc5a-11ef-a97a-be3af2b6059f,0.0
2025-11-10,d9ade665-bc5a-11ef-a97a-be3af2b6059f,2.0
2025-11-17,d9ade665-bc5a-11ef-a97a-be3af2b6059f,3.0
2025-11-03,d9b2749e-a0db-11ef-ae7a-08c0eb320147,3.0
2025-11-10,d9b2749e-a0db-11ef-ae7a-08c0eb320147,4.0
2025-11-17,d9b2749e-a0db-11ef-ae7a-08c0eb320147,3.0
2025-11-03,d9e5fb1f-e2a6-11ed-ae78-08c0eb320147,0.0
2025-11-10,d9e5fb1f-e2a6-11ed-ae78-08c0eb320147,0.0
2025-11-17,d9e5fb1f-e2a6-11ed-ae78-08c0eb320147,0.0
2025-11-03,d9f7a951-77bb-11ec-ae6d-08c0eb320147,4.0
2025-11-10,d9f7a951-77bb-11ec-ae6d-08c0eb320147,6.0
2025-11-17,d9f7a951-77bb-11ec-ae6d-08c0eb320147,1.0
2025-11-03,da09373a-beba-11ee-b973-08c0eb32008b,0.0
2025-11-10,da09373a-beba-11ee-b973-08c0eb32008b,5.0
2025-11-17,da09373a-beba-11ee-b973-08c0eb32008b,2.0
2025-11-03,da46b05b-8b29-11ea-aff3-0050560306e1,2.0
2025-11-10,da46b05b-8b29-11ea-aff3-0050560306e1,0.0
2025-11-17,da46b05b-8b29-11ea-aff3-0050560306e1,1.0
2025-11-03,da5a7a75-54da-11eb-85a3-1c34dae33151,0.0
2025-11-10,da5a7a75-54da-11eb-85a3-1c34dae33151,0.0
2025-11-17,da5a7a75-54da-11eb-85a3-1c34dae33151,3.0
2025-11-03,da80a760-a40d-11eb-85a9-1c34dae33151,1.0
2025-11-10,da80a760-a40d-11eb-85a9-1c34dae33151,4.0
2025-11-17,da80a760-a40d-11eb-85a9-1c34dae33151,1.0
2025-11-03,da8539bf-9070-11eb-85a8-1c34dae33151,4.0
2025-11-10,da8539bf-9070-11eb-85a8-1c34dae33151,6.0
2025-11-17,da8539bf-9070-11eb-85a8-1c34dae33151,4.0
2025-11-03,da94115e-a40e-11eb-85a9-1c34dae33151,0.0
2025-11-10,da94115e-a40e-11eb-85a9-1c34dae33151,0.0
2025-11-17,da94115e-a40e-11eb-85a9-1c34dae33151,0.0
2025-11-03,daa94422-d160-11ee-b10b-08c0eb31fffb,0.0
2025-11-10,daa94422-d160-11ee-b10b-08c0eb31fffb,0.0
2025-11-17,daa94422-d160-11ee-b10b-08c0eb31fffb,0.0
2025-11-03,dad038d0-3716-11f0-aa3c-be3af2b6059f,5.0
2025-11-10,dad038d0-3716-11f0-aa3c-be3af2b6059f,7.0
2025-11-17,dad038d0-3716-11f0-aa3c-be3af2b6059f,5.0
2025-11-03,db1a70da-f3df-11ed-ae78-08c0eb320147,4.0
2025-11-10,db1a70da-f3df-11ed-ae78-08c0eb320147,3.0
2025-11-17,db1a70da-f3df-11ed-ae78-08c0eb320147,3.0
2025-11-03,db1b28c9-2198-11ef-ae7a-08c0eb320147,0.0
2025-11-10,db1b28c9-2198-11ef-ae7a-08c0eb320147,3.0
2025-11-17,db1b28c9-2198-11ef-ae7a-08c0eb320147,2.0
2025-11-03,db256d2c-9d00-11ef-b973-08c0eb32008b,4.0
2025-11-10,db256d2c-9d00-11ef-b973-08c0eb32008b,2.0
2025-11-17,db256d2c-9d00-11ef-b973-08c0eb32008b,3.0
2025-11-03,db2e16df-91f9-11ef-8861-08c0eb32014b,3.0
2025-11-10,db2e16df-91f9-11ef-8861-08c0eb32014b,3.0
2025-11-17,db2e16df-91f9-11ef-8861-08c0eb32014b,2.0
2025-11-03,db36a175-8bc1-11ef-8861-08c0eb32014b,2.0
2025-11-10,db36a175-8bc1-11ef-8861-08c0eb32014b,2.0
2025-11-17,db36a175-8bc1-11ef-8861-08c0eb32014b,4.0
2025-11-03,db4010e4-3011-11ed-ae72-08c0eb320147,7.0
2025-11-10,db4010e4-3011-11ed-ae72-08c0eb320147,2.0
2025-11-17,db4010e4-3011-11ed-ae72-08c0eb320147,6.0
2025-11-03,db87b953-f9ab-11ea-8599-1c34dae33151,0.0
2025-11-10,db87b953-f9ab-11ea-8599-1c34dae33151,0.0
2025-11-17,db87b953-f9ab-11ea-8599-1c34dae33151,0.0
2025-11-03,db978b6b-a81a-11ef-8861-08c0eb32014b,5.0
2025-11-10,db978b6b-a81a-11ef-8861-08c0eb32014b,3.0
2025-11-17,db978b6b-a81a-11ef-8861-08c0eb32014b,0.0
2025-11-03,dbaa46ef-7737-11ef-ae7a-08c0eb320147,7.0
2025-11-10,dbaa46ef-7737-11ef-ae7a-08c0eb320147,12.0
2025-11-17,dbaa46ef-7737-11ef-ae7a-08c0eb320147,5.0
2025-11-03,dbbf6e79-50a8-11ed-ae75-08c0eb320147,0.0
2025-11-10,dbbf6e79-50a8-11ed-ae75-08c0eb320147,1.0
2025-11-17,dbbf6e79-50a8-11ed-ae75-08c0eb320147,1.0
2025-11-03,dbec6100-7c3b-11f0-a5cb-7cc255b74513,4.0
2025-11-10,dbec6100-7c3b-11f0-a5cb-7cc255b74513,4.0
2025-11-17,dbec6100-7c3b-11f0-a5cb-7cc255b74513,3.0
2025-11-03,dc37a11e-eb87-11eb-a0ee-ec0d9a21b021,0.0
2025-11-10,dc37a11e-eb87-11eb-a0ee-ec0d9a21b021,0.0
2025-11-17,dc37a11e-eb87-11eb-a0ee-ec0d9a21b021,0.0
2025-11-03,dc55bc73-5e3f-11ef-b973-08c0eb32008b,2.0
2025-11-10,dc55bc73-5e3f-11ef-b973-08c0eb32008b,1.0
2025-11-17,dc55bc73-5e3f-11ef-b973-08c0eb32008b,2.0
2025-11-03,dc92a686-582e-11ec-85ad-1c34dae33151,5.0
2025-11-10,dc92a686-582e-11ec-85ad-1c34dae33151,0.0
2025-11-17,dc92a686-582e-11ec-85ad-1c34dae33151,4.0
2025-11-03,dc94154f-c266-11ed-885d-08c0eb32014b,0.0
2025-11-10,dc94154f-c266-11ed-885d-08c0eb32014b,2.0
2025-11-17,dc94154f-c266-11ed-885d-08c0eb32014b,1.0
2025-11-03,dca371ce-95f5-11eb-85a9-1c34dae33151,5.0
2025-11-10,dca371ce-95f5-11eb-85a9-1c34dae33151,3.0
2025-11-17,dca371ce-95f5-11eb-85a9-1c34dae33151,11.0
2025-11-03,dcb1dd42-9603-11eb-85a9-1c34dae33151,4.0
2025-11-10,dcb1dd42-9603-11eb-85a9-1c34dae33151,6.0
2025-11-17,dcb1dd42-9603-11eb-85a9-1c34dae33151,5.0
2025-11-03,dce2130c-87c1-11eb-85a3-1c34dae33151,1.0
2025-11-10,dce2130c-87c1-11eb-85a3-1c34dae33151,3.0
2025-11-17,dce2130c-87c1-11eb-85a3-1c34dae33151,1.0
2025-11-03,dd09e678-50d8-11ef-b973-08c0eb32008b,4.0
2025-11-10,dd09e678-50d8-11ef-b973-08c0eb32008b,5.0
2025-11-17,dd09e678-50d8-11ef-b973-08c0eb32008b,4.0
2025-11-03,dd23b5c8-4ac9-11ed-885a-08c0eb32014b,0.0
2025-11-10,dd23b5c8-4ac9-11ed-885a-08c0eb32014b,2.0
2025-11-17,dd23b5c8-4ac9-11ed-885a-08c0eb32014b,1.0
2025-11-03,dd270e73-70c6-11ed-b107-08c0eb31fffb,4.0
2025-11-10,dd270e73-70c6-11ed-b107-08c0eb31fffb,0.0
2025-11-17,dd270e73-70c6-11ed-b107-08c0eb31fffb,1.0
2025-11-03,dd42ba14-8f55-11ee-ae7a-08c0eb320147,0.0
2025-11-10,dd42ba14-8f55-11ee-ae7a-08c0eb320147,0.0
2025-11-17,dd42ba14-8f55-11ee-ae7a-08c0eb320147,1.0
2025-11-03,dd621940-8e1a-11ea-aff3-0050560306e1,9.0
2025-11-10,dd621940-8e1a-11ea-aff3-0050560306e1,11.0
2025-11-17,dd621940-8e1a-11ea-aff3-0050560306e1,8.0
2025-11-03,dd642acd-63e0-11ed-b107-08c0eb31fffb,0.0
2025-11-10,dd642acd-63e0-11ed-b107-08c0eb31fffb,0.0
2025-11-17,dd642acd-63e0-11ed-b107-08c0eb31fffb,5.0
2025-11-03,dd7b8eba-9119-11ef-b973-08c0eb32008b,0.0
2025-11-10,dd7b8eba-9119-11ef-b973-08c0eb32008b,1.0
2025-11-17,dd7b8eba-9119-11ef-b973-08c0eb32008b,0.0
2025-11-03,ddff53cd-5ba2-11ee-b971-08c0eb32008b,3.0
2025-11-10,ddff53cd-5ba2-11ee-b971-08c0eb32008b,0.0
2025-11-17,ddff53cd-5ba2-11ee-b971-08c0eb32008b,0.0
2025-11-03,de05f686-d68c-11ec-b96b-08c0eb32008b,7.0
2025-11-10,de05f686-d68c-11ec-b96b-08c0eb32008b,5.0
2025-11-17,de05f686-d68c-11ec-b96b-08c0eb32008b,2.0
2025-11-03,de081876-233a-11ef-b973-08c0eb32008b,3.0
2025-11-10,de081876-233a-11ef-b973-08c0eb32008b,1.0
2025-11-17,de081876-233a-11ef-b973-08c0eb32008b,3.0
2025-11-03,de26688f-ae8a-11ef-b973-08c0eb32008b,0.0
2025-11-10,de26688f-ae8a-11ef-b973-08c0eb32008b,0.0
2025-11-17,de26688f-ae8a-11ef-b973-08c0eb32008b,0.0
2025-11-03,de34d547-710a-11eb-85a3-1c34dae33151,0.0
2025-11-10,de34d547-710a-11eb-85a3-1c34dae33151,2.0
2025-11-17,de34d547-710a-11eb-85a3-1c34dae33151,2.0
2025-11-03,de3826c4-98c9-11ec-8856-08c0eb32014b,4.0
2025-11-10,de3826c4-98c9-11ec-8856-08c0eb32014b,4.0
2025-11-17,de3826c4-98c9-11ec-8856-08c0eb32014b,5.0
2025-11-03,de6a946e-f002-11ee-b10b-08c0eb31fffb,3.0
2025-11-10,de6a946e-f002-11ee-b10b-08c0eb31fffb,4.0
2025-11-17,de6a946e-f002-11ee-b10b-08c0eb31fffb,3.0
2025-11-03,de6cc7f9-f7fc-11ea-8599-1c34dae33151,6.0
2025-11-10,de6cc7f9-f7fc-11ea-8599-1c34dae33151,5.0
2025-11-17,de6cc7f9-f7fc-11ea-8599-1c34dae33151,4.0
2025-11-03,deafcece-dbad-11ee-b10b-08c0eb31fffb,6.0
2025-11-10,deafcece-dbad-11ee-b10b-08c0eb31fffb,5.0
2025-11-17,deafcece-dbad-11ee-b10b-08c0eb31fffb,3.0
2025-11-03,decf3c5d-511c-11ec-85ad-1c34dae33151,0.0
2025-11-10,decf3c5d-511c-11ec-85ad-1c34dae33151,0.0
2025-11-17,decf3c5d-511c-11ec-85ad-1c34dae33151,0.0
2025-11-03,dedb9e54-50e9-11ef-b973-08c0eb32008b,1.0
2025-11-10,dedb9e54-50e9-11ef-b973-08c0eb32008b,5.0
2025-11-17,dedb9e54-50e9-11ef-b973-08c0eb32008b,3.0
2025-11-03,def9c28d-92b7-11ed-ae77-08c0eb320147,2.0
2025-11-10,def9c28d-92b7-11ed-ae77-08c0eb320147,2.0
2025-11-17,def9c28d-92b7-11ed-ae77-08c0eb320147,2.0
2025-11-03,defa5ebc-acca-11eb-85ab-1c34dae33151,1.0
2025-11-10,defa5ebc-acca-11eb-85ab-1c34dae33151,3.0
2025-11-17,defa5ebc-acca-11eb-85ab-1c34dae33151,2.0
2025-11-03,df010f36-39b0-11ed-ae72-08c0eb320147,0.0
2025-11-10,df010f36-39b0-11ed-ae72-08c0eb320147,0.0
2025-11-17,df010f36-39b0-11ed-ae72-08c0eb320147,0.0
2025-11-03,df0931ab-77af-11ed-b107-08c0eb31fffb,5.0
2025-11-10,df0931ab-77af-11ed-b107-08c0eb31fffb,5.0
2025-11-17,df0931ab-77af-11ed-b107-08c0eb31fffb,6.0
2025-11-03,df0d7f6c-4586-11ed-b106-08c0eb31fffb,3.0
2025-11-10,df0d7f6c-4586-11ed-b106-08c0eb31fffb,6.0
2025-11-17,df0d7f6c-4586-11ed-b106-08c0eb31fffb,6.0
2025-11-03,df4f93ac-c837-11eb-85ac-1c34dae33151,0.0
2025-11-10,df4f93ac-c837-11eb-85ac-1c34dae33151,0.0
2025-11-17,df4f93ac-c837-11eb-85ac-1c34dae33151,0.0
2025-11-03,df6d188a-9215-11eb-85a8-1c34dae33151,3.0
2025-11-10,df6d188a-9215-11eb-85a8-1c34dae33151,1.0
2025-11-17,df6d188a-9215-11eb-85a8-1c34dae33151,0.0
2025-11-03,df8b6410-a67f-11ef-b10b-08c0eb31fffb,0.0
2025-11-10,df8b6410-a67f-11ef-b10b-08c0eb31fffb,0.0
2025-11-17,df8b6410-a67f-11ef-b10b-08c0eb31fffb,0.0
2025-11-03,df9a4f8d-9f24-11ee-b973-08c0eb32008b,2.0
2025-11-10,df9a4f8d-9f24-11ee-b973-08c0eb32008b,5.0
2025-11-17,df9a4f8d-9f24-11ee-b973-08c0eb32008b,7.0
2025-11-03,dfa1ae9a-7d21-11ed-b970-08c0eb32008b,4.0
2025-11-10,dfa1ae9a-7d21-11ed-b970-08c0eb32008b,4.0
2025-11-17,dfa1ae9a-7d21-11ed-b970-08c0eb32008b,5.0
2025-11-03,dfbc5b27-4fbf-11ed-b106-08c0eb31fffb,0.0
2025-11-10,dfbc5b27-4fbf-11ed-b106-08c0eb31fffb,3.0
2025-11-17,dfbc5b27-4fbf-11ed-b106-08c0eb31fffb,3.0
2025-11-03,dfc954a5-9e66-11ee-b10b-08c0eb31fffb,1.0
2025-11-10,dfc954a5-9e66-11ee-b10b-08c0eb31fffb,2.0
2025-11-17,dfc954a5-9e66-11ee-b10b-08c0eb31fffb,3.0
2025-11-03,dfdec1f2-a344-11ef-ae7a-08c0eb320147,0.0
2025-11-10,dfdec1f2-a344-11ef-ae7a-08c0eb320147,0.0
2025-11-17,dfdec1f2-a344-11ef-ae7a-08c0eb320147,0.0
2025-11-03,dfecb1d0-a33c-11ee-b973-08c0eb32008b,2.0
2025-11-10,dfecb1d0-a33c-11ee-b973-08c0eb32008b,2.0
2025-11-17,dfecb1d0-a33c-11ee-b973-08c0eb32008b,3.0
2025-11-03,e0447bb9-d7b1-11ed-b970-08c0eb32008b,0.0
2025-11-10,e0447bb9-d7b1-11ed-b970-08c0eb32008b,3.0
2025-11-17,e0447bb9-d7b1-11ed-b970-08c0eb32008b,2.0
2025-11-03,e0463864-aec4-11ed-885d-08c0eb32014b,3.0
2025-11-10,e0463864-aec4-11ed-885d-08c0eb32014b,1.0
2025-11-17,e0463864-aec4-11ed-885d-08c0eb32014b,2.0
2025-11-03,e055d143-9220-11eb-85a8-1c34dae33151,6.0
2025-11-10,e055d143-9220-11eb-85a8-1c34dae33151,2.0
2025-11-17,e055d143-9220-11eb-85a8-1c34dae33151,1.0
2025-11-03,e05bdd43-8c88-11ef-b973-08c0eb32008b,0.0
2025-11-10,e05bdd43-8c88-11ef-b973-08c0eb32008b,2.0
2025-11-17,e05bdd43-8c88-11ef-b973-08c0eb32008b,2.0
2025-11-03,e072d743-c455-11eb-85ac-1c34dae33151,0.0
2025-11-10,e072d743-c455-11eb-85ac-1c34dae33151,1.0
2025-11-17,e072d743-c455-11eb-85ac-1c34dae33151,1.0
2025-11-03,e0883267-63e8-11ed-b107-08c0eb31fffb,2.0
2025-11-10,e0883267-63e8-11ed-b107-08c0eb31fffb,4.0
2025-11-17,e0883267-63e8-11ed-b107-08c0eb31fffb,5.0
2025-11-03,e0ae636f-490a-11eb-85a3-1c34dae33151,4.0
2025-11-10,e0ae636f-490a-11eb-85a3-1c34dae33151,5.0
2025-11-17,e0ae636f-490a-11eb-85a3-1c34dae33151,7.0
2025-11-03,e0d7223d-9081-11ef-8861-08c0eb32014b,0.0
2025-11-10,e0d7223d-9081-11ef-8861-08c0eb32014b,1.0
2025-11-17,e0d7223d-9081-11ef-8861-08c0eb32014b,3.0
2025-11-03,e0ed3ab5-8a95-11ec-b967-08c0eb32008b,5.0
2025-11-10,e0ed3ab5-8a95-11ec-b967-08c0eb32008b,4.0
2025-11-17,e0ed3ab5-8a95-11ec-b967-08c0eb32008b,11.0
2025-11-03,e11c5c37-9026-11ee-b10b-08c0eb31fffb,2.0
2025-11-10,e11c5c37-9026-11ee-b10b-08c0eb31fffb,2.0
2025-11-17,e11c5c37-9026-11ee-b10b-08c0eb31fffb,1.0
2025-11-03,e1283ced-63df-11ed-b107-08c0eb31fffb,1.0
2025-11-10,e1283ced-63df-11ed-b107-08c0eb31fffb,0.0
2025-11-17,e1283ced-63df-11ed-b107-08c0eb31fffb,0.0
2025-11-03,e13ca2e8-71bc-11ed-b96e-08c0eb32008b,6.0
2025-11-10,e13ca2e8-71bc-11ed-b96e-08c0eb32008b,11.0
2025-11-17,e13ca2e8-71bc-11ed-b96e-08c0eb32008b,8.0
2025-11-03,e14cc0df-a074-11ed-885d-08c0eb32014b,3.0
2025-11-10,e14cc0df-a074-11ed-885d-08c0eb32014b,1.0
2025-11-17,e14cc0df-a074-11ed-885d-08c0eb32014b,3.0
2025-11-03,e17da555-ac6e-11ed-b109-08c0eb31fffb,0.0
2025-11-10,e17da555-ac6e-11ed-b109-08c0eb31fffb,0.0
2025-11-17,e17da555-ac6e-11ed-b109-08c0eb31fffb,0.0
2025-11-03,e1834879-205e-11eb-8599-1c34dae33151,2.0
2025-11-10,e1834879-205e-11eb-8599-1c34dae33151,1.0
2025-11-17,e1834879-205e-11eb-8599-1c34dae33151,2.0
2025-11-03,e18836df-68d6-11ee-b10a-08c0eb31fffb,1.0
2025-11-10,e18836df-68d6-11ee-b10a-08c0eb31fffb,4.0
2025-11-17,e18836df-68d6-11ee-b10a-08c0eb31fffb,14.0
2025-11-03,e18c443e-e39b-11ef-a97a-be3af2b6059f,0.0
2025-11-10,e18c443e-e39b-11ef-a97a-be3af2b6059f,0.0
2025-11-17,e18c443e-e39b-11ef-a97a-be3af2b6059f,0.0
2025-11-03,e18f8301-0a3b-11f0-a5c9-7cc255b74513,0.0
2025-11-10,e18f8301-0a3b-11f0-a5c9-7cc255b74513,4.0
2025-11-17,e18f8301-0a3b-11f0-a5c9-7cc255b74513,0.0
2025-11-03,e1932a37-817b-11ef-8861-08c0eb32014b,3.0
2025-11-10,e1932a37-817b-11ef-8861-08c0eb32014b,2.0
2025-11-17,e1932a37-817b-11ef-8861-08c0eb32014b,3.0
2025-11-03,e1b8a09a-03dd-11f0-a97a-be3af2b6059f,4.0
2025-11-10,e1b8a09a-03dd-11f0-a97a-be3af2b6059f,6.0
2025-11-17,e1b8a09a-03dd-11f0-a97a-be3af2b6059f,4.0
2025-11-03,e1f84d2c-da86-11ec-8859-08c0eb32014b,2.0
2025-11-10,e1f84d2c-da86-11ec-8859-08c0eb32014b,6.0
2025-11-17,e1f84d2c-da86-11ec-8859-08c0eb32014b,10.0
2025-11-03,e2458967-9282-11ee-b10b-08c0eb31fffb,0.0
2025-11-10,e2458967-9282-11ee-b10b-08c0eb31fffb,1.0
2025-11-17,e2458967-9282-11ee-b10b-08c0eb31fffb,2.0
2025-11-03,e26680df-d32a-11ef-aa3a-be3af2b6059f,0.0
2025-11-10,e26680df-d32a-11ef-aa3a-be3af2b6059f,3.0
2025-11-17,e26680df-d32a-11ef-aa3a-be3af2b6059f,1.0
2025-11-03,e26c33cc-8a97-11ec-b967-08c0eb32008b,4.0
2025-11-10,e26c33cc-8a97-11ec-b967-08c0eb32008b,2.0
2025-11-17,e26c33cc-8a97-11ec-b967-08c0eb32008b,4.0
2025-11-03,e28f9ecf-3c2a-11ea-b533-0050560306e1,7.0
2025-11-10,e28f9ecf-3c2a-11ea-b533-0050560306e1,7.0
2025-11-17,e28f9ecf-3c2a-11ea-b533-0050560306e1,10.0
2025-11-03,e2d6e6ca-36cb-11ee-b10a-08c0eb31fffb,0.0
2025-11-10,e2d6e6ca-36cb-11ee-b10a-08c0eb31fffb,0.0
2025-11-17,e2d6e6ca-36cb-11ee-b10a-08c0eb31fffb,2.0
2025-11-03,e301b879-a0e9-11ef-b973-08c0eb32008b,1.0
2025-11-10,e301b879-a0e9-11ef-b973-08c0eb32008b,1.0
2025-11-17,e301b879-a0e9-11ef-b973-08c0eb32008b,0.0
2025-11-03,e308f013-1434-11ef-b973-08c0eb32008b,0.0
2025-11-10,e308f013-1434-11ef-b973-08c0eb32008b,0.0
2025-11-17,e308f013-1434-11ef-b973-08c0eb32008b,0.0
2025-11-03,e311a8a7-f65c-11ee-8861-08c0eb32014b,2.0
2025-11-10,e311a8a7-f65c-11ee-8861-08c0eb32014b,1.0
2025-11-17,e311a8a7-f65c-11ee-8861-08c0eb32014b,3.0
2025-11-03,e32a7df4-ffe7-11ef-a97a-be3af2b6059f,0.0
2025-11-10,e32a7df4-ffe7-11ef-a97a-be3af2b6059f,0.0
2025-11-17,e32a7df4-ffe7-11ef-a97a-be3af2b6059f,2.0
2025-11-03,e32ba8c4-30a8-11f0-aa3c-be3af2b6059f,1.0
2025-11-10,e32ba8c4-30a8-11f0-aa3c-be3af2b6059f,0.0
2025-11-17,e32ba8c4-30a8-11f0-aa3c-be3af2b6059f,1.0
2025-11-03,e3db8ee8-c461-11ef-a97a-be3af2b6059f,0.0
2025-11-10,e3db8ee8-c461-11ef-a97a-be3af2b6059f,3.0
2025-11-17,e3db8ee8-c461-11ef-a97a-be3af2b6059f,0.0
2025-11-03,e3eb3349-0b22-11ec-a0ee-ec0d9a21b021,0.0
2025-11-10,e3eb3349-0b22-11ec-a0ee-ec0d9a21b021,0.0
2025-11-17,e3eb3349-0b22-11ec-a0ee-ec0d9a21b021,2.0
2025-11-03,e42a9b75-4ec5-11ed-ae72-08c0eb320147,4.0
2025-11-10,e42a9b75-4ec5-11ed-ae72-08c0eb320147,3.0
2025-11-17,e42a9b75-4ec5-11ed-ae72-08c0eb320147,3.0
2025-11-03,e42dc0a3-271b-11ef-b10b-08c0eb31fffb,0.0
2025-11-10,e42dc0a3-271b-11ef-b10b-08c0eb31fffb,0.0
2025-11-17,e42dc0a3-271b-11ef-b10b-08c0eb31fffb,0.0
2025-11-03,e4752b0c-6758-11ed-b96e-08c0eb32008b,1.0
2025-11-10,e4752b0c-6758-11ed-b96e-08c0eb32008b,3.0
2025-11-17,e4752b0c-6758-11ed-b96e-08c0eb32008b,1.0
2025-11-03,e49156cf-d177-11ee-8861-08c0eb32014b,4.0
2025-11-10,e49156cf-d177-11ee-8861-08c0eb32014b,3.0
2025-11-17,e49156cf-d177-11ee-8861-08c0eb32014b,5.0
2025-11-03,e4927236-f367-11ef-aa3a-be3af2b6059f,8.0
2025-11-10,e4927236-f367-11ef-aa3a-be3af2b6059f,12.0
2025-11-17,e4927236-f367-11ef-aa3a-be3af2b6059f,5.0
2025-11-03,e4bde7a5-321e-11ef-b973-08c0eb32008b,0.0
2025-11-10,e4bde7a5-321e-11ef-b973-08c0eb32008b,0.0
2025-11-17,e4bde7a5-321e-11ef-b973-08c0eb32008b,0.0
2025-11-03,e4c9af25-6a36-11ed-b96e-08c0eb32008b,1.0
2025-11-10,e4c9af25-6a36-11ed-b96e-08c0eb32008b,3.0
2025-11-17,e4c9af25-6a36-11ed-b96e-08c0eb32008b,7.0
2025-11-03,e53b82e7-da0d-11ee-ae7a-08c0eb320147,3.0
2025-11-10,e53b82e7-da0d-11ee-ae7a-08c0eb320147,0.0
2025-11-17,e53b82e7-da0d-11ee-ae7a-08c0eb320147,4.0
2025-11-03,e548af58-6a39-11ed-b96e-08c0eb32008b,3.0
2025-11-10,e548af58-6a39-11ed-b96e-08c0eb32008b,3.0
2025-11-17,e548af58-6a39-11ed-b96e-08c0eb32008b,3.0
2025-11-03,e565f6e8-f785-11ec-8859-08c0eb32014b,4.0
2025-11-10,e565f6e8-f785-11ec-8859-08c0eb32014b,5.0
2025-11-17,e565f6e8-f785-11ec-8859-08c0eb32014b,7.0
2025-11-03,e58294da-02e1-11ef-ae7a-08c0eb320147,1.0
2025-11-10,e58294da-02e1-11ef-ae7a-08c0eb320147,1.0
2025-11-17,e58294da-02e1-11ef-ae7a-08c0eb320147,0.0
2025-11-03,e590c22a-f7fb-11ee-ae7a-08c0eb320147,0.0
2025-11-10,e590c22a-f7fb-11ee-ae7a-08c0eb320147,0.0
2025-11-17,e590c22a-f7fb-11ee-ae7a-08c0eb320147,0.0
2025-11-03,e5bb6543-c265-11ed-885d-08c0eb32014b,4.0
2025-11-10,e5bb6543-c265-11ed-885d-08c0eb32014b,8.0
2025-11-17,e5bb6543-c265-11ed-885d-08c0eb32014b,3.0
2025-11-03,e5d21317-8ac4-11ea-aff3-0050560306e1,4.0
2025-11-10,e5d21317-8ac4-11ea-aff3-0050560306e1,7.0
2025-11-17,e5d21317-8ac4-11ea-aff3-0050560306e1,3.0
2025-11-03,e5dc5e45-fda0-11ee-b973-08c0eb32008b,2.0
2025-11-10,e5dc5e45-fda0-11ee-b973-08c0eb32008b,2.0
2025-11-17,e5dc5e45-fda0-11ee-b973-08c0eb32008b,5.0
2025-11-03,e5de52b2-6d2d-11eb-85a3-1c34dae33151,1.0
2025-11-10,e5de52b2-6d2d-11eb-85a3-1c34dae33151,1.0
2025-11-17,e5de52b2-6d2d-11eb-85a3-1c34dae33151,0.0
2025-11-03,e6037028-728e-11eb-85a3-1c34dae33151,4.0
2025-11-10,e6037028-728e-11eb-85a3-1c34dae33151,3.0
2025-11-17,e6037028-728e-11eb-85a3-1c34dae33151,5.0
2025-11-03,e6154625-1c17-11ef-8861-08c0eb32014b,0.0
2025-11-10,e6154625-1c17-11ef-8861-08c0eb32014b,0.0
2025-11-17,e6154625-1c17-11ef-8861-08c0eb32014b,0.0
2025-11-03,e6180343-1163-11f0-a97c-be3af2b6059f,3.0
2025-11-10,e6180343-1163-11f0-a97c-be3af2b6059f,4.0
2025-11-17,e6180343-1163-11f0-a97c-be3af2b6059f,4.0
2025-11-03,e6189f40-2dc5-11ed-b106-08c0eb31fffb,4.0
2025-11-10,e6189f40-2dc5-11ed-b106-08c0eb31fffb,0.0
2025-11-17,e6189f40-2dc5-11ed-b106-08c0eb31fffb,0.0
2025-11-03,e62aee31-76a1-11ef-ae7a-08c0eb320147,4.0
2025-11-10,e62aee31-76a1-11ef-ae7a-08c0eb320147,3.0
2025-11-17,e62aee31-76a1-11ef-ae7a-08c0eb320147,3.0
2025-11-03,e649ce42-42f6-11ec-a0ee-ec0d9a21b021,0.0
2025-11-10,e649ce42-42f6-11ec-a0ee-ec0d9a21b021,1.0
2025-11-17,e649ce42-42f6-11ec-a0ee-ec0d9a21b021,2.0
2025-11-03,e65d6b8c-d7eb-11ea-8599-1c34dae33151,0.0
2025-11-10,e65d6b8c-d7eb-11ea-8599-1c34dae33151,1.0
2025-11-17,e65d6b8c-d7eb-11ea-8599-1c34dae33151,0.0
2025-11-03,e672ef05-21f1-11ec-a0ee-ec0d9a21b021,0.0
2025-11-10,e672ef05-21f1-11ec-a0ee-ec0d9a21b021,0.0
2025-11-17,e672ef05-21f1-11ec-a0ee-ec0d9a21b021,0.0
2025-11-03,e683a078-6a37-11ed-b96e-08c0eb32008b,0.0
2025-11-10,e683a078-6a37-11ed-b96e-08c0eb32008b,1.0
2025-11-17,e683a078-6a37-11ed-b96e-08c0eb32008b,3.0
2025-11-03,e68711c3-f3e5-11ed-ae78-08c0eb320147,0.0
2025-11-10,e68711c3-f3e5-11ed-ae78-08c0eb320147,0.0
2025-11-17,e68711c3-f3e5-11ed-ae78-08c0eb320147,0.0
2025-11-03,e6890565-db1f-11eb-85ad-1c34dae33151,0.0
2025-11-10,e6890565-db1f-11eb-85ad-1c34dae33151,0.0
2025-11-17,e6890565-db1f-11eb-85ad-1c34dae33151,1.0
2025-11-03,e6cf5cd3-f041-11ee-b10b-08c0eb31fffb,2.0
2025-11-10,e6cf5cd3-f041-11ee-b10b-08c0eb31fffb,2.0
2025-11-17,e6cf5cd3-f041-11ee-b10b-08c0eb31fffb,0.0
2025-11-03,e7149aed-b0bf-11ef-b973-08c0eb32008b,1.0
2025-11-10,e7149aed-b0bf-11ef-b973-08c0eb32008b,3.0
2025-11-17,e7149aed-b0bf-11ef-b973-08c0eb32008b,1.0
2025-11-03,e734caee-f8db-11ee-ae7a-08c0eb320147,1.0
2025-11-10,e734caee-f8db-11ee-ae7a-08c0eb320147,2.0
2025-11-17,e734caee-f8db-11ee-ae7a-08c0eb320147,0.0
2025-11-03,e74354b3-bd67-11ef-9bb0-be3af2b6059f,0.0
2025-11-10,e74354b3-bd67-11ef-9bb0-be3af2b6059f,0.0
2025-11-17,e74354b3-bd67-11ef-9bb0-be3af2b6059f,1.0
2025-11-03,e743706b-243d-11ed-b106-08c0eb31fffb,1.0
2025-11-10,e743706b-243d-11ed-b106-08c0eb31fffb,2.0
2025-11-17,e743706b-243d-11ed-b106-08c0eb31fffb,2.0
2025-11-03,e7760217-77ba-11ec-ae6d-08c0eb320147,0.0
2025-11-10,e7760217-77ba-11ec-ae6d-08c0eb320147,0.0
2025-11-17,e7760217-77ba-11ec-ae6d-08c0eb320147,0.0
2025-11-03,e7821e4b-7096-11ed-b96e-08c0eb32008b,4.0
2025-11-10,e7821e4b-7096-11ed-b96e-08c0eb32008b,12.0
2025-11-17,e7821e4b-7096-11ed-b96e-08c0eb32008b,12.0
2025-11-03,e7bd9195-de44-11ea-8599-1c34dae33151,0.0
2025-11-10,e7bd9195-de44-11ea-8599-1c34dae33151,2.0
2025-11-17,e7bd9195-de44-11ea-8599-1c34dae33151,2.0
2025-11-03,e7cff9e3-71ba-11ed-b96e-08c0eb32008b,0.0
2025-11-10,e7cff9e3-71ba-11ed-b96e-08c0eb32008b,0.0
2025-11-17,e7cff9e3-71ba-11ed-b96e-08c0eb32008b,0.0
2025-11-03,e7db76ec-63dd-11ed-b96e-08c0eb32008b,2.0
2025-11-10,e7db76ec-63dd-11ed-b96e-08c0eb32008b,2.0
2025-11-17,e7db76ec-63dd-11ed-b96e-08c0eb32008b,4.0
2025-11-03,e7ee750a-3644-11ec-85ad-1c34dae33151,0.0
2025-11-10,e7ee750a-3644-11ec-85ad-1c34dae33151,0.0
2025-11-17,e7ee750a-3644-11ec-85ad-1c34dae33151,1.0
2025-11-03,e7f4a49c-c918-11eb-85ac-1c34dae33151,5.0
2025-11-10,e7f4a49c-c918-11eb-85ac-1c34dae33151,3.0
2025-11-17,e7f4a49c-c918-11eb-85ac-1c34dae33151,5.0
2025-11-03,e7f534fe-f58c-11ee-8861-08c0eb32014b,0.0
2025-11-10,e7f534fe-f58c-11ee-8861-08c0eb32014b,0.0
2025-11-17,e7f534fe-f58c-11ee-8861-08c0eb32014b,0.0
2025-11-03,e80c3d47-c1d7-11ef-aa3a-be3af2b6059f,0.0
2025-11-10,e80c3d47-c1d7-11ef-aa3a-be3af2b6059f,0.0
2025-11-17,e80c3d47-c1d7-11ef-aa3a-be3af2b6059f,0.0
2025-11-03,e80de2df-9e75-11ee-8861-08c0eb32014b,1.0
2025-11-10,e80de2df-9e75-11ee-8861-08c0eb32014b,2.0
2025-11-17,e80de2df-9e75-11ee-8861-08c0eb32014b,1.0
2025-11-03,e85b5d49-96b1-11eb-85a9-1c34dae33151,0.0
2025-11-10,e85b5d49-96b1-11eb-85a9-1c34dae33151,1.0
2025-11-17,e85b5d49-96b1-11eb-85a9-1c34dae33151,2.0
2025-11-03,e86802d8-d01a-11eb-85ac-1c34dae33151,3.0
2025-11-10,e86802d8-d01a-11eb-85ac-1c34dae33151,3.0
2025-11-17,e86802d8-d01a-11eb-85ac-1c34dae33151,1.0
2025-11-03,e88c86f2-2cbd-11ef-ae7a-08c0eb320147,3.0
2025-11-10,e88c86f2-2cbd-11ef-ae7a-08c0eb320147,0.0
2025-11-17,e88c86f2-2cbd-11ef-ae7a-08c0eb320147,2.0
2025-11-03,e895ef02-9bd8-11ed-b970-08c0eb32008b,5.0
2025-11-10,e895ef02-9bd8-11ed-b970-08c0eb32008b,7.0
2025-11-17,e895ef02-9bd8-11ed-b970-08c0eb32008b,4.0
2025-11-03,e8a3061e-2aac-11ec-a0ee-ec0d9a21b021,2.0
2025-11-10,e8a3061e-2aac-11ec-a0ee-ec0d9a21b021,3.0
2025-11-17,e8a3061e-2aac-11ec-a0ee-ec0d9a21b021,1.0
2025-11-03,e8c2b32c-a821-11eb-85a9-1c34dae33151,7.0
2025-11-10,e8c2b32c-a821-11eb-85a9-1c34dae33151,3.0
2025-11-17,e8c2b32c-a821-11eb-85a9-1c34dae33151,4.0
2025-11-03,e8d2a35d-f8ee-11ef-a5c9-7cc255b74513,0.0
2025-11-10,e8d2a35d-f8ee-11ef-a5c9-7cc255b74513,0.0
2025-11-17,e8d2a35d-f8ee-11ef-a5c9-7cc255b74513,0.0
2025-11-03,e8d379a1-8aca-11ee-b973-08c0eb32008b,2.0
2025-11-10,e8d379a1-8aca-11ee-b973-08c0eb32008b,0.0
2025-11-17,e8d379a1-8aca-11ee-b973-08c0eb32008b,2.0
2025-11-03,e9243a9a-95a6-11ed-b970-08c0eb32008b,6.0
2025-11-10,e9243a9a-95a6-11ed-b970-08c0eb32008b,5.0
2025-11-17,e9243a9a-95a6-11ed-b970-08c0eb32008b,6.0
2025-11-03,e934df76-31b2-11ec-a0ee-ec0d9a21b021,1.0
2025-11-10,e934df76-31b2-11ec-a0ee-ec0d9a21b021,2.0
2025-11-17,e934df76-31b2-11ec-a0ee-ec0d9a21b021,1.0
2025-11-03,e93a49a7-e2e6-11ee-8861-08c0eb32014b,3.0
2025-11-10,e93a49a7-e2e6-11ee-8861-08c0eb32014b,3.0
2025-11-17,e93a49a7-e2e6-11ee-8861-08c0eb32014b,2.0
2025-11-03,e982c5a2-92b8-11ed-ae77-08c0eb320147,0.0
2025-11-10,e982c5a2-92b8-11ed-ae77-08c0eb320147,0.0
2025-11-17,e982c5a2-92b8-11ed-ae77-08c0eb320147,0.0
2025-11-03,e98a8595-31ef-11ee-b10a-08c0eb31fffb,5.0
2025-11-10,e98a8595-31ef-11ee-b10a-08c0eb31fffb,6.0
2025-11-17,e98a8595-31ef-11ee-b10a-08c0eb31fffb,6.0
2025-11-03,e9a93d5b-6ccf-11ee-8860-08c0eb32014b,0.0
2025-11-10,e9a93d5b-6ccf-11ee-8860-08c0eb32014b,0.0
2025-11-17,e9a93d5b-6ccf-11ee-8860-08c0eb32014b,0.0
2025-11-03,e9e97812-8c86-11eb-85a8-1c34dae33151,2.0
2025-11-10,e9e97812-8c86-11eb-85a8-1c34dae33151,2.0
2025-11-17,e9e97812-8c86-11eb-85a8-1c34dae33151,3.0
2025-11-03,e9ee1c88-9284-11ee-ae7a-08c0eb320147,3.0
2025-11-10,e9ee1c88-9284-11ee-ae7a-08c0eb320147,6.0
2025-11-17,e9ee1c88-9284-11ee-ae7a-08c0eb320147,2.0
2025-11-03,e9ef52da-6a21-11eb-85a3-1c34dae33151,3.0
2025-11-10,e9ef52da-6a21-11eb-85a3-1c34dae33151,3.0
2025-11-17,e9ef52da-6a21-11eb-85a3-1c34dae33151,3.0
2025-11-03,e9f679cb-58bd-11f0-aa25-be3af2b6059f,7.0
2025-11-10,e9f679cb-58bd-11f0-aa25-be3af2b6059f,7.0
2025-11-17,e9f679cb-58bd-11f0-aa25-be3af2b6059f,12.0
2025-11-03,ea047556-575d-11ec-a0ee-ec0d9a21b021,2.0
2025-11-10,ea047556-575d-11ec-a0ee-ec0d9a21b021,6.0
2025-11-17,ea047556-575d-11ec-a0ee-ec0d9a21b021,2.0
2025-11-03,ea30610c-8170-11eb-85a3-1c34dae33151,0.0
2025-11-10,ea30610c-8170-11eb-85a3-1c34dae33151,2.0
2025-11-17,ea30610c-8170-11eb-85a3-1c34dae33151,2.0
2025-11-03,ea3465c0-29b2-11ed-ae72-08c0eb320147,0.0
2025-11-10,ea3465c0-29b2-11ed-ae72-08c0eb320147,0.0
2025-11-17,ea3465c0-29b2-11ed-ae72-08c0eb320147,1.0
2025-11-03,ea3a78fc-8b99-11ef-8861-08c0eb32014b,0.0
2025-11-10,ea3a78fc-8b99-11ef-8861-08c0eb32014b,0.0
2025-11-17,ea3a78fc-8b99-11ef-8861-08c0eb32014b,0.0
2025-11-03,ea6da713-5516-11ed-ae75-08c0eb320147,0.0
2025-11-10,ea6da713-5516-11ed-ae75-08c0eb320147,5.0
2025-11-17,ea6da713-5516-11ed-ae75-08c0eb320147,0.0
2025-11-03,eaaf7108-8c77-11eb-85a8-1c34dae33151,0.0
2025-11-10,eaaf7108-8c77-11eb-85a8-1c34dae33151,4.0
2025-11-17,eaaf7108-8c77-11eb-85a8-1c34dae33151,0.0
2025-11-03,eb7611e3-35a2-11ec-a0ee-ec0d9a21b021,3.0
2025-11-10,eb7611e3-35a2-11ec-a0ee-ec0d9a21b021,3.0
2025-11-17,eb7611e3-35a2-11ec-a0ee-ec0d9a21b021,7.0
2025-11-03,eb87725d-8d8e-11ec-b967-08c0eb32008b,3.0
2025-11-10,eb87725d-8d8e-11ec-b967-08c0eb32008b,3.0
2025-11-17,eb87725d-8d8e-11ec-b967-08c0eb32008b,4.0
2025-11-03,ebd00d91-775e-11eb-85a3-1c34dae33151,1.0
2025-11-10,ebd00d91-775e-11eb-85a3-1c34dae33151,1.0
2025-11-17,ebd00d91-775e-11eb-85a3-1c34dae33151,1.0
2025-11-03,ec022188-182b-11ef-ae7a-08c0eb320147,8.0
2025-11-10,ec022188-182b-11ef-ae7a-08c0eb320147,4.0
2025-11-17,ec022188-182b-11ef-ae7a-08c0eb320147,7.0
2025-11-03,ec0f698e-43b6-11ed-b96c-08c0eb32008b,4.0
2025-11-10,ec0f698e-43b6-11ed-b96c-08c0eb32008b,1.0
2025-11-17,ec0f698e-43b6-11ed-b96c-08c0eb32008b,2.0
2025-11-03,ec1d6c35-f81a-11ef-aa3a-be3af2b6059f,0.0
2025-11-10,ec1d6c35-f81a-11ef-aa3a-be3af2b6059f,2.0
2025-11-17,ec1d6c35-f81a-11ef-aa3a-be3af2b6059f,0.0
2025-11-03,ec2340db-70bf-11ed-b107-08c0eb31fffb,0.0
2025-11-10,ec2340db-70bf-11ed-b107-08c0eb31fffb,5.0
2025-11-17,ec2340db-70bf-11ed-b107-08c0eb31fffb,1.0
2025-11-03,ec3125fa-edd6-11ee-ae7a-08c0eb320147,2.0
2025-11-10,ec3125fa-edd6-11ee-ae7a-08c0eb320147,2.0
2025-11-17,ec3125fa-edd6-11ee-ae7a-08c0eb320147,1.0
2025-11-03,ec41dd71-c763-11eb-85ac-1c34dae33151,1.0
2025-11-10,ec41dd71-c763-11eb-85ac-1c34dae33151,3.0
2025-11-17,ec41dd71-c763-11eb-85ac-1c34dae33151,4.0
2025-11-03,ec910e69-817e-11ef-8861-08c0eb32014b,0.0
2025-11-10,ec910e69-817e-11ef-8861-08c0eb32014b,1.0
2025-11-17,ec910e69-817e-11ef-8861-08c0eb32014b,0.0
2025-11-03,eca517e0-cf5a-11eb-85ac-1c34dae33151,0.0
2025-11-10,eca517e0-cf5a-11eb-85ac-1c34dae33151,6.0
2025-11-17,eca517e0-cf5a-11eb-85ac-1c34dae33151,4.0
2025-11-03,ecad3ea9-124c-11ec-a0ee-ec0d9a21b021,5.0
2025-11-10,ecad3ea9-124c-11ec-a0ee-ec0d9a21b021,3.0
2025-11-17,ecad3ea9-124c-11ec-a0ee-ec0d9a21b021,4.0
2025-11-03,ecb0000f-a950-11ea-9e08-0050560306e1,0.0
2025-11-10,ecb0000f-a950-11ea-9e08-0050560306e1,0.0
2025-11-17,ecb0000f-a950-11ea-9e08-0050560306e1,0.0
2025-11-03,ecd0c6c9-abb3-11ed-b109-08c0eb31fffb,2.0
2025-11-10,ecd0c6c9-abb3-11ed-b109-08c0eb31fffb,2.0
2025-11-17,ecd0c6c9-abb3-11ed-b109-08c0eb31fffb,1.0
2025-11-03,ecd1cfcc-ff1c-11ef-a5c9-7cc255b74513,2.0
2025-11-10,ecd1cfcc-ff1c-11ef-a5c9-7cc255b74513,2.0
2025-11-17,ecd1cfcc-ff1c-11ef-a5c9-7cc255b74513,2.0
2025-11-03,ecd6473f-4001-11ee-885f-08c0eb32014b,3.0
2025-11-10,ecd6473f-4001-11ee-885f-08c0eb32014b,1.0
2025-11-17,ecd6473f-4001-11ee-885f-08c0eb32014b,2.0
2025-11-03,ece171b3-02f3-11ef-b10b-08c0eb31fffb,3.0
2025-11-10,ece171b3-02f3-11ef-b10b-08c0eb31fffb,2.0
2025-11-17,ece171b3-02f3-11ef-b10b-08c0eb31fffb,0.0
2025-11-03,ece2159e-5853-11ee-885f-08c0eb32014b,0.0
2025-11-10,ece2159e-5853-11ee-885f-08c0eb32014b,0.0
2025-11-17,ece2159e-5853-11ee-885f-08c0eb32014b,0.0
2025-11-03,ed14051d-3642-11ec-85ad-1c34dae33151,7.0
2025-11-10,ed14051d-3642-11ec-85ad-1c34dae33151,8.0
2025-11-17,ed14051d-3642-11ec-85ad-1c34dae33151,6.0
2025-11-03,ed1bcc0a-1384-11eb-8599-1c34dae33151,0.0
2025-11-10,ed1bcc0a-1384-11eb-8599-1c34dae33151,0.0
2025-11-17,ed1bcc0a-1384-11eb-8599-1c34dae33151,0.0
2025-11-03,ed2d8a32-a40c-11ea-bb36-0050560306e1,5.0
2025-11-10,ed2d8a32-a40c-11ea-bb36-0050560306e1,5.0
2025-11-17,ed2d8a32-a40c-11ea-bb36-0050560306e1,7.0
2025-11-03,ed41091f-a32f-11ee-8861-08c0eb32014b,1.0
2025-11-10,ed41091f-a32f-11ee-8861-08c0eb32014b,2.0
2025-11-17,ed41091f-a32f-11ee-8861-08c0eb32014b,1.0
2025-11-03,ed578ee1-3dfa-11eb-a941-98039bebacf1,0.0
2025-11-10,ed578ee1-3dfa-11eb-a941-98039bebacf1,1.0
2025-11-17,ed578ee1-3dfa-11eb-a941-98039bebacf1,0.0
2025-11-03,ed8740ee-ac79-11ed-885d-08c0eb32014b,0.0
2025-11-10,ed8740ee-ac79-11ed-885d-08c0eb32014b,0.0
2025-11-17,ed8740ee-ac79-11ed-885d-08c0eb32014b,2.0
2025-11-03,edbfa6dd-2dbb-11ec-a0ee-ec0d9a21b021,1.0
2025-11-10,edbfa6dd-2dbb-11ec-a0ee-ec0d9a21b021,3.0
2025-11-17,edbfa6dd-2dbb-11ec-a0ee-ec0d9a21b021,8.0
2025-11-03,edc6dc0e-5d40-11ea-a7b3-0050560306e1,1.0
2025-11-10,edc6dc0e-5d40-11ea-a7b3-0050560306e1,2.0
2025-11-17,edc6dc0e-5d40-11ea-a7b3-0050560306e1,3.0
2025-11-03,edf13c1c-a40b-11eb-85a9-1c34dae33151,0.0
2025-11-10,edf13c1c-a40b-11eb-85a9-1c34dae33151,2.0
2025-11-17,edf13c1c-a40b-11eb-85a9-1c34dae33151,4.0
2025-11-03,edfe286b-c64b-11ee-b973-08c0eb32008b,5.0
2025-11-10,edfe286b-c64b-11ee-b973-08c0eb32008b,4.0
2025-11-17,edfe286b-c64b-11ee-b973-08c0eb32008b,2.0
2025-11-03,ee1a2261-01a8-11ec-a0ee-ec0d9a21b021,0.0
2025-11-10,ee1a2261-01a8-11ec-a0ee-ec0d9a21b021,0.0
2025-11-17,ee1a2261-01a8-11ec-a0ee-ec0d9a21b021,0.0
2025-11-03,ee3eccde-0fbd-11eb-8599-1c34dae33151,0.0
2025-11-10,ee3eccde-0fbd-11eb-8599-1c34dae33151,0.0
2025-11-17,ee3eccde-0fbd-11eb-8599-1c34dae33151,0.0
2025-11-03,ee462f23-75ec-11ea-a214-0050560307be,2.0
2025-11-10,ee462f23-75ec-11ea-a214-0050560307be,3.0
2025-11-17,ee462f23-75ec-11ea-a214-0050560307be,2.0
2025-11-03,ee7d2e5b-5097-11ee-885f-08c0eb32014b,0.0
2025-11-10,ee7d2e5b-5097-11ee-885f-08c0eb32014b,2.0
2025-11-17,ee7d2e5b-5097-11ee-885f-08c0eb32014b,3.0
2025-11-03,eef0ebcd-8e61-11ec-ae6d-08c0eb320147,4.0
2025-11-10,eef0ebcd-8e61-11ec-ae6d-08c0eb320147,3.0
2025-11-17,eef0ebcd-8e61-11ec-ae6d-08c0eb320147,5.0
2025-11-03,ef1295ca-30ce-11eb-859a-1c34dae33151,0.0
2025-11-10,ef1295ca-30ce-11eb-859a-1c34dae33151,0.0
2025-11-17,ef1295ca-30ce-11eb-859a-1c34dae33151,1.0
2025-11-03,ef175231-6099-11f0-aa25-be3af2b6059f,3.0
2025-11-10,ef175231-6099-11f0-aa25-be3af2b6059f,1.0
2025-11-17,ef175231-6099-11f0-aa25-be3af2b6059f,1.0
2025-11-03,ef1821c1-c26f-11ed-ae77-08c0eb320147,2.0
2025-11-10,ef1821c1-c26f-11ed-ae77-08c0eb320147,3.0
2025-11-17,ef1821c1-c26f-11ed-ae77-08c0eb320147,3.0
2025-11-03,ef1fe451-33be-11ea-a07d-0050560306e1,4.0
2025-11-10,ef1fe451-33be-11ea-a07d-0050560306e1,4.0
2025-11-17,ef1fe451-33be-11ea-a07d-0050560306e1,0.0
2025-11-03,ef25490d-abad-11ed-b970-08c0eb32008b,3.0
2025-11-10,ef25490d-abad-11ed-b970-08c0eb32008b,3.0
2025-11-17,ef25490d-abad-11ed-b970-08c0eb32008b,6.0
2025-11-03,ef2cf0bd-2193-11ef-b973-08c0eb32008b,2.0
2025-11-10,ef2cf0bd-2193-11ef-b973-08c0eb32008b,5.0
2025-11-17,ef2cf0bd-2193-11ef-b973-08c0eb32008b,1.0
2025-11-03,ef34b2f2-8ac5-11ea-aff3-0050560306e1,0.0
2025-11-10,ef34b2f2-8ac5-11ea-aff3-0050560306e1,0.0
2025-11-17,ef34b2f2-8ac5-11ea-aff3-0050560306e1,0.0
2025-11-03,ef43ab6f-50c0-11ef-b10b-08c0eb31fffb,0.0
2025-11-10,ef43ab6f-50c0-11ef-b10b-08c0eb31fffb,0.0
2025-11-17,ef43ab6f-50c0-11ef-b10b-08c0eb31fffb,0.0
2025-11-03,efd74115-4b73-11ec-85ad-1c34dae33151,2.0
2025-11-10,efd74115-4b73-11ec-85ad-1c34dae33151,4.0
2025-11-17,efd74115-4b73-11ec-85ad-1c34dae33151,2.0
2025-11-03,efd784f2-3801-11ec-85ad-1c34dae33151,2.0
2025-11-10,efd784f2-3801-11ec-85ad-1c34dae33151,1.0
2025-11-17,efd784f2-3801-11ec-85ad-1c34dae33151,3.0
2025-11-03,effc51b0-cf65-11ef-aa23-be3af2b6059f,0.0
2025-11-10,effc51b0-cf65-11ef-aa23-be3af2b6059f,0.0
2025-11-17,effc51b0-cf65-11ef-aa23-be3af2b6059f,0.0
2025-11-03,f03b6cd5-dc33-11ec-8859-08c0eb32014b,0.0
2025-11-10,f03b6cd5-dc33-11ec-8859-08c0eb32014b,1.0
2025-11-17,f03b6cd5-dc33-11ec-8859-08c0eb32014b,0.0
2025-11-03,f04053e2-8f67-11ee-b973-08c0eb32008b,0.0
2025-11-10,f04053e2-8f67-11ee-b973-08c0eb32008b,0.0
2025-11-17,f04053e2-8f67-11ee-b973-08c0eb32008b,1.0
2025-11-03,f06eaf99-c663-11ee-8861-08c0eb32014b,2.0
2025-11-10,f06eaf99-c663-11ee-8861-08c0eb32014b,2.0
2025-11-17,f06eaf99-c663-11ee-8861-08c0eb32014b,4.0
2025-11-03,f070da7d-3010-11ed-ae72-08c0eb320147,1.0
2025-11-10,f070da7d-3010-11ed-ae72-08c0eb320147,0.0
2025-11-17,f070da7d-3010-11ed-ae72-08c0eb320147,1.0
2025-11-03,f08b7fe8-d7b4-11ed-b970-08c0eb32008b,0.0
2025-11-10,f08b7fe8-d7b4-11ed-b970-08c0eb32008b,0.0
2025-11-17,f08b7fe8-d7b4-11ed-b970-08c0eb32008b,0.0
2025-11-03,f0a48df3-011b-11ed-b96c-08c0eb32008b,3.0
2025-11-10,f0a48df3-011b-11ed-b96c-08c0eb32008b,2.0
2025-11-17,f0a48df3-011b-11ed-b96c-08c0eb32008b,3.0
2025-11-03,f0b83b31-1c3c-11f0-9bb2-be3af2b6059f,9.0
2025-11-10,f0b83b31-1c3c-11f0-9bb2-be3af2b6059f,4.0
2025-11-17,f0b83b31-1c3c-11f0-9bb2-be3af2b6059f,2.0
2025-11-03,f0d38003-429d-11ee-885f-08c0eb32014b,0.0
2025-11-10,f0d38003-429d-11ee-885f-08c0eb32014b,4.0
2025-11-17,f0d38003-429d-11ee-885f-08c0eb32014b,7.0
2025-11-03,f0d85f30-ce83-11eb-85ac-1c34dae33151,0.0
2025-11-10,f0d85f30-ce83-11eb-85ac-1c34dae33151,0.0
2025-11-17,f0d85f30-ce83-11eb-85ac-1c34dae33151,0.0
2025-11-03,f0ed30b0-dfcc-11ef-a5c9-7cc255b74513,0.0
2025-11-10,f0ed30b0-dfcc-11ef-a5c9-7cc255b74513,0.0
2025-11-17,f0ed30b0-dfcc-11ef-a5c9-7cc255b74513,0.0
2025-11-03,f12eb1b7-d339-11eb-85ac-1c34dae33151,7.0
2025-11-10,f12eb1b7-d339-11eb-85ac-1c34dae33151,10.0
2025-11-17,f12eb1b7-d339-11eb-85ac-1c34dae33151,12.0
2025-11-03,f13dc215-d7e7-11eb-85ac-1c34dae33151,8.0
2025-11-10,f13dc215-d7e7-11eb-85ac-1c34dae33151,5.0
2025-11-17,f13dc215-d7e7-11eb-85ac-1c34dae33151,7.0
2025-11-03,f13de4c6-9a52-11ec-ae6d-08c0eb320147,0.0
2025-11-10,f13de4c6-9a52-11ec-ae6d-08c0eb320147,0.0
2025-11-17,f13de4c6-9a52-11ec-ae6d-08c0eb320147,0.0
2025-11-03,f1506517-8ad8-11ef-b973-08c0eb32008b,2.0
2025-11-10,f1506517-8ad8-11ef-b973-08c0eb32008b,2.0
2025-11-17,f1506517-8ad8-11ef-b973-08c0eb32008b,3.0
2025-11-03,f16495a5-a659-11ef-b10b-08c0eb31fffb,0.0
2025-11-10,f16495a5-a659-11ef-b10b-08c0eb31fffb,0.0
2025-11-17,f16495a5-a659-11ef-b10b-08c0eb31fffb,1.0
2025-11-03,f179894c-50e2-11ef-b973-08c0eb32008b,0.0
2025-11-10,f179894c-50e2-11ef-b973-08c0eb32008b,1.0
2025-11-17,f179894c-50e2-11ef-b973-08c0eb32008b,1.0
2025-11-03,f1bc8eb3-8b9b-11ef-8861-08c0eb32014b,0.0
2025-11-10,f1bc8eb3-8b9b-11ef-8861-08c0eb32014b,1.0
2025-11-17,f1bc8eb3-8b9b-11ef-8861-08c0eb32014b,1.0
2025-11-03,f1c17d06-02e7-11ef-8861-08c0eb32014b,0.0
2025-11-10,f1c17d06-02e7-11ef-8861-08c0eb32014b,0.0
2025-11-17,f1c17d06-02e7-11ef-8861-08c0eb32014b,2.0
2025-11-03,f1d569d7-8d40-11ee-b10b-08c0eb31fffb,7.0
2025-11-10,f1d569d7-8d40-11ee-b10b-08c0eb31fffb,2.0
2025-11-17,f1d569d7-8d40-11ee-b10b-08c0eb31fffb,0.0
2025-11-03,f1e979d1-5c11-11ec-a0ee-ec0d9a21b021,0.0
2025-11-10,f1e979d1-5c11-11ec-a0ee-ec0d9a21b021,0.0
2025-11-17,f1e979d1-5c11-11ec-a0ee-ec0d9a21b021,0.0
2025-11-03,f1eb117b-2726-11ef-ae7a-08c0eb320147,2.0
2025-11-10,f1eb117b-2726-11ef-ae7a-08c0eb320147,1.0
2025-11-17,f1eb117b-2726-11ef-ae7a-08c0eb320147,0.0
2025-11-03,f1ecf410-e861-11eb-a0ee-ec0d9a21b021,1.0
2025-11-10,f1ecf410-e861-11eb-a0ee-ec0d9a21b021,1.0
2025-11-17,f1ecf410-e861-11eb-a0ee-ec0d9a21b021,3.0
2025-11-03,f1eff5f4-1f4b-11ef-b10b-08c0eb31fffb,2.0
2025-11-10,f1eff5f4-1f4b-11ef-b10b-08c0eb31fffb,2.0
2025-11-17,f1eff5f4-1f4b-11ef-b10b-08c0eb31fffb,3.0
2025-11-03,f207c36d-12a0-11ef-b10b-08c0eb31fffb,0.0
2025-11-10,f207c36d-12a0-11ef-b10b-08c0eb31fffb,1.0
2025-11-17,f207c36d-12a0-11ef-b10b-08c0eb31fffb,1.0
2025-11-03,f21b9c61-87cd-11f0-aa25-be3af2b6059f,5.0
2025-11-10,f21b9c61-87cd-11f0-aa25-be3af2b6059f,12.0
2025-11-17,f21b9c61-87cd-11f0-aa25-be3af2b6059f,10.0
2025-11-03,f261e0d1-6aae-11ef-b10b-08c0eb31fffb,4.0
2025-11-10,f261e0d1-6aae-11ef-b10b-08c0eb31fffb,5.0
2025-11-17,f261e0d1-6aae-11ef-b10b-08c0eb31fffb,5.0
2025-11-03,f2950f72-0257-11ef-ae7a-08c0eb320147,0.0
2025-11-10,f2950f72-0257-11ef-ae7a-08c0eb320147,0.0
2025-11-17,f2950f72-0257-11ef-ae7a-08c0eb320147,0.0
2025-11-03,f2a0b1b6-6e75-11ee-b10a-08c0eb31fffb,0.0
2025-11-10,f2a0b1b6-6e75-11ee-b10a-08c0eb31fffb,0.0
2025-11-17,f2a0b1b6-6e75-11ee-b10a-08c0eb31fffb,2.0
2025-11-03,f2b9c812-87ba-11eb-85a3-1c34dae33151,1.0
2025-11-10,f2b9c812-87ba-11eb-85a3-1c34dae33151,3.0
2025-11-17,f2b9c812-87ba-11eb-85a3-1c34dae33151,2.0
2025-11-03,f2cce16a-9e63-11ee-8861-08c0eb32014b,2.0
2025-11-10,f2cce16a-9e63-11ee-8861-08c0eb32014b,5.0
2025-11-17,f2cce16a-9e63-11ee-8861-08c0eb32014b,5.0
2025-11-03,f2dcfb1d-5b98-11ee-b10a-08c0eb31fffb,4.0
2025-11-10,f2dcfb1d-5b98-11ee-b10a-08c0eb31fffb,4.0
2025-11-17,f2dcfb1d-5b98-11ee-b10a-08c0eb31fffb,2.0
2025-11-03,f3143e8f-d30a-11ea-8598-1c34dae33151,0.0
2025-11-10,f3143e8f-d30a-11ea-8598-1c34dae33151,0.0
2025-11-17,f3143e8f-d30a-11ea-8598-1c34dae33151,0.0
2025-11-03,f31aa347-c162-11ec-b96b-08c0eb32008b,0.0
2025-11-10,f31aa347-c162-11ec-b96b-08c0eb32008b,0.0
2025-11-17,f31aa347-c162-11ec-b96b-08c0eb32008b,0.0
2025-11-03,f3487a6f-a416-11eb-85a9-1c34dae33151,2.0
2025-11-10,f3487a6f-a416-11eb-85a9-1c34dae33151,2.0
2025-11-17,f3487a6f-a416-11eb-85a9-1c34dae33151,1.0
2025-11-03,f34b66b6-34bb-11f0-aa3c-be3af2b6059f,0.0
2025-11-10,f34b66b6-34bb-11f0-aa3c-be3af2b6059f,4.0
2025-11-17,f34b66b6-34bb-11f0-aa3c-be3af2b6059f,1.0
2025-11-03,f34d09fa-06e4-11eb-8599-1c34dae33151,6.0
2025-11-10,f34d09fa-06e4-11eb-8599-1c34dae33151,0.0
2025-11-17,f34d09fa-06e4-11eb-8599-1c34dae33151,1.0
2025-11-03,f37e3006-8e19-11ea-aff3-0050560306e1,1.0
2025-11-10,f37e3006-8e19-11ea-aff3-0050560306e1,0.0
2025-11-17,f37e3006-8e19-11ea-aff3-0050560306e1,1.0
2025-11-03,f393eea2-b94d-11eb-85ab-1c34dae33151,0.0
2025-11-10,f393eea2-b94d-11eb-85ab-1c34dae33151,0.0
2025-11-17,f393eea2-b94d-11eb-85ab-1c34dae33151,0.0
2025-11-03,f3be02c8-d1f0-11ec-8859-08c0eb32014b,3.0
2025-11-10,f3be02c8-d1f0-11ec-8859-08c0eb32014b,2.0
2025-11-17,f3be02c8-d1f0-11ec-8859-08c0eb32014b,1.0
2025-11-03,f3c8d80f-8e6c-11ec-ae6d-08c0eb320147,3.0
2025-11-10,f3c8d80f-8e6c-11ec-ae6d-08c0eb320147,0.0
2025-11-17,f3c8d80f-8e6c-11ec-ae6d-08c0eb320147,3.0
2025-11-03,f3ce629b-7760-11eb-85a3-1c34dae33151,3.0
2025-11-10,f3ce629b-7760-11eb-85a3-1c34dae33151,5.0
2025-11-17,f3ce629b-7760-11eb-85a3-1c34dae33151,4.0
2025-11-03,f3d6c695-f149-11ec-b96b-08c0eb32008b,0.0
2025-11-10,f3d6c695-f149-11ec-b96b-08c0eb32008b,0.0
2025-11-17,f3d6c695-f149-11ec-b96b-08c0eb32008b,0.0
2025-11-03,f3dda304-ecf3-11ee-ae7a-08c0eb320147,2.0
2025-11-10,f3dda304-ecf3-11ee-ae7a-08c0eb320147,3.0
2025-11-17,f3dda304-ecf3-11ee-ae7a-08c0eb320147,4.0
2025-11-03,f3f635f1-ac76-11ed-ae77-08c0eb320147,0.0
2025-11-10,f3f635f1-ac76-11ed-ae77-08c0eb320147,0.0
2025-11-17,f3f635f1-ac76-11ed-ae77-08c0eb320147,3.0
2025-11-03,f3f78bf6-8c8c-11eb-85a8-1c34dae33151,4.0
2025-11-10,f3f78bf6-8c8c-11eb-85a8-1c34dae33151,4.0
2025-11-17,f3f78bf6-8c8c-11eb-85a8-1c34dae33151,3.0
2025-11-03,f4236a9f-7d53-11ee-b10b-08c0eb31fffb,0.0
2025-11-10,f4236a9f-7d53-11ee-b10b-08c0eb31fffb,2.0
2025-11-17,f4236a9f-7d53-11ee-b10b-08c0eb31fffb,2.0
2025-11-03,f44a90a7-c26e-11ed-b970-08c0eb32008b,1.0
2025-11-10,f44a90a7-c26e-11ed-b970-08c0eb32008b,2.0
2025-11-17,f44a90a7-c26e-11ed-b970-08c0eb32008b,3.0
2025-11-03,f44addda-4587-11ed-b106-08c0eb31fffb,0.0
2025-11-10,f44addda-4587-11ed-b106-08c0eb31fffb,2.0
2025-11-17,f44addda-4587-11ed-b106-08c0eb31fffb,0.0
2024-01-01,f46701f1-af2c-11ea-b969-0050560306e1,8.0
2024-01-08,f46701f1-af2c-11ea-b969-0050560306e1,17.0
2024-01-15,f46701f1-af2c-11ea-b969-0050560306e1,12.0
2024-01-22,f46701f1-af2c-11ea-b969-0050560306e1,17.0
2024-01-29,f46701f1-af2c-11ea-b969-0050560306e1,15.0
2024-02-05,f46701f1-af2c-11ea-b969-0050560306e1,16.0
2024-02-12,f46701f1-af2c-11ea-b969-0050560306e1,10.0
2024-03-04,f46701f1-af2c-11ea-b969-0050560306e1,4.0
2024-03-11,f46701f1-af2c-11ea-b969-0050560306e1,4.0
2024-03-18,f46701f1-af2c-11ea-b969-0050560306e1,6.0
2024-03-25,f46701f1-af2c-11ea-b969-0050560306e1,4.0
2024-04-01,f46701f1-af2c-11ea-b969-0050560306e1,3.0
2024-04-08,f46701f1-af2c-11ea-b969-0050560306e1,2.0
2024-04-15,f46701f1-af2c-11ea-b969-0050560306e1,2.0
2024-04-22,f46701f1-af2c-11ea-b969-0050560306e1,1.0
2024-04-29,f46701f1-af2c-11ea-b969-0050560306e1,5.0
2024-05-06,f46701f1-af2c-11ea-b969-0050560306e1,5.0
2024-05-13,f46701f1-af2c-11ea-b969-0050560306e1,4.0
2024-05-20,f46701f1-af2c-11ea-b969-0050560306e1,2.0
2024-05-27,f46701f1-af2c-11ea-b969-0050560306e1,2.0
2024-06-03,f46701f1-af2c-11ea-b969-0050560306e1,0.0
2024-06-10,f46701f1-af2c-11ea-b969-0050560306e1,6.0
2024-06-17,f46701f1-af2c-11ea-b969-0050560306e1,2.0
2024-06-24,f46701f1-af2c-11ea-b969-0050560306e1,2.0
2024-07-01,f46701f1-af2c-11ea-b969-0050560306e1,3.0
2024-07-08,f46701f1-af2c-11ea-b969-0050560306e1,2.0
2024-07-15,f46701f1-af2c-11ea-b969-0050560306e1,3.0
2024-07-22,f46701f1-af2c-11ea-b969-0050560306e1,4.0
2024-07-29,f46701f1-af2c-11ea-b969-0050560306e1,3.0
2024-08-05,f46701f1-af2c-11ea-b969-0050560306e1,5.0
2024-08-12,f46701f1-af2c-11ea-b969-0050560306e1,4.0
2024-08-19,f46701f1-af2c-11ea-b969-0050560306e1,4.0
2024-08-26,f46701f1-af2c-11ea-b969-0050560306e1,3.0
2024-09-02,f46701f1-af2c-11ea-b969-0050560306e1,4.0
2024-09-09,f46701f1-af2c-11ea-b969-0050560306e1,4.0
2024-09-16,f46701f1-af2c-11ea-b969-0050560306e1,3.0
2024-09-23,f46701f1-af2c-11ea-b969-0050560306e1,4.0
2024-09-30,f46701f1-af2c-11ea-b969-0050560306e1,6.0
2024-10-07,f46701f1-af2c-11ea-b969-0050560306e1,4.0
2024-10-14,f46701f1-af2c-11ea-b969-0050560306e1,5.0
2024-10-21,f46701f1-af2c-11ea-b969-0050560306e1,9.0
2024-10-28,f46701f1-af2c-11ea-b969-0050560306e1,2.0
2024-11-04,f46701f1-af2c-11ea-b969-0050560306e1,6.0
2024-11-11,f46701f1-af2c-11ea-b969-0050560306e1,0.0
2024-11-18,f46701f1-af2c-11ea-b969-0050560306e1,17.0
2024-11-25,f46701f1-af2c-11ea-b969-0050560306e1,4.0
2024-12-02,f46701f1-af2c-11ea-b969-0050560306e1,1.0
2024-12-09,f46701f1-af2c-11ea-b969-0050560306e1,9.0
2024-12-16,f46701f1-af2c-11ea-b969-0050560306e1,5.0
2024-12-23,f46701f1-af2c-11ea-b969-0050560306e1,4.0
2024-12-30,f46701f1-af2c-11ea-b969-0050560306e1,1.0
2025-01-06,f46701f1-af2c-11ea-b969-0050560306e1,1.0
2025-01-13,f46701f1-af2c-11ea-b969-0050560306e1,2.0
2025-01-20,f46701f1-af2c-11ea-b969-0050560306e1,1.0
2025-01-27,f46701f1-af2c-11ea-b969-0050560306e1,0.0
2025-02-03,f46701f1-af2c-11ea-b969-0050560306e1,0.0
2025-02-10,f46701f1-af2c-11ea-b969-0050560306e1,4.0
2025-02-17,f46701f1-af2c-11ea-b969-0050560306e1,0.0
2025-02-24,f46701f1-af2c-11ea-b969-0050560306e1,2.0
2025-03-03,f46701f1-af2c-11ea-b969-0050560306e1,0.0
2025-03-10,f46701f1-af2c-11ea-b969-0050560306e1,0.0
2025-03-17,f46701f1-af2c-11ea-b969-0050560306e1,0.0
2025-03-24,f46701f1-af2c-11ea-b969-0050560306e1,0.0
2025-03-31,f46701f1-af2c-11ea-b969-0050560306e1,0.0
2025-04-07,f46701f1-af2c-11ea-b969-0050560306e1,2.0
2025-04-14,f46701f1-af2c-11ea-b969-0050560306e1,1.0
2025-04-21,f46701f1-af2c-11ea-b969-0050560306e1,2.0
2025-04-28,f46701f1-af2c-11ea-b969-0050560306e1,0.0
2025-05-05,f46701f1-af2c-11ea-b969-0050560306e1,0.0
2025-05-12,f46701f1-af2c-11ea-b969-0050560306e1,0.0
2025-05-19,f46701f1-af2c-11ea-b969-0050560306e1,0.0
2025-05-26,f46701f1-af2c-11ea-b969-0050560306e1,0.0
2025-06-02,f46701f1-af2c-11ea-b969-0050560306e1,1.0
2025-06-09,f46701f1-af2c-11ea-b969-0050560306e1,0.0
2025-06-16,f46701f1-af2c-11ea-b969-0050560306e1,0.0
2025-06-23,f46701f1-af2c-11ea-b969-0050560306e1,0.0
2025-06-30,f46701f1-af2c-11ea-b969-0050560306e1,0.0
2025-07-07,f46701f1-af2c-11ea-b969-0050560306e1,0.0
2025-07-14,f46701f1-af2c-11ea-b969-0050560306e1,0.0
2025-07-21,f46701f1-af2c-11ea-b969-0050560306e1,1.0
2025-07-28,f46701f1-af2c-11ea-b969-0050560306e1,0.0
2025-08-04,f46701f1-af2c-11ea-b969-0050560306e1,0.0
2025-08-11,f46701f1-af2c-11ea-b969-0050560306e1,0.0
2025-08-18,f46701f1-af2c-11ea-b969-0050560306e1,0.0
2025-08-25,f46701f1-af2c-11ea-b969-0050560306e1,0.0
2025-09-01,f46701f1-af2c-11ea-b969-0050560306e1,0.0
2025-09-08,f46701f1-af2c-11ea-b969-0050560306e1,0.0
2025-09-15,f46701f1-af2c-11ea-b969-0050560306e1,0.0
2025-09-22,f46701f1-af2c-11ea-b969-0050560306e1,1.0
2025-09-29,f46701f1-af2c-11ea-b969-0050560306e1,1.0
2025-10-06,f46701f1-af2c-11ea-b969-0050560306e1,0.0
2025-10-13,f46701f1-af2c-11ea-b969-0050560306e1,0.0
2025-10-20,f46701f1-af2c-11ea-b969-0050560306e1,0.0
2025-10-27,f46701f1-af2c-11ea-b969-0050560306e1,1.0
2025-11-03,f473677f-d284-11eb-85ac-1c34dae33151,1.0
2025-11-10,f473677f-d284-11eb-85ac-1c34dae33151,0.0
2025-11-17,f473677f-d284-11eb-85ac-1c34dae33151,0.0
2025-11-03,f48636dc-e543-11ef-a5c9-7cc255b74513,1.0
2025-11-10,f48636dc-e543-11ef-a5c9-7cc255b74513,0.0
2025-11-17,f48636dc-e543-11ef-a5c9-7cc255b74513,0.0
2025-11-03,f4875010-175a-11ef-b973-08c0eb32008b,0.0
2025-11-10,f4875010-175a-11ef-b973-08c0eb32008b,0.0
2025-11-17,f4875010-175a-11ef-b973-08c0eb32008b,3.0
2025-11-03,f4a70133-c10d-11ef-9bb0-be3af2b6059f,0.0
2025-11-10,f4a70133-c10d-11ef-9bb0-be3af2b6059f,0.0
2025-11-17,f4a70133-c10d-11ef-9bb0-be3af2b6059f,0.0
2025-11-03,f4c559fe-585e-11ee-b971-08c0eb32008b,3.0
2025-11-10,f4c559fe-585e-11ee-b971-08c0eb32008b,5.0
2025-11-17,f4c559fe-585e-11ee-b971-08c0eb32008b,6.0
2025-11-03,f4fd243d-2e36-11ef-b973-08c0eb32008b,0.0
2025-11-10,f4fd243d-2e36-11ef-b973-08c0eb32008b,0.0
2025-11-17,f4fd243d-2e36-11ef-b973-08c0eb32008b,0.0
2025-11-03,f5699ecb-bf7f-11ee-b973-08c0eb32008b,4.0
2025-11-10,f5699ecb-bf7f-11ee-b973-08c0eb32008b,5.0
2025-11-17,f5699ecb-bf7f-11ee-b973-08c0eb32008b,3.0
2025-11-03,f57d4f61-4ede-11eb-85a3-1c34dae33151,3.0
2025-11-10,f57d4f61-4ede-11eb-85a3-1c34dae33151,2.0
2025-11-17,f57d4f61-4ede-11eb-85a3-1c34dae33151,2.0
2025-11-03,f58a5f30-d001-11ea-b7de-0050560306e1,1.0
2025-11-10,f58a5f30-d001-11ea-b7de-0050560306e1,4.0
2025-11-17,f58a5f30-d001-11ea-b7de-0050560306e1,6.0
2025-11-03,f59846a1-bc41-11ee-b973-08c0eb32008b,2.0
2025-11-10,f59846a1-bc41-11ee-b973-08c0eb32008b,3.0
2025-11-17,f59846a1-bc41-11ee-b973-08c0eb32008b,1.0
2025-11-03,f5aa53b7-dfcf-11ef-a5c9-7cc255b74513,1.0
2025-11-10,f5aa53b7-dfcf-11ef-a5c9-7cc255b74513,2.0
2025-11-17,f5aa53b7-dfcf-11ef-a5c9-7cc255b74513,0.0
2025-11-03,f5be3f54-5e03-11ee-b971-08c0eb32008b,0.0
2025-11-10,f5be3f54-5e03-11ee-b971-08c0eb32008b,0.0
2025-11-17,f5be3f54-5e03-11ee-b971-08c0eb32008b,0.0
2025-11-03,f63cdaaf-bbab-11ef-a97a-be3af2b6059f,0.0
2025-11-10,f63cdaaf-bbab-11ef-a97a-be3af2b6059f,0.0
2025-11-17,f63cdaaf-bbab-11ef-a97a-be3af2b6059f,0.0
2025-11-03,f69e0e84-a81c-11eb-85a9-1c34dae33151,2.0
2025-11-10,f69e0e84-a81c-11eb-85a9-1c34dae33151,1.0
2025-11-17,f69e0e84-a81c-11eb-85a9-1c34dae33151,3.0
2025-11-03,f6a07736-a1cf-11ef-ae7a-08c0eb320147,0.0
2025-11-10,f6a07736-a1cf-11ef-ae7a-08c0eb320147,0.0
2025-11-17,f6a07736-a1cf-11ef-ae7a-08c0eb320147,0.0
2025-11-03,f6aee138-4d26-11f0-aa25-be3af2b6059f,8.0
2025-11-10,f6aee138-4d26-11f0-aa25-be3af2b6059f,6.0
2025-11-17,f6aee138-4d26-11f0-aa25-be3af2b6059f,12.0
2025-11-03,f6bcb7f7-202a-11f0-9bb2-be3af2b6059f,0.0
2025-11-10,f6bcb7f7-202a-11f0-9bb2-be3af2b6059f,0.0
2025-11-17,f6bcb7f7-202a-11f0-9bb2-be3af2b6059f,0.0
2025-11-03,f6cdc613-88b2-11f0-9bb2-be3af2b6059f,12.0
2025-11-10,f6cdc613-88b2-11f0-9bb2-be3af2b6059f,6.0
2025-11-17,f6cdc613-88b2-11f0-9bb2-be3af2b6059f,4.0
2025-11-03,f6f9e993-9122-11ef-b973-08c0eb32008b,3.0
2025-11-10,f6f9e993-9122-11ef-b973-08c0eb32008b,8.0
2025-11-17,f6f9e993-9122-11ef-b973-08c0eb32008b,7.0
2025-11-03,f708845f-e4ef-11ee-ae7a-08c0eb320147,0.0
2025-11-10,f708845f-e4ef-11ee-ae7a-08c0eb320147,0.0
2025-11-17,f708845f-e4ef-11ee-ae7a-08c0eb320147,1.0
2025-11-03,f7114dd3-c262-11ed-ae77-08c0eb320147,9.0
2025-11-10,f7114dd3-c262-11ed-ae77-08c0eb320147,7.0
2025-11-17,f7114dd3-c262-11ed-ae77-08c0eb320147,7.0
2025-11-03,f7177c10-bf61-11ee-b10b-08c0eb31fffb,2.0
2025-11-10,f7177c10-bf61-11ee-b10b-08c0eb31fffb,4.0
2025-11-17,f7177c10-bf61-11ee-b10b-08c0eb31fffb,3.0
2025-11-03,f72a1632-a945-11ea-9e08-0050560306e1,0.0
2025-11-10,f72a1632-a945-11ea-9e08-0050560306e1,0.0
2025-11-17,f72a1632-a945-11ea-9e08-0050560306e1,0.0
2025-11-03,f74c5f16-71bc-11ed-b96e-08c0eb32008b,0.0
2025-11-10,f74c5f16-71bc-11ed-b96e-08c0eb32008b,0.0
2025-11-17,f74c5f16-71bc-11ed-b96e-08c0eb32008b,4.0
2025-11-03,f74fc788-334d-11ec-85ad-1c34dae33151,3.0
2025-11-10,f74fc788-334d-11ec-85ad-1c34dae33151,1.0
2025-11-17,f74fc788-334d-11ec-85ad-1c34dae33151,0.0
2025-11-03,f780162b-156e-11f0-9bb2-be3af2b6059f,2.0
2025-11-10,f780162b-156e-11f0-9bb2-be3af2b6059f,3.0
2025-11-17,f780162b-156e-11f0-9bb2-be3af2b6059f,1.0
2025-11-03,f793a5b4-4a59-11ef-ae7a-08c0eb320147,1.0
2025-11-10,f793a5b4-4a59-11ef-ae7a-08c0eb320147,0.0
2025-11-17,f793a5b4-4a59-11ef-ae7a-08c0eb320147,0.0
2025-11-03,f7bba09b-35a5-11ec-a0ee-ec0d9a21b021,4.0
2025-11-10,f7bba09b-35a5-11ec-a0ee-ec0d9a21b021,5.0
2025-11-17,f7bba09b-35a5-11ec-a0ee-ec0d9a21b021,7.0
2025-11-03,f7f50b6e-b33b-11eb-85ab-1c34dae33151,0.0
2025-11-10,f7f50b6e-b33b-11eb-85ab-1c34dae33151,0.0
2025-11-17,f7f50b6e-b33b-11eb-85ab-1c34dae33151,0.0
2025-11-03,f8283a94-8d93-11ec-b967-08c0eb32008b,1.0
2025-11-10,f8283a94-8d93-11ec-b967-08c0eb32008b,2.0
2025-11-17,f8283a94-8d93-11ec-b967-08c0eb32008b,5.0
2025-11-03,f82a6e60-594f-11ee-b971-08c0eb32008b,0.0
2025-11-10,f82a6e60-594f-11ee-b971-08c0eb32008b,0.0
2025-11-17,f82a6e60-594f-11ee-b971-08c0eb32008b,0.0
2025-11-03,f83aefb1-35a9-11ec-a0ee-ec0d9a21b021,1.0
2025-11-10,f83aefb1-35a9-11ec-a0ee-ec0d9a21b021,3.0
2025-11-17,f83aefb1-35a9-11ec-a0ee-ec0d9a21b021,3.0
2025-11-03,f85c390f-859a-11ec-8856-08c0eb32014b,0.0
2025-11-10,f85c390f-859a-11ec-8856-08c0eb32014b,3.0
2025-11-17,f85c390f-859a-11ec-8856-08c0eb32014b,0.0
2025-11-03,f85f483c-5c0f-11ec-a0ee-ec0d9a21b021,2.0
2025-11-10,f85f483c-5c0f-11ec-a0ee-ec0d9a21b021,5.0
2025-11-17,f85f483c-5c0f-11ec-a0ee-ec0d9a21b021,2.0
2025-11-03,f87099f3-70c6-11ed-b107-08c0eb31fffb,0.0
2025-11-10,f87099f3-70c6-11ed-b107-08c0eb31fffb,0.0
2025-11-17,f87099f3-70c6-11ed-b107-08c0eb31fffb,0.0
2025-11-03,f88f8e0a-ac73-11ed-b970-08c0eb32008b,4.0
2025-11-10,f88f8e0a-ac73-11ed-b970-08c0eb32008b,2.0
2025-11-17,f88f8e0a-ac73-11ed-b970-08c0eb32008b,5.0
2025-11-03,f8962948-205a-11ec-a0ee-ec0d9a21b021,0.0
2025-11-10,f8962948-205a-11ec-a0ee-ec0d9a21b021,0.0
2025-11-17,f8962948-205a-11ec-a0ee-ec0d9a21b021,0.0
2025-11-03,f8b85cbc-952b-11ef-b973-08c0eb32008b,1.0
2025-11-10,f8b85cbc-952b-11ef-b973-08c0eb32008b,4.0
2025-11-17,f8b85cbc-952b-11ef-b973-08c0eb32008b,5.0
2025-11-03,f8da86d7-7764-11eb-85a3-1c34dae33151,1.0
2025-11-10,f8da86d7-7764-11eb-85a3-1c34dae33151,1.0
2025-11-17,f8da86d7-7764-11eb-85a3-1c34dae33151,2.0
2025-11-03,f8df2aac-c388-11ef-a97a-be3af2b6059f,3.0
2025-11-10,f8df2aac-c388-11ef-a97a-be3af2b6059f,8.0
2025-11-17,f8df2aac-c388-11ef-a97a-be3af2b6059f,6.0
2025-11-03,f8e689be-4b9b-11ec-85ad-1c34dae33151,2.0
2025-11-10,f8e689be-4b9b-11ec-85ad-1c34dae33151,4.0
2025-11-17,f8e689be-4b9b-11ec-85ad-1c34dae33151,6.0
2025-11-03,f908cb2e-52a6-11ec-85ad-1c34dae33151,7.0
2025-11-10,f908cb2e-52a6-11ec-85ad-1c34dae33151,6.0
2025-11-17,f908cb2e-52a6-11ec-85ad-1c34dae33151,7.0
2025-11-03,f95221da-eba5-11ea-8599-1c34dae33151,3.0
2025-11-10,f95221da-eba5-11ea-8599-1c34dae33151,7.0
2025-11-17,f95221da-eba5-11ea-8599-1c34dae33151,4.0
2025-11-03,f95776fc-8ea5-11ee-b10b-08c0eb31fffb,1.0
2025-11-10,f95776fc-8ea5-11ee-b10b-08c0eb31fffb,0.0
2025-11-17,f95776fc-8ea5-11ee-b10b-08c0eb31fffb,3.0
2025-11-03,f95ce406-a29c-11eb-85a9-1c34dae33151,0.0
2025-11-10,f95ce406-a29c-11eb-85a9-1c34dae33151,1.0
2025-11-17,f95ce406-a29c-11eb-85a9-1c34dae33151,0.0
2025-11-03,f967c8c5-3f8d-11f0-9bb2-be3af2b6059f,2.0
2025-11-10,f967c8c5-3f8d-11f0-9bb2-be3af2b6059f,3.0
2025-11-17,f967c8c5-3f8d-11f0-9bb2-be3af2b6059f,5.0
2025-11-03,f9b12d22-ffd1-11ef-a5c9-7cc255b74513,2.0
2025-11-10,f9b12d22-ffd1-11ef-a5c9-7cc255b74513,4.0
2025-11-17,f9b12d22-ffd1-11ef-a5c9-7cc255b74513,3.0
2025-11-03,f9bdb43f-1a9a-11ea-a231-0050560306e1,0.0
2025-11-10,f9bdb43f-1a9a-11ea-a231-0050560306e1,4.0
2025-11-17,f9bdb43f-1a9a-11ea-a231-0050560306e1,2.0
2025-11-03,f9c19ca3-738e-11ec-8856-08c0eb32014b,2.0
2025-11-10,f9c19ca3-738e-11ec-8856-08c0eb32014b,2.0
2025-11-17,f9c19ca3-738e-11ec-8856-08c0eb32014b,3.0
2025-11-03,f9d1db74-8bd5-11ea-aff3-0050560306e1,3.0
2025-11-10,f9d1db74-8bd5-11ea-aff3-0050560306e1,2.0
2025-11-17,f9d1db74-8bd5-11ea-aff3-0050560306e1,3.0
2024-04-29,f9eb29d4-f279-11ee-b10b-08c0eb31fffb,4.0
2024-05-06,f9eb29d4-f279-11ee-b10b-08c0eb31fffb,0.0
2024-05-13,f9eb29d4-f279-11ee-b10b-08c0eb31fffb,0.0
2024-05-20,f9eb29d4-f279-11ee-b10b-08c0eb31fffb,4.0
2024-05-27,f9eb29d4-f279-11ee-b10b-08c0eb31fffb,4.0
2024-06-03,f9eb29d4-f279-11ee-b10b-08c0eb31fffb,1.0
2024-06-10,f9eb29d4-f279-11ee-b10b-08c0eb31fffb,1.0
2024-06-17,f9eb29d4-f279-11ee-b10b-08c0eb31fffb,3.0
2024-06-24,f9eb29d4-f279-11ee-b10b-08c0eb31fffb,2.0
2024-07-01,f9eb29d4-f279-11ee-b10b-08c0eb31fffb,2.0
2024-07-08,f9eb29d4-f279-11ee-b10b-08c0eb31fffb,5.0
2024-07-15,f9eb29d4-f279-11ee-b10b-08c0eb31fffb,1.0
2024-07-22,f9eb29d4-f279-11ee-b10b-08c0eb31fffb,0.0
2024-07-29,f9eb29d4-f279-11ee-b10b-08c0eb31fffb,1.0
2024-08-05,f9eb29d4-f279-11ee-b10b-08c0eb31fffb,4.0
2024-08-12,f9eb29d4-f279-11ee-b10b-08c0eb31fffb,0.0
2024-08-19,f9eb29d4-f279-11ee-b10b-08c0eb31fffb,1.0
2024-08-26,f9eb29d4-f279-11ee-b10b-08c0eb31fffb,3.0
2024-09-02,f9eb29d4-f279-11ee-b10b-08c0eb31fffb,0.0
2024-09-09,f9eb29d4-f279-11ee-b10b-08c0eb31fffb,0.0
2024-09-16,f9eb29d4-f279-11ee-b10b-08c0eb31fffb,0.0
2024-09-23,f9eb29d4-f279-11ee-b10b-08c0eb31fffb,4.0
2024-09-30,f9eb29d4-f279-11ee-b10b-08c0eb31fffb,3.0
2024-10-07,f9eb29d4-f279-11ee-b10b-08c0eb31fffb,1.0
2024-10-14,f9eb29d4-f279-11ee-b10b-08c0eb31fffb,0.0
2024-10-21,f9eb29d4-f279-11ee-b10b-08c0eb31fffb,0.0
2024-10-28,f9eb29d4-f279-11ee-b10b-08c0eb31fffb,5.0
2024-11-04,f9eb29d4-f279-11ee-b10b-08c0eb31fffb,0.0
2024-11-11,f9eb29d4-f279-11ee-b10b-08c0eb31fffb,5.0
2024-11-18,f9eb29d4-f279-11ee-b10b-08c0eb31fffb,4.0
2024-11-25,f9eb29d4-f279-11ee-b10b-08c0eb31fffb,0.0
2024-12-02,f9eb29d4-f279-11ee-b10b-08c0eb31fffb,0.0
2024-12-09,f9eb29d4-f279-11ee-b10b-08c0eb31fffb,1.0
2024-12-16,f9eb29d4-f279-11ee-b10b-08c0eb31fffb,2.0
2024-12-23,f9eb29d4-f279-11ee-b10b-08c0eb31fffb,0.0
2024-12-30,f9eb29d4-f279-11ee-b10b-08c0eb31fffb,0.0
2025-01-06,f9eb29d4-f279-11ee-b10b-08c0eb31fffb,4.0
2025-01-13,f9eb29d4-f279-11ee-b10b-08c0eb31fffb,3.0
2025-01-20,f9eb29d4-f279-11ee-b10b-08c0eb31fffb,0.0
2025-01-27,f9eb29d4-f279-11ee-b10b-08c0eb31fffb,0.0
2025-02-03,f9eb29d4-f279-11ee-b10b-08c0eb31fffb,0.0
2025-02-10,f9eb29d4-f279-11ee-b10b-08c0eb31fffb,0.0
2025-02-17,f9eb29d4-f279-11ee-b10b-08c0eb31fffb,0.0
2025-02-24,f9eb29d4-f279-11ee-b10b-08c0eb31fffb,0.0
2025-03-03,f9eb29d4-f279-11ee-b10b-08c0eb31fffb,2.0
2025-03-10,f9eb29d4-f279-11ee-b10b-08c0eb31fffb,0.0
2025-03-17,f9eb29d4-f279-11ee-b10b-08c0eb31fffb,0.0
2025-03-24,f9eb29d4-f279-11ee-b10b-08c0eb31fffb,10.0
2025-03-31,f9eb29d4-f279-11ee-b10b-08c0eb31fffb,2.0
2025-04-07,f9eb29d4-f279-11ee-b10b-08c0eb31fffb,2.0
2025-04-14,f9eb29d4-f279-11ee-b10b-08c0eb31fffb,0.0
2025-04-21,f9eb29d4-f279-11ee-b10b-08c0eb31fffb,2.0
2025-04-28,f9eb29d4-f279-11ee-b10b-08c0eb31fffb,0.0
2025-05-05,f9eb29d4-f279-11ee-b10b-08c0eb31fffb,3.0
2025-05-12,f9eb29d4-f279-11ee-b10b-08c0eb31fffb,3.0
2025-05-19,f9eb29d4-f279-11ee-b10b-08c0eb31fffb,6.0
2025-05-26,f9eb29d4-f279-11ee-b10b-08c0eb31fffb,4.0
2025-06-02,f9eb29d4-f279-11ee-b10b-08c0eb31fffb,3.0
2025-06-09,f9eb29d4-f279-11ee-b10b-08c0eb31fffb,4.0
2025-06-16,f9eb29d4-f279-11ee-b10b-08c0eb31fffb,3.0
2025-06-23,f9eb29d4-f279-11ee-b10b-08c0eb31fffb,6.0
2025-06-30,f9eb29d4-f279-11ee-b10b-08c0eb31fffb,4.0
2025-07-07,f9eb29d4-f279-11ee-b10b-08c0eb31fffb,3.0
2025-07-14,f9eb29d4-f279-11ee-b10b-08c0eb31fffb,2.0
2025-07-21,f9eb29d4-f279-11ee-b10b-08c0eb31fffb,2.0
2025-07-28,f9eb29d4-f279-11ee-b10b-08c0eb31fffb,4.0
2025-08-04,f9eb29d4-f279-11ee-b10b-08c0eb31fffb,2.0
2025-08-11,f9eb29d4-f279-11ee-b10b-08c0eb31fffb,6.0
2025-08-18,f9eb29d4-f279-11ee-b10b-08c0eb31fffb,4.0
2025-08-25,f9eb29d4-f279-11ee-b10b-08c0eb31fffb,1.0
2025-09-01,f9eb29d4-f279-11ee-b10b-08c0eb31fffb,1.0
2025-09-08,f9eb29d4-f279-11ee-b10b-08c0eb31fffb,2.0
2025-09-15,f9eb29d4-f279-11ee-b10b-08c0eb31fffb,0.0
2025-09-22,f9eb29d4-f279-11ee-b10b-08c0eb31fffb,2.0
2025-09-29,f9eb29d4-f279-11ee-b10b-08c0eb31fffb,1.0
2025-10-06,f9eb29d4-f279-11ee-b10b-08c0eb31fffb,6.0
2025-10-13,f9eb29d4-f279-11ee-b10b-08c0eb31fffb,0.0
2025-10-20,f9eb29d4-f279-11ee-b10b-08c0eb31fffb,4.0
2025-10-27,f9eb29d4-f279-11ee-b10b-08c0eb31fffb,1.0
2025-11-03,fa1ecc2b-5955-11ed-885b-08c0eb32014b,0.0
2025-11-10,fa1ecc2b-5955-11ed-885b-08c0eb32014b,0.0
2025-11-17,fa1ecc2b-5955-11ed-885b-08c0eb32014b,0.0
2025-11-03,fa380944-48ef-11ea-8a1c-0050560306e1,2.0
2025-11-10,fa380944-48ef-11ea-8a1c-0050560306e1,2.0
2025-11-17,fa380944-48ef-11ea-8a1c-0050560306e1,2.0
2025-11-03,fa500024-43b7-11ed-b96c-08c0eb32008b,6.0
2025-11-10,fa500024-43b7-11ed-b96c-08c0eb32008b,5.0
2025-11-17,fa500024-43b7-11ed-b96c-08c0eb32008b,4.0
2025-11-03,fa540655-ad9b-11ef-8861-08c0eb32014b,3.0
2025-11-10,fa540655-ad9b-11ef-8861-08c0eb32014b,0.0
2025-11-17,fa540655-ad9b-11ef-8861-08c0eb32014b,0.0
2025-11-03,fa8cb57b-695d-11f0-a5cb-7cc255b74513,2.0
2025-11-10,fa8cb57b-695d-11f0-a5cb-7cc255b74513,6.0
2025-11-17,fa8cb57b-695d-11f0-a5cb-7cc255b74513,2.0
2025-11-03,fab3926f-77b9-11ec-ae6d-08c0eb320147,0.0
2025-11-10,fab3926f-77b9-11ec-ae6d-08c0eb320147,0.0
2025-11-17,fab3926f-77b9-11ec-ae6d-08c0eb320147,1.0
2025-11-03,fae955f9-8581-11eb-85a3-1c34dae33151,8.0
2025-11-10,fae955f9-8581-11eb-85a3-1c34dae33151,2.0
2025-11-17,fae955f9-8581-11eb-85a3-1c34dae33151,0.0
2025-11-03,fb2835eb-6587-11ed-ae75-08c0eb320147,3.0
2025-11-10,fb2835eb-6587-11ed-ae75-08c0eb320147,2.0
2025-11-17,fb2835eb-6587-11ed-ae75-08c0eb320147,0.0
2025-11-03,fb713060-57c3-11ee-b10a-08c0eb31fffb,5.0
2025-11-10,fb713060-57c3-11ee-b10a-08c0eb31fffb,8.0
2025-11-17,fb713060-57c3-11ee-b10a-08c0eb31fffb,5.0
2025-11-03,fb7b5af3-8c89-11ef-ae7a-08c0eb320147,0.0
2025-11-10,fb7b5af3-8c89-11ef-ae7a-08c0eb320147,2.0
2025-11-17,fb7b5af3-8c89-11ef-ae7a-08c0eb320147,3.0
2025-11-03,fbbfa6a5-2510-11f0-a97c-be3af2b6059f,0.0
2025-11-10,fbbfa6a5-2510-11f0-a97c-be3af2b6059f,0.0
2025-11-17,fbbfa6a5-2510-11f0-a97c-be3af2b6059f,1.0
2025-11-03,fbc42487-0094-11ef-b10b-08c0eb31fffb,1.0
2025-11-10,fbc42487-0094-11ef-b10b-08c0eb31fffb,2.0
2025-11-17,fbc42487-0094-11ef-b10b-08c0eb31fffb,2.0
2025-11-03,fbcb8809-6874-11f0-a5cb-7cc255b74513,3.0
2025-11-10,fbcb8809-6874-11f0-a5cb-7cc255b74513,4.0
2025-11-17,fbcb8809-6874-11f0-a5cb-7cc255b74513,3.0
2025-11-03,fbddd839-31b0-11ec-a0ee-ec0d9a21b021,0.0
2025-11-10,fbddd839-31b0-11ec-a0ee-ec0d9a21b021,6.0
2025-11-17,fbddd839-31b0-11ec-a0ee-ec0d9a21b021,2.0
2025-11-03,fbeaf0fa-9c51-11eb-85a9-1c34dae33151,5.0
2025-11-10,fbeaf0fa-9c51-11eb-85a9-1c34dae33151,3.0
2025-11-17,fbeaf0fa-9c51-11eb-85a9-1c34dae33151,4.0
2025-11-03,fbed1cc7-6652-11ed-b96e-08c0eb32008b,3.0
2025-11-10,fbed1cc7-6652-11ed-b96e-08c0eb32008b,3.0
2025-11-17,fbed1cc7-6652-11ed-b96e-08c0eb32008b,3.0
2025-11-03,fc008b9e-1f2d-11ef-8861-08c0eb32014b,2.0
2025-11-10,fc008b9e-1f2d-11ef-8861-08c0eb32014b,0.0
2025-11-17,fc008b9e-1f2d-11ef-8861-08c0eb32014b,2.0
2025-11-03,fc3665ff-2c1b-11ec-a0ee-ec0d9a21b021,3.0
2025-11-10,fc3665ff-2c1b-11ec-a0ee-ec0d9a21b021,0.0
2025-11-17,fc3665ff-2c1b-11ec-a0ee-ec0d9a21b021,2.0
2025-11-03,fc3e7e71-9f26-11ee-b10b-08c0eb31fffb,0.0
2025-11-10,fc3e7e71-9f26-11ee-b10b-08c0eb31fffb,3.0
2025-11-17,fc3e7e71-9f26-11ee-b10b-08c0eb31fffb,1.0
2025-11-03,fc42aa11-da55-11eb-85ad-1c34dae33151,0.0
2025-11-10,fc42aa11-da55-11eb-85ad-1c34dae33151,1.0
2025-11-17,fc42aa11-da55-11eb-85ad-1c34dae33151,0.0
2025-11-03,fc78934f-31bf-11ec-a0ee-ec0d9a21b021,0.0
2025-11-10,fc78934f-31bf-11ec-a0ee-ec0d9a21b021,0.0
2025-11-17,fc78934f-31bf-11ec-a0ee-ec0d9a21b021,0.0
2025-11-03,fcb5aad4-ac75-11ed-ae77-08c0eb320147,0.0
2025-11-10,fcb5aad4-ac75-11ed-ae77-08c0eb320147,0.0
2025-11-17,fcb5aad4-ac75-11ed-ae77-08c0eb320147,1.0
2025-11-03,fccafeaa-6171-11f0-a97c-be3af2b6059f,0.0
2025-11-10,fccafeaa-6171-11f0-a97c-be3af2b6059f,4.0
2025-11-17,fccafeaa-6171-11f0-a97c-be3af2b6059f,6.0
2025-11-03,fcf9ced3-582d-11ec-85ad-1c34dae33151,1.0
2025-11-10,fcf9ced3-582d-11ec-85ad-1c34dae33151,0.0
2025-11-17,fcf9ced3-582d-11ec-85ad-1c34dae33151,1.0
2025-11-03,fcfff8a3-0f47-11ee-ae78-08c0eb320147,2.0
2025-11-10,fcfff8a3-0f47-11ee-ae78-08c0eb320147,3.0
2025-11-17,fcfff8a3-0f47-11ee-ae78-08c0eb320147,5.0
2025-11-03,fd60c275-7c02-11eb-85a3-1c34dae33151,3.0
2025-11-10,fd60c275-7c02-11eb-85a3-1c34dae33151,2.0
2025-11-17,fd60c275-7c02-11eb-85a3-1c34dae33151,2.0
2025-11-03,fd707019-58b3-11ef-b10b-08c0eb31fffb,0.0
2025-11-10,fd707019-58b3-11ef-b10b-08c0eb31fffb,3.0
2025-11-17,fd707019-58b3-11ef-b10b-08c0eb31fffb,0.0
2025-11-03,fdd8c49a-89d0-11ee-ae7a-08c0eb320147,1.0
2025-11-10,fdd8c49a-89d0-11ee-ae7a-08c0eb320147,2.0
2025-11-17,fdd8c49a-89d0-11ee-ae7a-08c0eb320147,3.0
2025-11-03,fde2b8ce-71be-11ed-b96e-08c0eb32008b,1.0
2025-11-10,fde2b8ce-71be-11ed-b96e-08c0eb32008b,0.0
2025-11-17,fde2b8ce-71be-11ed-b96e-08c0eb32008b,1.0
2025-11-03,fdea38a7-5e77-11ed-ae75-08c0eb320147,0.0
2025-11-10,fdea38a7-5e77-11ed-ae75-08c0eb320147,1.0
2025-11-17,fdea38a7-5e77-11ed-ae75-08c0eb320147,2.0
2025-11-03,fdf440b5-f3de-11ed-ae78-08c0eb320147,7.0
2025-11-10,fdf440b5-f3de-11ed-ae78-08c0eb320147,3.0
2025-11-17,fdf440b5-f3de-11ed-ae78-08c0eb320147,4.0
2025-11-03,fe0b86fe-ac74-11ed-b109-08c0eb31fffb,3.0
2025-11-10,fe0b86fe-ac74-11ed-b109-08c0eb31fffb,4.0
2025-11-17,fe0b86fe-ac74-11ed-b109-08c0eb31fffb,8.0
2025-11-03,fe110e73-f8d9-11ee-b10b-08c0eb31fffb,1.0
2025-11-10,fe110e73-f8d9-11ee-b10b-08c0eb31fffb,0.0
2025-11-17,fe110e73-f8d9-11ee-b10b-08c0eb31fffb,0.0
2025-11-03,fe139b7e-1c55-11f0-a97c-be3af2b6059f,1.0
2025-11-10,fe139b7e-1c55-11f0-a97c-be3af2b6059f,1.0
2025-11-17,fe139b7e-1c55-11f0-a97c-be3af2b6059f,0.0
2025-11-03,fe42a652-86ae-11ed-885d-08c0eb32014b,0.0
2025-11-10,fe42a652-86ae-11ed-885d-08c0eb32014b,0.0
2025-11-17,fe42a652-86ae-11ed-885d-08c0eb32014b,0.0
2025-11-03,fe59e3a4-75e8-11ea-a214-0050560307be,1.0
2025-11-10,fe59e3a4-75e8-11ea-a214-0050560307be,0.0
2025-11-17,fe59e3a4-75e8-11ea-a214-0050560307be,4.0
2025-11-03,fe6b2090-9c28-11ef-b10b-08c0eb31fffb,0.0
2025-11-10,fe6b2090-9c28-11ef-b10b-08c0eb31fffb,0.0
2025-11-17,fe6b2090-9c28-11ef-b10b-08c0eb31fffb,0.0
2025-11-03,fe82d495-4947-11ec-a0ee-ec0d9a21b021,9.0
2025-11-10,fe82d495-4947-11ec-a0ee-ec0d9a21b021,13.0
2025-11-17,fe82d495-4947-11ec-a0ee-ec0d9a21b021,11.0
2025-11-03,fe97caa4-c01b-11ee-b973-08c0eb32008b,7.0
2025-11-10,fe97caa4-c01b-11ee-b973-08c0eb32008b,9.0
2025-11-17,fe97caa4-c01b-11ee-b973-08c0eb32008b,9.0
2025-11-03,fea28687-f02a-11ef-a5c9-7cc255b74513,1.0
2025-11-10,fea28687-f02a-11ef-a5c9-7cc255b74513,3.0
2025-11-17,fea28687-f02a-11ef-a5c9-7cc255b74513,3.0
2025-11-03,fece1ccb-70bf-11ed-b107-08c0eb31fffb,7.0
2025-11-10,fece1ccb-70bf-11ed-b107-08c0eb31fffb,5.0
2025-11-17,fece1ccb-70bf-11ed-b107-08c0eb31fffb,16.0
2025-11-03,fee5ed64-6d46-11eb-85a3-1c34dae33151,6.0
2025-11-10,fee5ed64-6d46-11eb-85a3-1c34dae33151,4.0
2025-11-17,fee5ed64-6d46-11eb-85a3-1c34dae33151,3.0
2025-11-03,feea8c53-8843-11ee-8861-08c0eb32014b,1.0
2025-11-10,feea8c53-8843-11ee-8861-08c0eb32014b,0.0
2025-11-17,feea8c53-8843-11ee-8861-08c0eb32014b,2.0
2025-11-03,feffcf40-96b3-11eb-85a9-1c34dae33151,1.0
2025-11-10,feffcf40-96b3-11eb-85a9-1c34dae33151,6.0
2025-11-17,feffcf40-96b3-11eb-85a9-1c34dae33151,5.0
2025-11-03,ff0547b9-f285-11ea-8599-1c34dae33151,1.0
2025-11-10,ff0547b9-f285-11ea-8599-1c34dae33151,1.0
2025-11-17,ff0547b9-f285-11ea-8599-1c34dae33151,0.0
2025-11-03,ff41802a-2195-11ef-b973-08c0eb32008b,0.0
2025-11-10,ff41802a-2195-11ef-b973-08c0eb32008b,0.0
2025-11-17,ff41802a-2195-11ef-b973-08c0eb32008b,0.0
2025-11-03,ff4bc29d-715c-11ed-b96e-08c0eb32008b,1.0
2025-11-10,ff4bc29d-715c-11ed-b96e-08c0eb32008b,2.0
2025-11-17,ff4bc29d-715c-11ed-b96e-08c0eb32008b,1.0
2025-11-03,ff55434c-800d-11eb-85a3-1c34dae33151,0.0
2025-11-10,ff55434c-800d-11eb-85a3-1c34dae33151,4.0
2025-11-17,ff55434c-800d-11eb-85a3-1c34dae33151,1.0
2025-11-03,ff62435c-8278-11f0-9bb2-be3af2b6059f,0.0
2025-11-10,ff62435c-8278-11f0-9bb2-be3af2b6059f,3.0
2025-11-17,ff62435c-8278-11f0-9bb2-be3af2b6059f,1.0
2025-11-03,ffc39ff7-2cbe-11ec-a0ee-ec0d9a21b021,2.0
2025-11-10,ffc39ff7-2cbe-11ec-a0ee-ec0d9a21b021,4.0
2025-11-17,ffc39ff7-2cbe-11ec-a0ee-ec0d9a21b021,2.0
2025-11-03,ffd9283f-50d7-11ef-b973-08c0eb32008b,2.0
2025-11-10,ffd9283f-50d7-11ef-b973-08c0eb32008b,3.0
2025-11-17,ffd9283f-50d7-11ef-b973-08c0eb32008b,0.0
